UTC,HARD_C,MEAN_H_E
2024-10-03 12:00:03,725,67.06359341129244
2024-10-03 12:00:11,165,71.99845099895771
2024-10-03 12:00:14,221,57.86121561367731
2024-10-03 12:00:17,174,53.69880938865348
2024-10-03 12:00:20,355,33.284628771854486
2024-10-03 12:00:24,110,76.29945346279429
2024-10-03 12:00:32,55,81.95453109496874
2024-10-03 12:01:23,344,60.51332379637325
2024-10-03 12:01:37,397,63.03755895812348
2024-10-03 12:01:46,292,66.6298999457491
2024-10-03 12:01:47,60,65.93862486366946
2024-10-03 12:01:53,38,62.95011668762381
2024-10-03 12:01:54,392,46.26921563609853
2024-10-03 12:02:00,417,56.787332590352
2024-10-03 12:02:01,24,43.59569125333747
2024-10-03 12:02:07,22,64.72381960202281
2024-10-03 12:02:08,358,61.21346476553061
2024-10-03 12:02:14,340,54.15197555758556
2024-10-03 12:02:15,71,50.00620905008801
2024-10-03 12:02:20,247,56.68726557004969
2024-10-03 12:02:21,167,48.463982050518254
2024-10-03 12:02:25,35,50.26067307380308
2024-10-03 12:02:27,354,44.61934364557746
2024-10-03 12:02:28,155,29.257717852682266
2024-10-03 12:02:30,292,42.08417083174471
2024-10-03 12:02:33,412,44.68739252186999
2024-10-03 12:02:35,380,39.69507870100786
2024-10-03 12:02:38,428,41.29650216067359
2024-10-03 12:02:41,277,45.820436613267354
2024-10-03 12:02:42,142,36.35329962370528
2024-10-03 12:02:45,224,42.22157313233654
2024-10-03 12:02:46,172,38.64540946034966
2024-10-03 12:02:47,340,51.67198330953145
2024-10-03 12:02:49,18,50.87398034805682
2024-10-03 12:02:53,308,56.34392426920601
2024-10-03 12:02:54,50,54.35429420293995
2024-10-03 12:02:59,299,46.952130341475616
2024-10-03 12:03:00,56,53.28461026719698
2024-10-03 12:03:03,386,45.91920151728993
2024-10-03 12:03:05,58,65.29841141787843
2024-10-03 12:03:11,352,67.93550493149338
2024-10-03 12:03:17,273,53.76238760517183
2024-10-03 12:03:19,112,75.98720842796806
2024-10-03 12:03:25,376,69.96742542344478
2024-10-03 12:03:31,350,58.220412066533456
2024-10-03 12:03:32,57,56.597135153595275
2024-10-03 12:03:39,331,71.26204437461196
2024-10-03 12:03:46,317,54.1210790360649
2024-10-03 12:03:47,84,49.588284349485036
2024-10-03 12:03:54,31,49.54481994428913
2024-10-03 12:03:57,370,61.70091417508997
2024-10-03 12:04:00,387,49.25948071355825
2024-10-03 12:04:03,22,61.839797553683326
2024-10-03 12:04:07,152,65.33258627107152
2024-10-03 12:04:08,199,65.62039621077714
2024-10-03 12:04:16,376,67.19807864068588
2024-10-03 12:04:23,438,56.760759336269594
2024-10-03 12:04:32,416,60.893837750753995
2024-10-03 12:04:39,323,65.46932357159156
2024-10-03 12:04:47,381,67.47821843791412
2024-10-03 12:04:56,38,47.05718267288744
2024-10-03 12:04:57,351,70.34561586522152
2024-10-03 12:05:02,342,52.48679396758622
2024-10-03 12:05:03,60,63.251673523807725
2024-10-03 12:05:10,389,67.25405943126576
2024-10-03 12:05:18,399,65.2652422528185
2024-10-03 12:05:26,407,62.90755776924756
2024-10-03 12:05:33,74,63.56530567381001
2024-10-03 12:05:35,341,58.11414778195438
2024-10-03 12:05:41,340,60.243589636704556
2024-10-03 12:05:42,85,48.32667799129907
2024-10-03 12:05:50,337,69.24950170542854
2024-10-03 12:05:58,347,66.76369452069174
2024-10-03 12:06:06,392,67.36420695399067
2024-10-03 12:06:14,334,66.99869485308135
2024-10-03 12:06:21,42,67.33968355763241
2024-10-03 12:06:22,301,64.55525952384635
2024-10-03 12:06:29,384,63.028374413056774
2024-10-03 12:06:30,34,79.06940447622483
2024-10-03 12:06:36,401,58.45525970987876
2024-10-03 12:06:44,382,68.35253790488508
2024-10-03 12:06:52,306,66.2141374013635
2024-10-03 12:06:53,104,62.99414056510022
2024-10-03 12:07:00,347,50.28130846473854
2024-10-03 12:07:01,95,72.81602626186127
2024-10-03 12:07:08,452,59.0463146405509
2024-10-03 12:07:15,353,61.137363191305255
2024-10-03 12:07:16,64,59.20778196282115
2024-10-03 12:07:23,387,62.67496846587014
2024-10-03 12:07:31,33,55.414272138088435
2024-10-03 12:07:32,384,59.60370590822627
2024-10-03 12:07:40,373,58.54617813056401
2024-10-03 12:07:41,92,58.392666072277486
2024-10-03 12:07:44,169,41.14128840616032
2024-10-03 12:07:46,270,62.43517886830876
2024-10-03 12:07:52,388,64.78303186460585
2024-10-03 12:08:00,337,73.9192306820125
2024-10-03 12:08:08,293,72.03151824006022
2024-10-03 12:08:09,51,73.53282221301458
2024-10-03 12:08:16,385,65.38510413867303
2024-10-03 12:08:25,389,62.448265422790186
2024-10-03 12:08:32,366,63.050818883937936
2024-10-03 12:08:40,92,75.3761809875298
2024-10-03 12:08:41,250,66.65770668081136
2024-10-03 12:08:49,403,65.1577675894842
2024-10-03 12:08:56,417,58.73304263700665
2024-10-03 12:09:03,419,64.22748161505092
2024-10-03 12:09:10,393,59.696025308674706
2024-10-03 12:09:19,332,68.45595993199623
2024-10-03 12:09:27,321,67.61881791866894
2024-10-03 12:09:35,351,72.90325518931157
2024-10-03 12:09:43,371,61.39240796233362
2024-10-03 12:09:49,364,56.7252650245282
2024-10-03 12:09:50,13,54.223654601552774
2024-10-03 12:09:58,351,63.195639753061606
2024-10-03 12:10:05,276,63.41721660462107
2024-10-03 12:10:08,93,63.537566809676825
2024-10-03 12:10:12,166,44.30461618273483
2024-10-03 12:10:13,245,46.176038643839476
2024-10-03 12:10:19,341,67.78238984611579
2024-10-03 12:10:21,11,69.95761664090156
2024-10-03 12:10:26,37,49.698498016291204
2024-10-03 12:10:28,380,45.67136945359548
2024-10-03 12:10:32,334,59.393618047679006
2024-10-03 12:10:33,96,55.98712298519758
2024-10-03 12:10:40,321,59.3878486137608
2024-10-03 12:10:41,55,51.66879515331977
2024-10-03 12:10:48,409,54.75838519904426
2024-10-03 12:10:54,390,57.89205150350284
2024-10-03 12:11:01,416,57.676490712555044
2024-10-03 12:11:08,46,70.3809787336224
2024-10-03 12:11:09,301,56.90848314122346
2024-10-03 12:11:16,319,67.30655495334102
2024-10-03 12:11:22,94,72.9058963162433
2024-10-03 12:11:23,267,48.88716804772139
2024-10-03 12:11:28,114,65.15462329903342
2024-10-03 12:11:29,281,54.456717997875344
2024-10-03 12:11:35,385,65.61371693535979
2024-10-03 12:11:43,91,71.68794227669376
2024-10-03 12:11:44,247,61.69278968360555
2024-10-03 12:11:51,38,66.0784586865522
2024-10-03 12:11:52,323,56.7089373537658
2024-10-03 12:11:58,157,55.97948617203487
2024-10-03 12:11:59,191,59.039846706528145
2024-10-03 12:12:05,28,59.05097246807948
2024-10-03 12:12:06,304,63.00635475859093
2024-10-03 12:12:12,400,54.630546045336175
2024-10-03 12:12:18,43,69.02746779734053
2024-10-03 12:12:21,291,61.045594832736214
2024-10-03 12:12:25,322,50.05965851076747
2024-10-03 12:12:26,69,57.83643435300732
2024-10-03 12:12:31,102,71.22143722231618
2024-10-03 12:12:32,205,71.21340770554151
2024-10-03 12:12:39,348,58.171891483752695
2024-10-03 12:12:44,325,60.67357003415438
2024-10-03 12:12:51,89,58.39790250725631
2024-10-03 12:12:52,178,68.83559216841418
2024-10-03 12:12:57,212,60.05656413799864
2024-10-03 12:12:59,89,68.7065334123523
2024-10-03 12:13:04,70,77.38177590789907
2024-10-03 12:13:05,264,51.45154361381852
2024-10-03 12:13:08,97,30.700706530700344
2024-10-03 12:13:09,305,48.65527853060971
2024-10-03 12:13:12,321,48.23448277217375
2024-10-03 12:13:16,113,42.600235853963284
2024-10-03 12:13:17,197,45.84567952279616
2024-10-03 12:13:20,349,39.116736180426244
2024-10-03 12:13:21,76,34.292543031117454
2024-10-03 12:13:23,257,45.416488413258726
2024-10-03 12:13:24,227,35.780112005148055
2024-10-03 12:13:25,227,39.94997059751499
2024-10-03 12:13:26,262,35.545299563727546
2024-10-03 12:13:28,651,35.017498283024615
2024-10-03 12:13:29,584,33.57439202492251
2024-10-03 12:13:30,431,33.5126887852233
2024-10-03 12:13:31,163,33.258182704633676
2024-10-03 12:13:32,1111,34.35918176307057
2024-10-03 12:13:33,413,35.4674150622846
2024-10-03 12:13:35,1318,33.99291019018142
2024-10-03 12:13:36,559,34.3417727326666
2024-10-03 12:13:37,712,34.143193461094796
2024-10-03 12:13:38,580,33.32712169299514
2024-10-03 12:13:39,691,33.88958900647001
2024-10-03 12:13:40,886,34.17450027293923
2024-10-03 12:13:41,898,34.3206500485906
2024-10-03 12:13:42,869,33.2446575105385
2024-10-03 12:13:43,882,32.9853379655653
2024-10-03 12:13:44,853,32.89198789544669
2024-10-03 12:13:45,998,34.94240663079101
2024-10-03 12:13:46,1252,33.76013882315372
2024-10-03 12:13:47,1386,32.74386623595094
2024-10-03 12:13:48,1363,33.219785859701815
2024-10-03 12:13:49,1741,32.77161719768022
2024-10-03 12:13:50,1008,32.301859287184364
2024-10-03 12:13:51,1064,32.72170299504372
2024-10-03 12:13:52,1263,33.4576602016428
2024-10-03 12:13:53,1280,32.88537292689691
2024-10-03 12:13:54,1364,32.496382862491295
2024-10-03 12:13:55,1781,32.06122607710654
2024-10-03 12:13:56,2333,33.00035133858029
2024-10-03 12:13:57,2348,33.62598500816721
2024-10-03 12:13:58,2807,33.56645918280296
2024-10-03 12:13:59,2827,33.21569019141215
2024-10-03 12:14:00,3779,33.59513058121567
2024-10-03 12:14:01,4820,34.5817003215547
2024-10-03 12:14:02,4905,34.37492268002084
2024-10-03 12:14:03,4378,34.20582177263046
2024-10-03 12:14:04,4808,34.433544045282765
2024-10-03 12:14:05,5910,34.2376111122775
2024-10-03 12:14:06,5856,34.89936406465355
2024-10-03 12:14:07,6540,34.53184555669417
2024-10-03 12:14:08,6313,34.59295168798482
2024-10-03 12:14:09,6328,33.92389092847379
2024-10-03 12:14:10,5828,33.63704019311367
2024-10-03 12:14:11,5712,33.84672455149916
2024-10-03 12:14:12,6430,34.1290035281293
2024-10-03 12:14:13,8951,35.54337148731813
2024-10-03 12:14:14,10069,35.77114881897019
2024-10-03 12:14:15,11513,35.400352713845216
2024-10-03 12:14:16,10283,35.08775241784953
2024-10-03 12:14:17,9398,34.868815400979315
2024-10-03 12:14:18,10268,34.7351330010604
2024-10-03 12:14:19,10290,34.91945852313401
2024-10-03 12:14:20,11840,35.06212737411474
2024-10-03 12:14:21,11798,34.71157572100609
2024-10-03 12:14:22,11874,34.682929879266304
2024-10-03 12:14:23,13394,34.91557304978772
2024-10-03 12:14:24,14307,35.24347460754339
2024-10-03 12:14:25,13807,35.25726924223621
2024-10-03 12:14:26,14414,35.377012066095595
2024-10-03 12:14:27,15433,35.794945699058474
2024-10-03 12:14:28,16564,36.51844754946811
2024-10-03 12:14:29,17696,36.13509344763447
2024-10-03 12:14:30,19037,36.53426619738591
2024-10-03 12:14:31,19638,36.789048144253265
2024-10-03 12:14:32,21685,36.88826071880869
2024-10-03 12:14:33,23954,37.55625924402975
2024-10-03 12:14:34,25472,37.78037747098484
2024-10-03 12:14:35,23863,37.385088591177144
2024-10-03 12:14:36,22513,36.993812762672135
2024-10-03 12:14:37,22420,36.61896342000486
2024-10-03 12:14:38,22764,36.608025248855476
2024-10-03 12:14:39,23845,36.29293494766101
2024-10-03 12:14:40,24086,36.29271995686914
2024-10-03 12:14:41,23791,36.185076357000966
2024-10-03 12:14:42,24365,36.45533935839331
2024-10-03 12:14:43,24843,36.91330929987826
2024-10-03 12:14:44,23968,36.47830190450369
2024-10-03 12:14:45,24490,36.5325652483685
2024-10-03 12:14:46,22464,36.31767249706847
2024-10-03 12:14:47,22100,35.72361923301837
2024-10-03 12:14:48,21959,35.57454789170081
2024-10-03 12:14:49,20381,35.217687433405935
2024-10-03 12:14:50,21691,34.83916689211641
2024-10-03 12:14:51,20073,34.968957700767334
2024-10-03 12:14:52,20296,34.521178122489545
2024-10-03 12:14:53,21203,34.85475944503324
2024-10-03 12:14:54,23502,35.176430510086846
2024-10-03 12:14:55,25323,35.404794956174314
2024-10-03 12:14:56,26062,35.39217936889729
2024-10-03 12:14:57,25008,35.351059100303786
2024-10-03 12:14:58,24773,34.85099597874533
2024-10-03 12:14:59,23862,34.51730710945463
2024-10-03 12:15:00,23221,34.34192146147519
2024-10-03 12:15:01,24062,34.69710900343396
2024-10-03 12:15:02,25100,34.986160587796576
2024-10-03 12:15:03,27285,35.48366741941736
2024-10-03 12:15:04,28349,35.71002110846903
2024-10-03 12:15:05,29815,35.89206452807821
2024-10-03 12:15:06,28887,35.75476460334751
2024-10-03 12:15:07,29529,35.612135871239
2024-10-03 12:15:08,28257,35.42119790768138
2024-10-03 12:15:09,28303,35.13989317043975
2024-10-03 12:15:10,28114,35.35909509432752
2024-10-03 12:15:11,28203,35.52097524172099
2024-10-03 12:15:12,28623,35.49867501530359
2024-10-03 12:15:13,27963,35.234213905291334
2024-10-03 12:15:14,27697,35.339688899565346
2024-10-03 12:15:15,26924,35.06368010413433
2024-10-03 12:15:16,26726,34.814599960975556
2024-10-03 12:15:17,26596,34.72623920348991
2024-10-03 12:15:18,25897,34.54803686807414
2024-10-03 12:15:19,27532,35.157145632364795
2024-10-03 12:15:20,30490,35.63346884558895
2024-10-03 12:15:21,31903,36.247870764964205
2024-10-03 12:15:22,33032,36.68355092038009
2024-10-03 12:15:23,32565,36.68987519157525
2024-10-03 12:15:24,33177,36.98250621927992
2024-10-03 12:15:25,33055,37.11984558139749
2024-10-03 12:15:26,34002,37.10509366298974
2024-10-03 12:15:27,32882,37.26012589729866
2024-10-03 12:15:28,32386,37.21829983446913
2024-10-03 12:15:29,30769,36.700099536358564
2024-10-03 12:15:30,29686,36.397085407086216
2024-10-03 12:15:31,28711,36.127913492997095
2024-10-03 12:15:32,27859,35.86406642028082
2024-10-03 12:15:33,27535,35.38201841125762
2024-10-03 12:15:34,26784,34.87730956489006
2024-10-03 12:15:35,26953,34.50031174735584
2024-10-03 12:15:36,27103,34.58138459843943
2024-10-03 12:15:37,27239,34.329991949209905
2024-10-03 12:15:38,26010,34.12344231075795
2024-10-03 12:15:39,25831,33.76903634035079
2024-10-03 12:15:40,25705,33.48771733077125
2024-10-03 12:15:41,24625,33.26818082743109
2024-10-03 12:15:42,23587,32.88516171774743
2024-10-03 12:15:43,24064,32.82854865567086
2024-10-03 12:15:44,23748,32.67040796281685
2024-10-03 12:15:45,23862,32.359911824836516
2024-10-03 12:15:46,23136,32.24305520516499
2024-10-03 12:15:47,24261,32.52256712331318
2024-10-03 12:15:48,23989,32.719301023668685
2024-10-03 12:15:49,24615,32.84041399929047
2024-10-03 12:15:50,25967,33.301310458534864
2024-10-03 12:15:51,27278,33.92884335655174
2024-10-03 12:15:52,27334,34.0190905132781
2024-10-03 12:15:53,28840,33.62872575761697
2024-10-03 12:15:54,35105,33.59707381236037
2024-10-03 12:15:55,25986,33.2596689537368
2024-10-03 12:15:56,24992,32.79334301384466
2024-10-03 12:15:57,24469,32.57461706542256
2024-10-03 12:15:58,24667,32.73640630551499
2024-10-03 12:15:59,24750,32.60397302061233
2024-10-03 12:16:00,25196,32.82724037518918
2024-10-03 12:16:01,15697,32.971611675038254
2024-10-03 12:16:02,263,31.72329751404825
2024-10-03 12:16:10,19243,34.48345728294508
2024-10-03 12:16:11,28750,34.86391136114988
2024-10-03 12:16:12,29889,35.53915045704041
2024-10-03 12:16:13,30115,35.94549020606206
2024-10-03 12:16:14,30487,36.03673653870379
2024-10-03 12:16:15,31139,36.20183243587915
2024-10-03 12:16:16,30843,36.454986355325936
2024-10-03 12:16:17,30296,36.01049305115461
2024-10-03 12:16:18,31256,36.07073679652272
2024-10-03 12:16:19,30615,35.31089358812595
2024-10-03 12:16:20,29638,35.05432466821311
2024-10-03 12:16:21,29355,34.99515391666683
2024-10-03 12:16:22,28592,34.973867764836676
2024-10-03 12:16:23,29330,35.00313150727786
2024-10-03 12:16:24,28509,34.70192062483335
2024-10-03 12:16:25,27210,34.28419406137835
2024-10-03 12:16:26,27242,33.8363937349619
2024-10-03 12:16:27,26582,33.80147396058826
2024-10-03 12:16:28,27210,33.44774534117005
2024-10-03 12:16:29,26238,33.473377336145035
2024-10-03 12:16:30,26790,33.18629427689155
2024-10-03 12:16:31,26471,33.31024047439755
2024-10-03 12:16:32,26121,33.280598337578695
2024-10-03 12:16:33,25013,33.288952447561705
2024-10-03 12:16:34,24024,33.18403154945264
2024-10-03 12:16:35,24199,33.07194138954862
2024-10-03 12:16:36,23711,33.08538864656275
2024-10-03 12:16:37,23855,32.889455873445726
2024-10-03 12:16:38,23376,32.75614781154333
2024-10-03 12:16:39,24154,32.71875065093002
2024-10-03 12:16:40,24448,32.94106772015659
2024-10-03 12:16:41,23936,32.94982661646457
2024-10-03 12:16:42,23494,32.928518425197524
2024-10-03 12:16:43,22136,32.33507707518069
2024-10-03 12:16:44,20512,31.80767518263837
2024-10-03 12:16:45,20661,31.712786898154143
2024-10-03 12:16:46,20312,31.460528595019518
2024-10-03 12:16:47,20049,31.214005901500627
2024-10-03 12:16:48,19682,31.040871673678723
2024-10-03 12:16:49,19426,30.649138164354465
2024-10-03 12:16:50,19462,30.46597670476085
2024-10-03 12:16:51,19561,30.46308531430095
2024-10-03 12:16:52,19906,30.384207711495787
2024-10-03 12:16:53,20028,30.15639682081855
2024-10-03 12:16:54,20527,30.480012133759573
2024-10-03 12:16:55,21510,30.789088742701527
2024-10-03 12:16:56,22423,31.067112873411624
2024-10-03 12:16:57,23566,31.432936466565984
2024-10-03 12:16:58,24119,31.686771962936657
2024-10-03 12:16:59,24715,32.220713806800674
2024-10-03 12:17:00,25393,32.703625010618154
2024-10-03 12:17:01,26214,33.07142337462797
2024-10-03 12:17:02,25737,33.214783153142406
2024-10-03 12:17:03,25123,33.387730877685215
2024-10-03 12:17:04,25946,33.863328817227924
2024-10-03 12:17:05,26421,34.11684548160693
2024-10-03 12:17:06,26471,34.14134086837467
2024-10-03 12:17:07,26343,34.14124032880394
2024-10-03 12:17:08,26307,34.61281549420345
2024-10-03 12:17:09,26710,34.75115527867367
2024-10-03 12:17:10,26961,35.18138513833444
2024-10-03 12:17:11,26801,35.45789210960547
2024-10-03 12:17:12,26699,35.3470459907417
2024-10-03 12:17:13,26795,35.512732955970726
2024-10-03 12:17:14,26923,35.2598637115709
2024-10-03 12:17:15,27176,35.24819452528096
2024-10-03 12:17:16,26823,35.001968067781455
2024-10-03 12:17:17,26505,34.92641110292232
2024-10-03 12:17:18,26997,35.01915993867677
2024-10-03 12:17:19,27318,35.09523295893083
2024-10-03 12:17:20,27595,34.74870013168119
2024-10-03 12:17:21,27469,34.75034230809874
2024-10-03 12:17:22,27540,34.74083142550317
2024-10-03 12:17:23,27476,34.284694426523934
2024-10-03 12:17:24,27172,34.070858092042535
2024-10-03 12:17:25,27058,33.79087599870802
2024-10-03 12:17:26,27076,33.616662763245046
2024-10-03 12:17:27,26827,33.70249320648605
2024-10-03 12:17:28,26098,33.52837857794799
2024-10-03 12:17:29,26252,33.08886043701467
2024-10-03 12:17:30,25906,32.613266104006975
2024-10-03 12:17:31,25588,32.44470455647054
2024-10-03 12:17:32,25315,32.13091531366584
2024-10-03 12:17:33,25362,32.04307962570796
2024-10-03 12:17:34,25400,31.949489828913205
2024-10-03 12:17:35,25503,31.898937268571295
2024-10-03 12:17:36,25446,31.804563003499357
2024-10-03 12:17:37,24862,31.572481063105943
2024-10-03 12:17:38,24568,31.39406816324453
2024-10-03 12:17:39,24380,31.336506889726017
2024-10-03 12:17:40,23848,30.818315656953704
2024-10-03 12:17:41,23487,30.682646796514423
2024-10-03 12:17:42,22859,30.467767572544275
2024-10-03 12:17:43,21914,30.227020894205126
2024-10-03 12:17:44,22304,29.71865031192423
2024-10-03 12:17:45,21505,29.549940069405288
2024-10-03 12:17:46,20958,29.48601683301488
2024-10-03 12:17:47,20971,29.55111826275224
2024-10-03 12:17:48,20888,29.557709058001322
2024-10-03 12:17:49,20512,29.400996056172207
2024-10-03 12:17:50,20853,29.368375909175935
2024-10-03 12:17:51,20704,29.202998817037262
2024-10-03 12:17:52,20723,29.370388069376098
2024-10-03 12:17:53,20714,29.320599017764987
2024-10-03 12:17:54,20495,29.356742183575065
2024-10-03 12:17:55,20570,29.365741427423792
2024-10-03 12:17:56,20288,29.421967535912348
2024-10-03 12:17:57,20575,29.449536731884898
2024-10-03 12:17:58,20445,29.422276439819647
2024-10-03 12:17:59,20202,29.378844281195565
2024-10-03 12:18:00,19888,29.333948896439555
2024-10-03 12:18:01,19783,29.559716491187064
2024-10-03 12:18:02,20054,29.479329822654606
2024-10-03 12:18:03,20161,29.59886886201972
2024-10-03 12:18:04,19926,29.677098237907742
2024-10-03 12:18:05,20812,29.711356997025884
2024-10-03 12:18:06,20239,29.63009965607801
2024-10-03 12:18:07,20179,29.75522811341888
2024-10-03 12:18:08,20252,29.729788551923463
2024-10-03 12:18:09,20143,29.75609557605791
2024-10-03 12:18:10,19866,29.73940503957942
2024-10-03 12:18:11,20031,29.71758702458915
2024-10-03 12:18:12,19931,29.768804430155097
2024-10-03 12:18:13,20007,29.733229520545567
2024-10-03 12:18:14,19771,29.671637595282526
2024-10-03 12:18:15,20115,29.654693413428774
2024-10-03 12:18:16,19494,29.639868818928527
2024-10-03 12:18:17,19135,29.68755327169461
2024-10-03 12:18:18,19480,29.738124518612935
2024-10-03 12:18:19,19078,29.89921741725998
2024-10-03 12:18:20,18797,29.69279904162842
2024-10-03 12:18:21,18416,29.68076908774469
2024-10-03 12:18:22,18141,29.717456971333007
2024-10-03 12:18:23,17998,29.53136343071606
2024-10-03 12:18:24,17555,29.59138206418705
2024-10-03 12:18:25,17603,29.47889434271382
2024-10-03 12:18:26,17357,29.532141969128887
2024-10-03 12:18:27,17271,29.25269188775477
2024-10-03 12:18:28,16837,29.1574610938526
2024-10-03 12:18:29,16691,29.150554693246175
2024-10-03 12:18:30,16231,29.049917207658662
2024-10-03 12:18:31,15655,28.934008078449647
2024-10-03 12:18:32,15808,28.85415641421017
2024-10-03 12:18:33,15362,28.680931986585772
2024-10-03 12:18:34,15192,28.568272457002394
2024-10-03 12:18:35,14815,28.516563245671527
2024-10-03 12:18:36,14544,28.516630351422588
2024-10-03 12:18:37,14595,28.349904587473212
2024-10-03 12:18:38,13860,28.40287020840547
2024-10-03 12:18:39,14408,28.42222948132545
2024-10-03 12:18:40,13694,28.427876903683572
2024-10-03 12:18:41,14300,28.31911660421586
2024-10-03 12:18:42,13803,28.531009972750834
2024-10-03 12:18:43,13721,28.316096910039434
2024-10-03 12:18:44,13374,28.29161793907766
2024-10-03 12:18:45,13097,28.300961470512835
2024-10-03 12:18:46,12863,28.147048699573453
2024-10-03 12:18:47,12719,28.241918395837594
2024-10-03 12:18:48,13206,28.229371701225862
2024-10-03 12:18:49,12407,28.217199615344153
2024-10-03 12:18:50,12648,28.132626556853356
2024-10-03 12:18:51,12073,28.101058912486003
2024-10-03 12:18:52,12028,28.014004063756712
2024-10-03 12:18:53,11940,27.928463313635813
2024-10-03 12:18:54,11820,27.97542266590239
2024-10-03 12:18:55,11702,28.04088380323893
2024-10-03 12:18:56,11760,28.27733153351766
2024-10-03 12:18:57,11491,28.15063834102904
2024-10-03 12:18:58,11414,28.1419057025688
2024-10-03 12:18:59,11766,28.135878850441276
2024-10-03 12:19:00,11675,28.212813097445537
2024-10-03 12:19:01,11484,28.34257527059008
2024-10-03 12:19:02,11730,28.29383345689057
2024-10-03 12:19:03,11506,28.55410174476447
2024-10-03 12:19:04,11610,28.559490961186142
2024-10-03 12:19:05,11462,28.539702181426772
2024-10-03 12:19:06,11578,28.665585192049566
2024-10-03 12:19:07,11210,28.67742798623629
2024-10-03 12:19:08,11249,28.7617730131608
2024-10-03 12:19:09,11373,28.614634014962487
2024-10-03 12:19:10,11197,28.663447536749764
2024-10-03 12:19:11,10906,28.612175623338075
2024-10-03 12:19:12,10754,28.747081393263198
2024-10-03 12:19:13,10406,28.57677925307495
2024-10-03 12:19:14,10702,28.815482982007858
2024-10-03 12:19:15,10296,28.71796020713976
2024-10-03 12:19:16,10076,28.740451503005804
2024-10-03 12:19:17,10031,28.782715057607163
2024-10-03 12:19:18,9648,28.599523238102925
2024-10-03 12:19:19,9946,28.7246176472486
2024-10-03 12:19:20,9699,28.470629532285706
2024-10-03 12:19:21,9692,28.519931568496347
2024-10-03 12:19:22,9484,28.686239766506784
2024-10-03 12:19:23,9511,28.63451023689886
2024-10-03 12:19:24,9251,28.611108171755404
2024-10-03 12:19:25,9287,28.725083574108076
2024-10-03 12:19:26,9223,28.335764887207915
2024-10-03 12:19:27,9265,28.422976326958967
2024-10-03 12:19:28,9113,28.57862763135952
2024-10-03 12:19:29,8929,28.384213129085765
2024-10-03 12:19:30,9059,28.34002997293627
2024-10-03 12:19:31,8648,28.25013235822757
2024-10-03 12:19:32,8607,28.11216357117777
2024-10-03 12:19:33,8403,28.076245013950352
2024-10-03 12:19:34,8330,28.188764704547
2024-10-03 12:19:35,8590,28.00784115645376
2024-10-03 12:19:36,7983,28.08449327969463
2024-10-03 12:19:37,7950,27.78821090285538
2024-10-03 12:19:38,7932,27.88111197225096
2024-10-03 12:19:39,7718,28.15480619556062
2024-10-03 12:19:40,7989,27.917625591817032
2024-10-03 12:19:41,7721,27.79715834277385
2024-10-03 12:19:42,7519,27.900674155821005
2024-10-03 12:19:43,6995,27.8090962937205
2024-10-03 12:19:44,7317,27.995691694708228
2024-10-03 12:19:45,7107,27.780716459681344
2024-10-03 12:19:46,7290,27.762153686518
2024-10-03 12:19:47,7088,27.85489048629248
2024-10-03 12:19:48,6920,27.679741057108796
2024-10-03 12:19:49,6741,27.947158206279436
2024-10-03 12:19:50,6903,27.775384935437117
2024-10-03 12:19:51,6778,27.808939235160796
2024-10-03 12:19:52,6688,27.908145740656508
2024-10-03 12:19:53,6580,27.868199690158644
2024-10-03 12:19:54,6438,27.835018907892593
2024-10-03 12:19:55,6346,27.841647373304045
2024-10-03 12:19:56,6290,27.944950353117402
2024-10-03 12:19:57,6073,27.755842573618143
2024-10-03 12:19:58,6143,28.067753098494403
2024-10-03 12:19:59,5832,27.602736274159707
2024-10-03 12:20:00,5853,27.994432251418687
2024-10-03 12:20:01,5734,27.653660279630632
2024-10-03 12:20:02,5705,27.95469451815451
2024-10-03 12:20:03,5670,27.922525737920342
2024-10-03 12:20:04,5527,27.75060178273153
2024-10-03 12:20:05,5502,27.98038666509652
2024-10-03 12:20:06,5603,28.28510812869125
2024-10-03 12:20:07,5346,28.278116572692372
2024-10-03 12:20:08,5178,27.9998075736361
2024-10-03 12:20:09,5135,27.940017954352058
2024-10-03 12:20:10,5154,27.93549371504719
2024-10-03 12:20:11,5105,27.6638715667871
2024-10-03 12:20:12,5053,27.660510620848807
2024-10-03 12:20:13,5152,27.745550668554966
2024-10-03 12:20:14,4949,27.705974601657307
2024-10-03 12:20:15,4754,27.674195355274495
2024-10-03 12:20:16,4594,28.019177746965248
2024-10-03 12:20:17,4631,27.52946013221919
2024-10-03 12:20:18,4689,27.680175499163514
2024-10-03 12:20:19,4446,27.48086371725582
2024-10-03 12:20:20,4415,27.327594041840264
2024-10-03 12:20:21,4424,27.617557831213293
2024-10-03 12:20:22,4591,27.600312537218297
2024-10-03 12:20:23,4302,27.252381011970463
2024-10-03 12:20:24,4305,27.604998007170153
2024-10-03 12:20:25,4211,27.243846274821188
2024-10-03 12:20:26,4320,27.205017965506098
2024-10-03 12:20:27,4164,27.414651460104817
2024-10-03 12:20:28,4002,27.407978122226393
2024-10-03 12:20:29,4164,27.30293691786771
2024-10-03 12:20:30,4064,27.24304692633525
2024-10-03 12:20:31,3952,27.268012484299124
2024-10-03 12:20:32,3861,27.003141922947655
2024-10-03 12:20:33,3812,27.220306971720433
2024-10-03 12:20:34,3913,27.325009368649596
2024-10-03 12:20:35,3832,27.191204034695193
2024-10-03 12:20:36,3735,27.099172438281716
2024-10-03 12:20:37,3604,27.2906304162121
2024-10-03 12:20:38,3577,27.426932049424444
2024-10-03 12:20:39,3532,27.268427900411265
2024-10-03 12:20:40,3635,27.26943593055118
2024-10-03 12:20:41,3395,27.18019674427135
2024-10-03 12:20:42,3362,27.45209606997167
2024-10-03 12:20:43,3305,27.291779897431606
2024-10-03 12:20:44,3245,27.173098313430508
2024-10-03 12:20:45,3481,27.204328325858484
2024-10-03 12:20:46,3341,27.379168460560404
2024-10-03 12:20:47,3385,27.52777111636492
2024-10-03 12:20:48,3363,27.4255494089227
2024-10-03 12:20:49,3282,27.401300393266926
2024-10-03 12:20:50,3348,27.39664060055431
2024-10-03 12:20:51,3462,27.629729668387924
2024-10-03 12:20:52,3327,27.715440788254917
2024-10-03 12:20:53,3305,28.06060988789504
2024-10-03 12:20:54,3247,27.92010932609938
2024-10-03 12:20:55,3244,27.90133874881378
2024-10-03 12:20:56,3457,28.046975151746768
2024-10-03 12:20:57,3237,28.022895285635567
2024-10-03 12:20:58,3201,27.798735992268554
2024-10-03 12:20:59,3208,27.788637119212762
2024-10-03 12:21:00,3145,27.923225708942795
2024-10-03 12:21:01,3046,27.76653125341407
2024-10-03 12:21:02,3148,28.05694686116961
2024-10-03 12:21:03,3119,27.784434090187172
2024-10-03 12:21:04,3026,27.877538739690998
2024-10-03 12:21:05,3109,28.119508726232496
2024-10-03 12:21:06,2830,27.93717025577917
2024-10-03 12:21:07,2806,27.715450433994874
2024-10-03 12:21:08,2855,28.0238353703287
2024-10-03 12:21:09,2806,27.65738599235853
2024-10-03 12:21:10,2817,27.870464425259268
2024-10-03 12:21:11,2956,28.034436389139934
2024-10-03 12:21:12,2845,27.759769743592667
2024-10-03 12:21:13,2740,28.00173199342517
2024-10-03 12:21:14,2787,27.7944629933199
2024-10-03 12:21:15,2723,28.04514019292748
2024-10-03 12:21:16,2621,28.009880568564977
2024-10-03 12:21:17,2825,28.06701381240756
2024-10-03 12:21:18,2688,27.967277215167684
2024-10-03 12:21:19,2740,27.84942368444806
2024-10-03 12:21:20,2685,27.791076151682653
2024-10-03 12:21:21,2588,27.940627344865028
2024-10-03 12:21:22,2573,28.186022576308066
2024-10-03 12:21:23,2623,28.090074074619732
2024-10-03 12:21:24,2804,28.071332046470552
2024-10-03 12:21:25,2604,27.798050990385658
2024-10-03 12:21:26,2548,28.336855463472
2024-10-03 12:21:27,2532,28.100349132560794
2024-10-03 12:21:28,2515,28.02044205327141
2024-10-03 12:21:29,2585,27.930217937521018
2024-10-03 12:21:30,2395,28.00820237575575
2024-10-03 12:21:31,2586,27.91396742678459
2024-10-03 12:21:32,2558,28.15679926479425
2024-10-03 12:21:33,2611,27.97540395253594
2024-10-03 12:21:34,2487,28.301705182975606
2024-10-03 12:21:35,2452,28.258813269955184
2024-10-03 12:21:36,2469,28.464571169411187
2024-10-03 12:21:37,2473,28.185005713368703
2024-10-03 12:21:38,2459,28.336410307591258
2024-10-03 12:21:39,2496,28.329200173318085
2024-10-03 12:21:40,2403,28.391397553978624
2024-10-03 12:21:41,2437,28.425446902074523
2024-10-03 12:21:42,2377,27.970099136475962
2024-10-03 12:21:43,2228,28.25223983459697
2024-10-03 12:21:44,2354,28.382782404501004
2024-10-03 12:21:45,2255,28.423029741164026
2024-10-03 12:21:46,2263,28.272061795706897
2024-10-03 12:21:47,2294,28.708779199895254
2024-10-03 12:21:48,2124,28.104715111573057
2024-10-03 12:21:49,2284,28.391839753308844
2024-10-03 12:21:50,2206,28.276919213400216
2024-10-03 12:21:51,2138,28.366508958138823
2024-10-03 12:21:52,2215,28.46649887545408
2024-10-03 12:21:53,1989,27.914730630208744
2024-10-03 12:21:54,2063,27.77072916489389
2024-10-03 12:21:55,2078,27.653630872933576
2024-10-03 12:21:56,2013,28.41553630048897
2024-10-03 12:21:57,1897,28.087027453777498
2024-10-03 12:21:58,1978,27.553120475072262
2024-10-03 12:21:59,1913,27.9864100607823
2024-10-03 12:22:00,1952,28.220892563816484
2024-10-03 12:22:01,1865,27.840482340386668
2024-10-03 12:22:02,1814,28.35142446179022
2024-10-03 12:22:03,1833,27.630336819877172
2024-10-03 12:22:04,1926,27.587880793896037
2024-10-03 12:22:05,1721,28.492917334006638
2024-10-03 12:22:06,1796,27.602867725191693
2024-10-03 12:22:07,1737,27.63477968139549
2024-10-03 12:22:08,1791,27.749668625002293
2024-10-03 12:22:09,1697,27.718275169241135
2024-10-03 12:22:10,1713,28.057964375192658
2024-10-03 12:22:11,1657,27.525182933528104
2024-10-03 12:22:12,1715,27.88027671720114
2024-10-03 12:22:13,1676,27.549341041146484
2024-10-03 12:22:14,1719,27.632047828098088
2024-10-03 12:22:15,1589,28.117601447397423
2024-10-03 12:22:16,1659,27.35158840888623
2024-10-03 12:22:17,1743,27.685064775616468
2024-10-03 12:22:18,1597,27.622984329234974
2024-10-03 12:22:19,1751,27.6484188571977
2024-10-03 12:22:20,1654,28.17399360560666
2024-10-03 12:22:21,1615,28.174661410587838
2024-10-03 12:22:22,1648,28.299781166011158
2024-10-03 12:22:23,1624,27.40566481838508
2024-10-03 12:22:24,1631,27.809541499476204
2024-10-03 12:22:25,1704,28.063542171570106
2024-10-03 12:22:26,1530,28.52063073027187
2024-10-03 12:22:27,1750,27.872825297795178
2024-10-03 12:22:28,1450,28.605681697399785
2024-10-03 12:22:29,1656,27.958496048200118
2024-10-03 12:22:30,1507,28.385323595585167
2024-10-03 12:22:31,1518,27.496191298314887
2024-10-03 12:22:32,1473,28.337224111211633
2024-10-03 12:22:33,1540,27.66156172350185
2024-10-03 12:22:34,1526,28.11034472381
2024-10-03 12:22:35,1451,28.139393834075957
2024-10-03 12:22:36,1448,28.195466649412953
2024-10-03 12:22:37,1612,27.66769846983432
2024-10-03 12:22:38,1452,28.092659936908955
2024-10-03 12:22:39,1415,28.033176393122286
2024-10-03 12:22:40,1403,27.533408134147255
2024-10-03 12:22:41,1457,28.3328069290285
2024-10-03 12:22:42,1470,28.130308091353044
2024-10-03 12:22:43,1454,28.573921642571698
2024-10-03 12:22:44,1434,29.00140998662377
2024-10-03 12:22:45,1556,28.177752931731607
2024-10-03 12:22:46,1430,28.397441522375296
2024-10-03 12:22:47,1394,28.538658831048743
2024-10-03 12:22:48,1419,28.66020126776726
2024-10-03 12:22:49,1468,28.570520616468226
2024-10-03 12:22:50,1317,28.95949517984768
2024-10-03 12:22:51,1412,28.97180182401407
2024-10-03 12:22:52,1341,28.64515577230513
2024-10-03 12:22:53,1428,28.707525857688648
2024-10-03 12:22:54,1433,27.77174685763301
2024-10-03 12:22:55,1340,28.78729855551627
2024-10-03 12:22:56,1237,28.24649570807752
2024-10-03 12:22:57,1328,28.753545716121963
2024-10-03 12:22:58,1320,28.375731423218507
2024-10-03 12:22:59,1301,27.983395687237124
2024-10-03 12:23:00,1198,27.818058686183658
2024-10-03 12:23:01,1339,28.55005406787448
2024-10-03 12:23:02,1203,28.10367756265966
2024-10-03 12:23:03,1251,28.598646462337513
2024-10-03 12:23:04,1238,28.592447114368568
2024-10-03 12:23:05,1240,28.699448377368157
2024-10-03 12:23:06,1120,28.887476971543258
2024-10-03 12:23:07,1251,28.289748783946095
2024-10-03 12:23:08,1066,28.678567010266466
2024-10-03 12:23:09,1108,28.14622519993045
2024-10-03 12:23:10,1143,29.021679960675822
2024-10-03 12:23:11,1095,28.821458933829543
2024-10-03 12:23:12,1116,27.9171282576492
2024-10-03 12:23:13,1138,28.3453018251495
2024-10-03 12:23:14,955,27.742949596857404
2024-10-03 12:23:15,1083,29.36415552780004
2024-10-03 12:23:16,1067,28.828273085084728
2024-10-03 12:23:17,1104,28.3915180939852
2024-10-03 12:23:18,980,28.294454534256055
2024-10-03 12:23:19,994,29.514871295327083
2024-10-03 12:23:20,1046,28.237711436092127
2024-10-03 12:23:21,1043,28.743504372541118
2024-10-03 12:23:22,1001,28.85081861764601
2024-10-03 12:23:23,1074,27.070365830786766
2024-10-03 12:23:24,979,27.827811261403774
2024-10-03 12:23:25,1109,28.367227867819807
2024-10-03 12:23:26,982,28.979887789347
2024-10-03 12:23:27,1060,28.3759431901204
2024-10-03 12:23:28,1122,29.3403063386338
2024-10-03 12:23:29,1024,27.970545829349682
2024-10-03 12:23:30,1022,28.02464300074399
2024-10-03 12:23:31,1026,28.81397318262148
2024-10-03 12:23:32,959,28.708344537744825
2024-10-03 12:23:33,1050,28.62672466745132
2024-10-03 12:23:34,1041,29.552756266264552
2024-10-03 12:23:35,1028,29.33948299698345
2024-10-03 12:23:36,1005,29.011097106044907
2024-10-03 12:23:37,1058,28.80002589439478
2024-10-03 12:23:38,1004,29.486914132446994
2024-10-03 12:23:39,1012,29.629379164253148
2024-10-03 12:23:40,947,29.749985820655905
2024-10-03 12:23:41,974,28.453156562027722
2024-10-03 12:23:42,873,28.354411812038588
2024-10-03 12:23:43,898,29.16743888162575
2024-10-03 12:23:44,831,29.24328231345269
2024-10-03 12:23:45,926,29.2458695889039
2024-10-03 12:23:46,928,29.492269157783767
2024-10-03 12:23:47,897,30.20632084923109
2024-10-03 12:23:48,845,29.253372896772476
2024-10-03 12:23:49,939,28.242746203627807
2024-10-03 12:23:50,875,29.319013127104597
2024-10-03 12:23:51,895,29.177503078149584
2024-10-03 12:23:52,807,29.610308660733857
2024-10-03 12:23:53,862,28.611680533069034
2024-10-03 12:23:54,831,28.457527025565476
2024-10-03 12:23:55,843,28.807929817816035
2024-10-03 12:23:56,821,29.25253985746508
2024-10-03 12:23:57,802,30.178071431462392
2024-10-03 12:23:58,772,27.901610513550654
2024-10-03 12:23:59,803,29.228149097205325
2024-10-03 12:24:00,837,28.515344680714026
2024-10-03 12:24:01,849,29.127609907477282
2024-10-03 12:24:02,729,28.45633806000593
2024-10-03 12:24:03,781,30.08717553334038
2024-10-03 12:24:04,883,28.10935784579232
2024-10-03 12:24:05,735,28.684891724118188
2024-10-03 12:24:06,780,29.082907630592324
2024-10-03 12:24:07,804,28.535637493303426
2024-10-03 12:24:08,811,29.38035921525064
2024-10-03 12:24:09,803,29.51595332972269
2024-10-03 12:24:10,785,31.064290294153405
2024-10-03 12:24:11,686,29.152887197083885
2024-10-03 12:24:12,752,29.710988366061766
2024-10-03 12:24:13,738,29.788758980043863
2024-10-03 12:24:14,819,29.2981679677646
2024-10-03 12:24:15,742,29.847068044029594
2024-10-03 12:24:16,665,28.677504680550598
2024-10-03 12:24:17,712,29.946460981866714
2024-10-03 12:24:18,701,29.995643062437015
2024-10-03 12:24:19,715,28.721154652718887
2024-10-03 12:24:20,651,28.363774423633842
2024-10-03 12:24:21,742,28.98859957453565
2024-10-03 12:24:22,738,29.64582487635619
2024-10-03 12:24:23,686,28.277946558596735
2024-10-03 12:24:24,641,29.327569794926237
2024-10-03 12:24:25,630,29.454732293619685
2024-10-03 12:24:26,655,29.463655869609592
2024-10-03 12:24:27,720,28.692654114975554
2024-10-03 12:24:28,615,29.333864588174954
2024-10-03 12:24:29,632,29.03579814868783
2024-10-03 12:24:30,641,29.298229138959318
2024-10-03 12:24:31,609,29.825565044145403
2024-10-03 12:24:32,710,30.033440967157954
2024-10-03 12:24:33,592,29.686253091037155
2024-10-03 12:24:34,579,29.448843902065374
2024-10-03 12:24:35,675,29.027705408083413
2024-10-03 12:24:36,626,29.630775853632777
2024-10-03 12:24:37,694,29.246393126527384
2024-10-03 12:24:38,509,31.537248982621723
2024-10-03 12:24:39,624,29.63149857017036
2024-10-03 12:24:40,609,29.32906089680645
2024-10-03 12:24:41,637,29.491248873582286
2024-10-03 12:24:42,610,29.107490280330435
2024-10-03 12:24:43,598,30.088485545039205
2024-10-03 12:24:44,600,29.502042992096097
2024-10-03 12:24:45,599,29.98176653408559
2024-10-03 12:24:46,565,29.364363735626977
2024-10-03 12:24:47,563,29.876066702310336
2024-10-03 12:24:48,627,30.375399083797298
2024-10-03 12:24:49,563,29.208981537926718
2024-10-03 12:24:50,584,30.310569363271124
2024-10-03 12:24:51,502,30.294439914727178
2024-10-03 12:24:52,596,30.497377058723167
2024-10-03 12:24:53,547,30.478206774332488
2024-10-03 12:24:54,528,30.5609420214139
2024-10-03 12:24:55,551,29.411212457059314
2024-10-03 12:24:56,565,32.3532905596303
2024-10-03 12:24:57,586,32.714022913342
2024-10-03 12:24:58,516,31.011057168033446
2024-10-03 12:24:59,479,30.21356533621051
2024-10-03 12:25:00,548,28.669073016467333
2024-10-03 12:25:01,429,32.71040832338143
2024-10-03 12:25:02,556,31.697819399142006
2024-10-03 12:25:03,479,29.511825830550915
2024-10-03 12:25:04,439,29.824106108163658
2024-10-03 12:25:05,445,30.50250596375681
2024-10-03 12:25:06,586,28.937469270413313
2024-10-03 12:25:07,441,29.75930267005061
2024-10-03 12:25:08,450,32.390482064903374
2024-10-03 12:25:09,477,29.954719728081905
2024-10-03 12:25:10,471,30.99072372255024
2024-10-03 12:25:11,477,29.417804063341013
2024-10-03 12:25:12,470,29.178430497894954
2024-10-03 12:25:13,429,31.41472718658094
2024-10-03 12:25:14,496,31.415872253301572
2024-10-03 12:25:15,424,30.84278813223394
2024-10-03 12:25:16,501,31.123649274955365
2024-10-03 12:25:17,432,32.38207942499484
2024-10-03 12:25:18,431,30.84476349236221
2024-10-03 12:25:19,408,31.008900912132017
2024-10-03 12:25:20,457,30.419015676484833
2024-10-03 12:25:21,440,31.676174346071285
2024-10-03 12:25:22,632,29.733356424423352
2024-10-03 12:25:23,549,30.239371877422276
2024-10-03 12:25:24,461,33.116622470670144
2024-10-03 12:25:25,369,30.561092400838003
2024-10-03 12:25:26,458,31.59458897694061
2024-10-03 12:25:27,504,29.761092886987292
2024-10-03 12:25:28,501,33.0205326298279
2024-10-03 12:25:29,359,31.378113280500582
2024-10-03 12:25:30,465,32.75510208896614
2024-10-03 12:25:31,426,32.126298062146475
2024-10-03 12:25:32,417,33.02070869284612
2024-10-03 12:25:33,446,31.69019906111535
2024-10-03 12:25:34,407,30.577245271081757
2024-10-03 12:25:35,405,31.956482742440883
2024-10-03 12:25:36,372,30.03599122859862
2024-10-03 12:25:37,427,31.584768415644202
2024-10-03 12:25:38,335,32.2075099707839
2024-10-03 12:25:39,346,32.409334289267186
2024-10-03 12:25:40,374,33.08352877746331
2024-10-03 12:25:41,367,32.055197250290284
2024-10-03 12:25:42,346,31.007742549065515
2024-10-03 12:25:43,407,31.40416260092516
2024-10-03 12:25:44,381,30.178419723412294
2024-10-03 12:25:45,344,34.460919262067044
2024-10-03 12:25:46,403,30.489647341142845
2024-10-03 12:25:47,356,32.08175982512281
2024-10-03 12:25:48,340,31.603852439302287
2024-10-03 12:25:49,319,31.397973635932384
2024-10-03 12:25:50,363,31.67535296851162
2024-10-03 12:25:51,359,32.549376725907024
2024-10-03 12:25:52,348,34.127591493173156
2024-10-03 12:25:53,288,32.91089032073879
2024-10-03 12:25:54,318,32.7474493688049
2024-10-03 12:25:55,358,30.876587956531438
2024-10-03 12:25:56,360,31.548816086999448
2024-10-03 12:25:57,335,32.56033382151422
2024-10-03 12:25:58,294,29.475509151861576
2024-10-03 12:25:59,287,33.86624428489643
2024-10-03 12:26:00,291,32.290163443393894
2024-10-03 12:26:01,303,33.56924749643198
2024-10-03 12:26:02,327,35.00676256305435
2024-10-03 12:26:03,279,31.151854870485305
2024-10-03 12:26:04,270,33.6644219829207
2024-10-03 12:26:05,263,31.969391178327353
2024-10-03 12:26:06,251,35.42203405978172
2024-10-03 12:26:07,318,32.49052837578641
2024-10-03 12:26:08,324,30.131681862327472
2024-10-03 12:26:09,291,30.15620075439352
2024-10-03 12:26:10,313,33.76112372666888
2024-10-03 12:26:11,287,30.924122190290234
2024-10-03 12:26:12,274,32.09292732557325
2024-10-03 12:26:13,333,34.44991770887603
2024-10-03 12:26:14,322,33.970155128846784
2024-10-03 12:26:15,293,36.66072870422227
2024-10-03 12:26:16,519,30.46545211558866
2024-10-03 12:26:17,274,32.39091400448268
2024-10-03 12:26:18,253,37.28594177207691
2024-10-03 12:26:19,310,32.743682057719816
2024-10-03 12:26:20,228,36.03800270385476
2024-10-03 12:26:21,370,32.27684799393707
2024-10-03 12:26:22,277,30.28887841324384
2024-10-03 12:26:23,343,36.22827043003555
2024-10-03 12:26:24,227,33.97443334460136
2024-10-03 12:26:25,280,33.11228452827723
2024-10-03 12:26:26,250,34.31353818039081
2024-10-03 12:26:27,277,31.65132000444639
2024-10-03 12:26:28,286,31.25346926673328
2024-10-03 12:26:29,259,30.464793049630398
2024-10-03 12:26:30,312,32.72988222280646
2024-10-03 12:26:31,260,33.301606028032765
2024-10-03 12:26:32,278,31.70642833014232
2024-10-03 12:26:33,293,33.52508700019146
2024-10-03 12:26:34,251,36.7307612751027
2024-10-03 12:26:35,330,33.853648998079095
2024-10-03 12:26:36,196,35.11786931502755
2024-10-03 12:26:37,231,34.48312969721168
2024-10-03 12:26:38,252,31.64310310262029
2024-10-03 12:26:39,249,32.4478045649301
2024-10-03 12:26:40,273,31.420483753239917
2024-10-03 12:26:41,242,33.31220944470593
2024-10-03 12:26:42,321,31.726176628224742
2024-10-03 12:26:43,174,35.31056088060495
2024-10-03 12:26:44,260,35.36045234504645
2024-10-03 12:26:45,226,35.458875796582944
2024-10-03 12:26:46,305,34.32003335151927
2024-10-03 12:26:47,193,31.245575655216534
2024-10-03 12:26:48,240,36.972929389379644
2024-10-03 12:26:49,215,36.6948790819482
2024-10-03 12:26:50,225,38.857235085497706
2024-10-03 12:26:51,262,36.248230167145685
2024-10-03 12:26:52,209,34.090989629266815
2024-10-03 12:26:53,216,32.891199360530265
2024-10-03 12:26:54,252,36.052947115225116
2024-10-03 12:26:55,205,32.670019822600466
2024-10-03 12:26:56,186,30.421657014411746
2024-10-03 12:26:57,236,36.49738397318446
2024-10-03 12:26:58,223,32.79431590007914
2024-10-03 12:26:59,258,35.57818313965142
2024-10-03 12:27:00,203,33.185721494288074
2024-10-03 12:27:01,214,31.431711773746166
2024-10-03 12:27:02,205,34.115721194902534
2024-10-03 12:27:03,212,33.84165776240164
2024-10-03 12:27:04,218,35.97974897113351
2024-10-03 12:27:05,359,32.561501055687025
2024-10-03 12:27:06,171,33.090477514493706
2024-10-03 12:27:07,208,32.67535327118536
2024-10-03 12:27:08,235,37.71385440728724
2024-10-03 12:27:09,173,36.621458970753146
2024-10-03 12:27:10,246,41.46130757998691
2024-10-03 12:27:11,192,34.18829114629637
2024-10-03 12:27:12,275,32.42192727583417
2024-10-03 12:27:13,176,34.75963440039346
2024-10-03 12:27:14,257,35.06349239355404
2024-10-03 12:27:15,226,32.91060279613624
2024-10-03 12:27:16,241,33.16954713342403
2024-10-03 12:27:17,118,34.49460426589581
2024-10-03 12:27:18,259,32.85717515217362
2024-10-03 12:27:19,225,34.11161190924053
2024-10-03 12:27:20,178,36.021224409551735
2024-10-03 12:27:21,185,34.48456892688236
2024-10-03 12:27:22,206,37.567468946294035
2024-10-03 12:27:23,181,35.32216673283471
2024-10-03 12:27:24,221,40.7241989561074
2024-10-03 12:27:25,170,40.125731266164955
2024-10-03 12:27:26,127,40.735953203042804
2024-10-03 12:27:27,183,38.05313836527511
2024-10-03 12:27:28,172,35.28610890528375
2024-10-03 12:27:29,187,35.52026867677553
2024-10-03 12:27:30,135,41.525915564922116
2024-10-03 12:27:31,202,34.97080194514481
2024-10-03 12:27:32,165,33.27293332937825
2024-10-03 12:27:33,282,34.30423203568553
2024-10-03 12:27:34,153,42.36883000562766
2024-10-03 12:27:35,178,40.234941644118834
2024-10-03 12:27:36,195,38.50496356320712
2024-10-03 12:27:37,138,42.836477111461555
2024-10-03 12:27:38,163,36.5478815806415
2024-10-03 12:27:39,160,34.73081249687605
2024-10-03 12:27:40,185,36.077447762705354
2024-10-03 12:27:41,182,35.48782294212977
2024-10-03 12:27:42,129,33.26175010471527
2024-10-03 12:27:43,164,39.84276440687653
2024-10-03 12:27:44,150,35.63902636399224
2024-10-03 12:27:45,128,35.44000015261771
2024-10-03 12:27:46,155,36.990453919312976
2024-10-03 12:27:47,208,39.17657787779485
2024-10-03 12:27:48,152,38.31396769469771
2024-10-03 12:27:49,111,39.718333320064225
2024-10-03 12:27:50,160,37.70690308880045
2024-10-03 12:27:51,194,39.168377961071386
2024-10-03 12:27:52,186,35.689714135749306
2024-10-03 12:27:53,145,39.54284118869389
2024-10-03 12:27:54,171,36.80687223766403
2024-10-03 12:27:55,154,36.46433308492724
2024-10-03 12:27:56,208,39.757596240119746
2024-10-03 12:27:57,281,32.42617572233441
2024-10-03 12:27:58,180,36.08942719998091
2024-10-03 12:27:59,183,38.911115177733286
2024-10-03 12:28:00,138,39.12551712760592
2024-10-03 12:28:01,135,40.08820574900164
2024-10-03 12:28:02,217,33.02768776334075
2024-10-03 12:28:03,153,34.97353362248427
2024-10-03 12:28:04,166,38.3641248875061
2024-10-03 12:28:05,167,35.748563307360165
2024-10-03 12:28:06,147,39.84249751091061
2024-10-03 12:28:07,157,37.27428969304325
2024-10-03 12:28:08,244,32.72155904385498
2024-10-03 12:28:09,196,36.02128059780088
2024-10-03 12:28:10,156,38.96898750648836
2024-10-03 12:28:11,153,36.040778874748646
2024-10-03 12:28:12,225,33.75539773595416
2024-10-03 12:28:13,138,39.84375723225788
2024-10-03 12:28:14,197,36.81928287059888
2024-10-03 12:28:15,147,42.59766387638203
2024-10-03 12:28:16,151,39.7610219367212
2024-10-03 12:28:17,174,37.98507813930971
2024-10-03 12:28:18,223,33.96705701076747
2024-10-03 12:28:19,199,36.087674549461234
2024-10-03 12:28:20,143,35.49203935303449
2024-10-03 12:28:21,185,37.67126519236371
2024-10-03 12:28:22,111,40.0466911977509
2024-10-03 12:28:23,184,35.45026473158091
2024-10-03 12:28:24,185,35.22049589758603
2024-10-03 12:28:25,159,41.17577391269546
2024-10-03 12:28:26,186,36.54066704870506
2024-10-03 12:28:27,166,33.79114539584846
2024-10-03 12:28:28,164,35.625258011129056
2024-10-03 12:28:29,139,43.45590257963349
2024-10-03 12:28:30,172,38.20282244022582
2024-10-03 12:28:31,154,39.7504130573113
2024-10-03 12:28:32,180,36.13784490475372
2024-10-03 12:28:33,135,39.56138453490234
2024-10-03 12:28:34,143,43.22739076268721
2024-10-03 12:28:35,150,35.26805340104945
2024-10-03 12:28:36,124,42.15861640001194
2024-10-03 12:28:37,146,42.13912883431822
2024-10-03 12:28:38,226,36.98055784943471
2024-10-03 12:28:39,81,37.854517703786655
2024-10-03 12:28:40,195,41.04916443604295
2024-10-03 12:28:41,158,40.42667701392576
2024-10-03 12:28:42,99,41.89400048363622
2024-10-03 12:28:43,115,39.5308292276936
2024-10-03 12:28:44,217,39.31684577351792
2024-10-03 12:28:45,102,34.17580817349938
2024-10-03 12:28:46,146,44.19752478947444
2024-10-03 12:28:47,122,49.44359779545254
2024-10-03 12:28:48,148,38.361770501270954
2024-10-03 12:28:49,130,43.73334109399286
2024-10-03 12:28:50,90,41.09652480581945
2024-10-03 12:28:51,163,40.866565691275625
2024-10-03 12:28:52,79,36.170583829184515
2024-10-03 12:28:53,169,40.7318884703106
2024-10-03 12:28:54,66,45.961518833528
2024-10-03 12:28:55,217,35.51243916333541
2024-10-03 12:28:56,144,37.49529800198258
2024-10-03 12:28:57,211,32.2703235221876
2024-10-03 12:28:58,181,39.49889860765441
2024-10-03 12:28:59,93,35.996528616215194
2024-10-03 12:29:00,189,40.32494819318084
2024-10-03 12:29:01,81,37.33596148005075
2024-10-03 12:29:02,140,40.311335059998214
2024-10-03 12:29:03,190,36.78041780748886
2024-10-03 12:29:04,110,37.115137324339976
2024-10-03 12:29:05,190,36.30019310583239
2024-10-03 12:29:06,80,42.39844402490495
2024-10-03 12:29:07,131,38.77301130385272
2024-10-03 12:29:08,66,38.96733109237155
2024-10-03 12:29:09,142,39.742667984415235
2024-10-03 12:29:10,137,41.917411820776174
2024-10-03 12:29:11,65,37.41602311995957
2024-10-03 12:29:12,118,40.364130166113604
2024-10-03 12:29:13,182,38.59759780583249
2024-10-03 12:29:14,93,37.602421044624
2024-10-03 12:29:15,120,36.771188679664036
2024-10-03 12:29:16,152,44.49072997929532
2024-10-03 12:29:17,147,39.379155926098
2024-10-03 12:29:18,79,44.975443289089206
2024-10-03 12:29:19,117,39.32908702406198
2024-10-03 12:29:20,141,33.95453544977204
2024-10-03 12:29:21,107,36.10536823076218
2024-10-03 12:29:22,70,40.23746803577216
2024-10-03 12:29:23,181,40.49711746690645
2024-10-03 12:29:24,101,39.28120194303831
2024-10-03 12:29:25,199,32.73103276957401
2024-10-03 12:29:26,189,37.38884241573512
2024-10-03 12:29:27,79,35.139989392477084
2024-10-03 12:29:28,282,37.581954244865685
2024-10-03 12:29:29,129,40.175632236193486
2024-10-03 12:29:30,206,34.116088197426755
2024-10-03 12:29:31,175,39.43829953553912
2024-10-03 12:29:32,125,39.95377107769453
2024-10-03 12:29:33,112,41.6512652328631
2024-10-03 12:29:34,97,39.99642829356558
2024-10-03 12:29:35,134,40.61753809282159
2024-10-03 12:29:36,92,35.35345530484049
2024-10-03 12:29:37,138,46.537773756485485
2024-10-03 12:29:38,234,35.39064517943089
2024-10-03 12:29:39,106,44.490889046677594
2024-10-03 12:29:40,133,36.0291499253819
2024-10-03 12:29:41,109,36.093452723297254
2024-10-03 12:29:42,154,40.113960549762545
2024-10-03 12:29:43,110,38.61252748457788
2024-10-03 12:29:44,107,41.04473629499275
2024-10-03 12:29:45,81,46.17913067925162
2024-10-03 12:29:46,175,37.03286188124048
2024-10-03 12:29:47,219,38.701292451980066
2024-10-03 12:29:48,129,37.043691272856
2024-10-03 12:29:49,127,44.391055927788074
2024-10-03 12:29:50,110,37.919244590793866
2024-10-03 12:29:51,80,42.109201525392855
2024-10-03 12:29:52,194,38.36121535059149
2024-10-03 12:29:53,99,39.95414523792418
2024-10-03 12:29:54,115,41.74597478535794
2024-10-03 12:29:55,170,46.84183185388332
2024-10-03 12:29:56,93,40.66287083620812
2024-10-03 12:29:57,94,49.87889997275381
2024-10-03 12:29:58,125,43.11286939658569
2024-10-03 12:29:59,148,42.769885505523476
2024-10-03 12:30:00,142,42.417222969593716
2024-10-03 12:30:01,41,43.42017893078031
2024-10-03 12:30:02,122,45.08628636156398
2024-10-03 12:30:03,163,37.771213813193484
2024-10-03 12:30:04,143,43.68572351138241
2024-10-03 12:30:05,83,49.21446382977095
2024-10-03 12:30:06,107,41.132989900832975
2024-10-03 12:30:07,147,45.31911269682383
2024-10-03 12:30:08,86,36.80500520386012
2024-10-03 12:30:09,91,36.718725444318935
2024-10-03 12:30:10,121,44.01387626766522
2024-10-03 12:30:11,111,40.885966753919256
2024-10-03 12:30:12,83,46.44644540392178
2024-10-03 12:30:13,121,39.08461883938313
2024-10-03 12:30:14,155,42.519046519874536
2024-10-03 12:30:15,105,46.47474135632234
2024-10-03 12:30:16,155,45.83777215140123
2024-10-03 12:30:17,108,42.75952440929479
2024-10-03 12:30:18,73,35.827395356648005
2024-10-03 12:30:19,82,47.23416919524654
2024-10-03 12:30:20,137,50.51170001447751
2024-10-03 12:30:21,91,41.97941872691328
2024-10-03 12:30:22,69,49.392005160535184
2024-10-03 12:30:23,144,42.21480131627816
2024-10-03 12:30:24,74,35.80351359504339
2024-10-03 12:30:25,69,47.12408462346404
2024-10-03 12:30:26,119,48.22063440121473
2024-10-03 12:30:27,52,40.815827691467184
2024-10-03 12:30:28,111,38.56443670045459
2024-10-03 12:30:29,169,38.63699551365628
2024-10-03 12:30:30,173,38.78252905908845
2024-10-03 12:30:31,68,49.125786516913635
2024-10-03 12:30:32,112,48.44845710461747
2024-10-03 12:30:33,118,36.30516732944608
2024-10-03 12:30:34,94,41.632110274904825
2024-10-03 12:30:35,101,47.15908917690953
2024-10-03 12:30:36,130,38.33359398445188
2024-10-03 12:30:37,146,44.32552348709559
2024-10-03 12:30:38,80,48.593815558936114
2024-10-03 12:30:39,83,51.2193879937177
2024-10-03 12:30:40,75,48.901350208805425
2024-10-03 12:30:41,92,46.94166519406443
2024-10-03 12:30:42,79,51.35146993878908
2024-10-03 12:30:43,90,48.31887996425985
2024-10-03 12:30:44,100,37.047701074278486
2024-10-03 12:30:45,76,49.640280054353
2024-10-03 12:30:46,99,42.84961101159108
2024-10-03 12:30:47,81,52.299896952681955
2024-10-03 12:30:48,119,49.822669338026266
2024-10-03 12:30:49,91,46.392306620577585
2024-10-03 12:30:50,75,46.348328276902464
2024-10-03 12:30:51,85,48.86091240842879
2024-10-03 12:30:52,55,44.31131715994291
2024-10-03 12:30:53,64,40.335778000374106
2024-10-03 12:30:54,124,56.67798471661333
2024-10-03 12:30:55,34,59.9548122086678
2024-10-03 12:30:56,93,47.11266524137628
2024-10-03 12:30:57,94,47.48152985614618
2024-10-03 12:30:58,103,56.016603939936225
2024-10-03 12:30:59,130,44.06489385516791
2024-10-03 12:31:00,72,41.46737900160739
2024-10-03 12:31:01,78,53.063735821850855
2024-10-03 12:31:02,72,53.73330326786566
2024-10-03 12:31:03,80,43.98911742647214
2024-10-03 12:31:04,77,40.594167823475246
2024-10-03 12:31:05,97,48.69098865863819
2024-10-03 12:31:06,88,51.131523571443225
2024-10-03 12:31:07,52,49.46596244115937
2024-10-03 12:31:08,90,45.10111369890732
2024-10-03 12:31:09,59,45.24557229789653
2024-10-03 12:31:10,56,54.57984930940102
2024-10-03 12:31:11,145,49.99849110386021
2024-10-03 12:31:12,31,75.6754404395307
2024-10-03 12:31:13,98,55.70092913440691
2024-10-03 12:31:14,127,43.64284065621113
2024-10-03 12:31:15,87,48.23374469369761
2024-10-03 12:31:16,99,48.28935584979227
2024-10-03 12:31:17,40,45.93903152801295
2024-10-03 12:31:18,82,48.28884320051967
2024-10-03 12:31:19,167,41.11955792920323
2024-10-03 12:31:20,91,47.4623529090922
2024-10-03 12:31:21,108,45.95954107572673
2024-10-03 12:31:22,19,51.552323259668505
2024-10-03 12:31:23,114,38.45347203210993
2024-10-03 12:31:24,140,47.204318170732755
2024-10-03 12:31:25,120,49.1235515364359
2024-10-03 12:31:26,101,38.931842407907
2024-10-03 12:31:27,80,56.89690123224566
2024-10-03 12:31:28,108,51.45236267013552
2024-10-03 12:31:29,79,45.76707868511186
2024-10-03 12:31:30,20,45.38108756686916
2024-10-03 12:31:31,129,44.58588231107599
2024-10-03 12:31:32,35,73.61905462811929
2024-10-03 12:31:33,51,50.975547979948864
2024-10-03 12:31:34,129,54.048467883131465
2024-10-03 12:31:35,42,54.17234285925736
2024-10-03 12:31:36,118,44.934925897621554
2024-10-03 12:31:37,75,40.24772547643967
2024-10-03 12:31:38,92,54.61468583985471
2024-10-03 12:31:39,43,68.05709789141869
2024-10-03 12:31:40,100,42.50452609619363
2024-10-03 12:31:41,74,54.7864765383384
2024-10-03 12:31:42,56,45.23737594256164
2024-10-03 12:31:43,79,56.92496398788489
2024-10-03 12:31:44,44,71.06647371905404
2024-10-03 12:31:45,110,45.85021956716661
2024-10-03 12:31:47,173,51.887578523404805
2024-10-03 12:31:49,173,42.15350054892222
2024-10-03 12:31:51,154,52.38807027303331
2024-10-03 12:31:53,135,46.99820277877304
2024-10-03 12:31:54,42,45.969166473873294
2024-10-03 12:31:55,121,51.42844754723933
2024-10-03 12:31:57,110,52.336563420717
2024-10-03 12:31:58,56,54.07609018200459
2024-10-03 12:31:59,206,38.3519999269674
2024-10-03 12:32:00,127,47.39640084843603
2024-10-03 12:32:02,235,45.41031759634459
2024-10-03 12:32:04,143,46.711273415276004
2024-10-03 12:32:05,43,46.27437470812797
2024-10-03 12:32:06,47,68.49231224369856
2024-10-03 12:32:07,67,65.9958904601812
2024-10-03 12:32:09,115,57.83692227674223
2024-10-03 12:32:10,69,53.8303982354362
2024-10-03 12:32:12,112,50.748265142045746
2024-10-03 12:32:13,67,46.99178744150803
2024-10-03 12:32:15,178,47.64341425726616
2024-10-03 12:32:16,61,49.78163293345351
2024-10-03 12:32:18,153,42.7707788508397
2024-10-03 12:32:19,166,36.873538059221715
2024-10-03 12:32:20,103,41.762744063047144
2024-10-03 12:32:21,58,53.608689267853954
2024-10-03 12:32:22,118,55.36706763995175
2024-10-03 12:32:23,76,50.013286984477
2024-10-03 12:32:24,11,68.43369905793992
2024-10-03 12:32:25,113,55.48295981827097
2024-10-03 12:32:26,58,54.09726874016325
2024-10-03 12:32:28,48,58.240938812507245
2024-10-03 12:32:29,155,60.33182477223402
2024-10-03 12:32:30,53,57.30911840015063
2024-10-03 12:32:31,19,67.84053276005376
2024-10-03 12:32:32,48,55.57674575798624
2024-10-03 12:32:33,167,59.60748883111618
2024-10-03 12:32:34,58,53.603088320153404
2024-10-03 12:32:35,43,60.61130919857845
2024-10-03 12:32:37,39,67.60867977828882
2024-10-03 12:32:38,104,50.31339135755448
2024-10-03 12:32:39,108,54.42446300557741
2024-10-03 12:32:41,104,62.221234426862154
2024-10-03 12:32:42,55,67.93148359545161
2024-10-03 12:32:43,49,64.23843362160756
2024-10-03 12:32:45,116,47.25570843346009
2024-10-03 12:32:46,120,53.365953053953426
2024-10-03 12:32:47,48,56.43815257017523
2024-10-03 12:32:48,63,53.51737105572616
2024-10-03 12:32:49,56,54.53388325978127
2024-10-03 12:32:51,90,52.559107512498684
2024-10-03 12:32:52,167,49.49661954703632
2024-10-03 12:32:53,71,49.739173977770484
2024-10-03 12:32:54,80,43.22622070050278
2024-10-03 12:32:55,69,47.164348021830136
2024-10-03 12:32:56,27,71.88310772312686
2024-10-03 12:32:57,32,45.627831117597424
2024-10-03 12:32:58,74,41.11843173030778
2024-10-03 12:32:59,78,41.90228042625418
2024-10-03 12:33:00,45,56.392384111231515
2024-10-03 12:33:01,104,49.77354437827526
2024-10-03 12:33:02,45,70.38154303786561
2024-10-03 12:33:03,60,42.938886219853416
2024-10-03 12:33:04,53,68.27644180004832
2024-10-03 12:33:05,43,67.93401853536388
2024-10-03 12:33:06,52,59.52695773053286
2024-10-03 12:33:07,42,67.16721626957265
2024-10-03 12:33:08,24,79.10919182685303
2024-10-03 12:33:09,83,59.872165307519516
2024-10-03 12:33:10,51,68.52987715132731
2024-10-03 12:33:11,78,43.169598780196324
2024-10-03 12:33:12,67,59.064777375637
2024-10-03 12:33:13,74,48.95148117692961
2024-10-03 12:33:14,52,71.06655890577817
2024-10-03 12:33:15,147,50.99614332215403
2024-10-03 12:33:16,95,50.778471575892425
2024-10-03 12:33:17,76,51.664547285739026
2024-10-03 12:33:18,74,47.99413420822069
2024-10-03 12:33:19,97,49.70536992711446
2024-10-03 12:33:20,60,56.04821918303415
2024-10-03 12:33:21,55,46.06574690869203
2024-10-03 12:33:23,58,57.02695304903955
2024-10-03 12:33:24,66,56.42409446378401
2024-10-03 12:33:25,7,64.47065044971819
2024-10-03 12:33:26,89,62.19222358483764
2024-10-03 12:33:27,41,62.399145631273214
2024-10-03 12:33:28,59,42.72413781711924
2024-10-03 12:33:29,56,62.06020769210645
2024-10-03 12:33:30,69,44.774606362752905
2024-10-03 12:33:31,98,45.69647707457479
2024-10-03 12:33:32,61,51.74476842846885
2024-10-03 12:33:33,68,50.9959636012532
2024-10-03 12:33:34,60,68.74662634585793
2024-10-03 12:33:35,96,46.04038487997903
2024-10-03 12:33:36,9,45.59461098779285
2024-10-03 12:33:37,36,71.26509840526155
2024-10-03 12:33:38,48,72.46118988585725
2024-10-03 12:33:40,64,71.43278670908313
2024-10-03 12:33:41,141,64.78639664433646
2024-10-03 12:33:42,83,51.34527273771921
2024-10-03 12:33:43,64,58.82673424495773
2024-10-03 12:33:45,48,59.954977129784766
2024-10-03 12:33:46,90,54.639826209250614
2024-10-03 12:33:47,47,55.492752526239556
2024-10-03 12:33:48,47,64.1237258994538
2024-10-03 12:33:49,20,77.75650241499471
2024-10-03 12:33:50,59,68.1076647760114
2024-10-03 12:33:52,133,53.97311301334045
2024-10-03 12:33:53,140,33.947405483616336
2024-10-03 12:33:54,55,65.38925631412522
2024-10-03 12:33:56,66,67.69333675554546
2024-10-03 12:33:57,63,61.5390437803222
2024-10-03 12:33:58,13,40.18152807547169
2024-10-03 12:33:59,125,67.05470744897808
2024-10-03 12:34:01,97,57.040803510309715
2024-10-03 12:34:02,5,118.53203797587032
2024-10-03 12:34:03,85,58.82330815052641
2024-10-03 12:34:04,117,67.81655855029453
2024-10-03 12:34:06,88,56.57821554548985
2024-10-03 12:34:07,64,66.0302778102902
2024-10-03 12:34:08,40,61.21895068871479
2024-10-03 12:34:09,5,45.360719352511424
2024-10-03 12:34:10,40,74.95465329905477
2024-10-03 12:34:11,117,49.97741970838463
2024-10-03 12:34:12,68,69.98631895385236
2024-10-03 12:34:14,72,50.07357924490416
2024-10-03 12:34:15,91,52.904570172578545
2024-10-03 12:34:16,77,58.987053490793436
2024-10-03 12:34:17,61,59.60694956574416
2024-10-03 12:34:18,16,43.58499807133607
2024-10-03 12:34:19,52,75.84860149110801
2024-10-03 12:34:20,88,56.54830821171776
2024-10-03 12:34:22,73,56.614330377953344
2024-10-03 12:34:23,90,59.841854925549775
2024-10-03 12:34:24,87,55.782744746843775
2024-10-03 12:34:26,108,48.79722898673672
2024-10-03 12:34:28,76,65.97344600115387
2024-10-03 12:34:29,104,54.79487489004082
2024-10-03 12:34:30,39,76.33380297173267
2024-10-03 12:34:31,11,34.97808105309432
2024-10-03 12:34:32,100,60.10327994464005
2024-10-03 12:34:33,88,49.538040631369135
2024-10-03 12:34:34,154,45.6260957645765
2024-10-03 12:34:36,40,63.38839487818545
2024-10-03 12:34:37,109,61.20733369463271
2024-10-03 12:34:40,182,53.7750345886546
2024-10-03 12:34:43,200,49.10328863433291
2024-10-03 12:34:46,174,56.23986946200891
2024-10-03 12:34:47,89,61.34879780150757
2024-10-03 12:34:48,11,63.07202619529815
2024-10-03 12:34:49,71,78.42702262045943
2024-10-03 12:34:51,28,40.32012272047284
2024-10-03 12:34:52,109,62.22866101729467
2024-10-03 12:34:53,88,54.17236499141077
2024-10-03 12:34:55,207,59.287453928076395
2024-10-03 12:34:57,3,42.417688439532384
2024-10-03 12:34:58,139,64.93729953744096
2024-10-03 12:34:59,2,56.659066089015994
2024-10-03 12:35:00,77,63.969182750723675
2024-10-03 12:35:01,4,54.34713825822361
2024-10-03 12:35:03,86,61.34877921609701
2024-10-03 12:35:04,53,61.95344291384158
2024-10-03 12:35:05,22,63.28046584540538
2024-10-03 12:35:06,145,39.18343256771227
2024-10-03 12:35:08,189,61.61135305258486
2024-10-03 12:35:10,128,58.62166774610404
2024-10-03 12:35:12,104,60.14836260257929
2024-10-03 12:35:13,87,64.06216628994684
2024-10-03 12:35:15,68,74.9350695459488
2024-10-03 12:35:16,98,48.281596370074574
2024-10-03 12:35:17,27,73.94401729098668
2024-10-03 12:35:18,42,39.87014625751576
2024-10-03 12:35:19,52,77.6350736896919
2024-10-03 12:35:20,10,74.43338344740303
2024-10-03 12:35:21,145,46.61727600938798
2024-10-03 12:35:22,120,59.52340975691735
2024-10-03 12:35:23,84,65.35717701220581
2024-10-03 12:35:25,5,70.12453757975281
2024-10-03 12:35:26,86,66.43030890792176
2024-10-03 12:35:27,97,40.96226263174074
2024-10-03 12:35:28,135,65.16393211685408
2024-10-03 12:35:30,104,45.12575705883303
2024-10-03 12:35:31,7,81.35686866907403
2024-10-03 12:35:32,121,61.65190592824936
2024-10-03 12:35:34,93,57.1880749553884
2024-10-03 12:35:36,115,51.966998213901654
2024-10-03 12:35:37,99,65.69533725762797
2024-10-03 12:35:39,112,58.56147866103292
2024-10-03 12:35:41,13,45.656513098687235
2024-10-03 12:35:42,171,62.10814576033035
2024-10-03 12:35:44,87,58.26840135150497
2024-10-03 12:35:46,100,66.62542100810738
2024-10-03 12:35:49,76,60.05973163434933
2024-10-03 12:35:51,146,60.00328889351192
2024-10-03 12:35:52,33,78.31115208391482
2024-10-03 12:35:54,107,53.76230344559822
2024-10-03 12:35:56,88,70.81538579597856
2024-10-03 12:35:58,90,65.88113012815691
2024-10-03 12:35:59,53,41.55895468173971
2024-10-03 12:36:00,133,48.771300630031774
2024-10-03 12:36:01,127,54.510787623551025
2024-10-03 12:36:03,16,33.511696521256
2024-10-03 12:36:04,88,57.08022073724776
2024-10-03 12:36:05,23,54.89955382872265
2024-10-03 12:36:06,139,41.667558192469485
2024-10-03 12:36:08,128,56.64636941162174
2024-10-03 12:36:10,111,65.64305456229307
2024-10-03 12:36:12,171,51.35135846918848
2024-10-03 12:36:13,26,54.61306626608387
2024-10-03 12:36:15,98,53.80013444261357
2024-10-03 12:36:16,30,63.49339251706727
2024-10-03 12:36:17,88,58.72448083230024
2024-10-03 12:36:19,15,45.95968314133973
2024-10-03 12:36:20,129,52.219128505138606
2024-10-03 12:36:21,129,47.43345906065172
2024-10-03 12:36:23,109,66.7039620012761
2024-10-03 12:36:26,98,67.13189330471127
2024-10-03 12:36:28,117,51.5126519025907
2024-10-03 12:36:30,113,62.7724222937832
2024-10-03 12:36:31,88,60.891156962454104
2024-10-03 12:36:32,29,77.86081985860264
2024-10-03 12:36:33,32,74.10143990538397
2024-10-03 12:36:34,102,53.01119366488113
2024-10-03 12:36:36,106,52.78914849620979
2024-10-03 12:36:38,102,73.10320504533401
2024-10-03 12:36:40,126,65.29695886370709
2024-10-03 12:36:42,126,50.48868363461428
2024-10-03 12:36:45,114,59.76459205537025
2024-10-03 12:36:47,140,45.8054722449078
2024-10-03 12:36:49,139,60.916681206536204
2024-10-03 12:36:52,96,60.1787246651429
2024-10-03 12:36:53,27,78.17875655087477
2024-10-03 12:36:54,91,61.05873321224359
2024-10-03 12:36:55,115,57.59262104930204
2024-10-03 12:36:58,136,49.70797922909281
2024-10-03 12:37:00,31,69.98593947631343
2024-10-03 12:37:01,93,60.16267542562296
2024-10-03 12:37:02,106,59.60549035181308
2024-10-03 12:37:04,132,45.96040891926907
2024-10-03 12:37:07,92,74.15520497177316
2024-10-03 12:37:09,87,53.98025491086091
2024-10-03 12:37:10,40,66.5614887527622
2024-10-03 12:37:11,103,56.85504963094996
2024-10-03 12:37:12,28,69.50571046834862
2024-10-03 12:37:13,99,55.26991586520235
2024-10-03 12:37:14,46,51.473975356621324
2024-10-03 12:37:16,70,48.068927757322236
2024-10-03 12:37:17,58,53.15068907460541
2024-10-03 12:37:18,309,34.247767374662516
2024-10-03 12:37:19,173,44.8304364199128
2024-10-03 12:37:21,8,76.68757762019388
2024-10-03 12:37:22,92,68.99512286428761
2024-10-03 12:37:24,120,63.38919787328052
2024-10-03 12:37:26,100,63.26704925064411
2024-10-03 12:37:29,13,66.48458253841386
2024-10-03 12:37:30,87,71.02340514119491
2024-10-03 12:37:31,111,67.5611219289937
2024-10-03 12:37:33,177,47.11573062404039
2024-10-03 12:37:35,75,52.35557181504678
2024-10-03 12:37:37,64,52.43972414944456
2024-10-03 12:37:38,91,73.68101600461769
2024-10-03 12:37:41,114,65.24153990559303
2024-10-03 12:37:43,164,49.07401516487591
2024-10-03 12:37:45,19,69.78217368993599
2024-10-03 12:37:46,70,55.61414044921412
2024-10-03 12:37:47,137,41.61000972414929
2024-10-03 12:37:48,48,74.34970680937961
2024-10-03 12:37:51,117,72.35463965748895
2024-10-03 12:37:52,124,70.17700332821718
2024-10-03 12:37:56,112,68.81192280664554
2024-10-03 12:37:57,127,62.0643768341554
2024-10-03 12:37:59,37,58.319712674633344
2024-10-03 12:38:00,101,53.507982001719796
2024-10-03 12:38:03,105,69.28677840488943
2024-10-03 12:38:05,146,52.22771069132097
2024-10-03 12:38:07,191,45.152382884884496
2024-10-03 12:38:10,148,57.2115895322965
2024-10-03 12:38:12,130,67.86369730908338
2024-10-03 12:38:16,161,59.0170993118836
2024-10-03 12:38:17,134,61.19320415436377
2024-10-03 12:38:21,119,68.96601344107802
2024-10-03 12:38:23,146,63.89834507772474
2024-10-03 12:38:25,119,64.93893712724613
2024-10-03 12:38:28,97,73.13848270496369
2024-10-03 12:38:29,25,69.73652068673344
2024-10-03 12:38:31,194,51.016391695052334
2024-10-03 12:38:33,70,56.88205386456835
2024-10-03 12:38:34,80,58.92687429845684
2024-10-03 12:38:35,95,60.656859098690916
2024-10-03 12:38:36,45,66.05428949316101
2024-10-03 12:38:38,137,64.0676170665683
2024-10-03 12:38:41,114,61.904535893463596
2024-10-03 12:38:42,12,48.810185260809696
2024-10-03 12:38:44,163,60.98656409666219
2024-10-03 12:38:47,138,57.02134514045087
2024-10-03 12:38:50,132,56.088548988775116
2024-10-03 12:38:52,163,47.05974888211384
2024-10-03 12:38:55,106,56.02176843521289
2024-10-03 12:38:56,53,45.39553463489445
2024-10-03 12:38:57,143,62.0520148805953
2024-10-03 12:39:01,152,57.457980379589394
2024-10-03 12:39:04,163,55.88246617858111
2024-10-03 12:39:05,59,61.06805143753528
2024-10-03 12:39:06,84,60.68773705630464
2024-10-03 12:39:08,119,71.38134129961726
2024-10-03 12:39:11,83,56.888519781659646
2024-10-03 12:39:12,93,59.24851136014467
2024-10-03 12:39:13,149,46.98321411332943
2024-10-03 12:39:14,13,71.160135485658
2024-10-03 12:39:17,153,61.70435271009599
2024-10-03 12:39:19,91,70.92211932951663
2024-10-03 12:39:20,37,70.92275449382927
2024-10-03 12:39:21,60,46.3684221960381
2024-10-03 12:39:23,134,47.3177046171888
2024-10-03 12:39:24,144,69.2756854814121
2024-10-03 12:39:28,141,62.22057438173859
2024-10-03 12:39:30,14,44.81471397391276
2024-10-03 12:39:31,132,60.63952754636806
2024-10-03 12:39:34,165,59.47326111993643
2024-10-03 12:39:37,18,65.33226022394919
2024-10-03 12:39:38,100,65.00802129125385
2024-10-03 12:39:39,100,57.612406313198555
2024-10-03 12:39:40,80,55.0327196644525
2024-10-03 12:39:42,61,69.62634186570396
2024-10-03 12:39:44,59,67.34909315810914
2024-10-03 12:39:46,120,58.39832946091623
2024-10-03 12:39:47,62,52.93385988585223
2024-10-03 12:39:48,290,39.23098463828328
2024-10-03 12:39:50,28,31.700181001082143
2024-10-03 12:39:51,165,58.08000706399251
2024-10-03 12:39:54,172,59.32559547503702
2024-10-03 12:39:57,138,67.8185777813357
2024-10-03 12:40:00,57,60.11515463094586
2024-10-03 12:40:01,84,68.72094960144968
2024-10-03 12:40:03,177,55.05251685336402
2024-10-03 12:40:06,114,45.71304086167416
2024-10-03 12:40:07,85,45.32612324868048
2024-10-03 12:40:09,140,61.5164977637041
2024-10-03 12:40:12,174,51.20058473949408
2024-10-03 12:40:15,165,60.13575213349229
2024-10-03 12:40:18,151,65.42432120167467
2024-10-03 12:40:22,131,61.05376054246676
2024-10-03 12:40:23,19,92.3602698996529
2024-10-03 12:40:26,164,66.70713510412823
2024-10-03 12:40:28,86,57.56353172090876
2024-10-03 12:40:29,102,64.52687661117035
2024-10-03 12:40:31,42,52.84134182287554
2024-10-03 12:40:32,215,37.90488742739732
2024-10-03 12:40:34,153,59.415495738567806
2024-10-03 12:40:37,96,70.79481433263778
2024-10-03 12:40:38,51,85.43415832100148
2024-10-03 12:40:41,146,66.36421034308702
2024-10-03 12:40:42,8,77.91960091766397
2024-10-03 12:40:44,199,53.343390547859684
2024-10-03 12:40:47,6,72.85419884774556
2024-10-03 12:40:49,121,68.18265152482219
2024-10-03 12:40:51,203,52.46499115585916
2024-10-03 12:40:54,217,53.743804072684455
2024-10-03 12:40:57,147,68.83695071188428
2024-10-03 12:40:58,20,35.745325480107844
2024-10-03 12:41:02,218,58.35798849047349
2024-10-03 12:41:03,75,49.98766566228635
2024-10-03 12:41:05,102,66.13614105274618
2024-10-03 12:41:07,163,60.40142735702544
2024-10-03 12:41:09,13,114.50725576420034
2024-10-03 12:41:11,183,66.6638384285381
2024-10-03 12:41:15,37,74.80765021163344
2024-10-03 12:41:16,141,67.29546520522494
2024-10-03 12:41:18,106,61.82015186172092
2024-10-03 12:41:20,102,49.972002641901476
2024-10-03 12:41:22,181,66.72792810129262
2024-10-03 12:41:26,159,63.28202682674827
2024-10-03 12:41:27,30,84.84161574456047
2024-10-03 12:41:30,28,70.12662660135295
2024-10-03 12:41:31,164,62.11825843533087
2024-10-03 12:41:34,177,62.718594171457404
2024-10-03 12:41:37,212,51.63463970886549
2024-10-03 12:41:40,183,43.73138835091186
2024-10-03 12:41:41,51,64.19624723501141
2024-10-03 12:41:45,242,56.68866091371561
2024-10-03 12:41:47,226,59.639705567277375
2024-10-03 12:41:52,197,59.88717537505965
2024-10-03 12:41:55,100,54.5517283428038
2024-10-03 12:41:56,113,60.09095201131357
2024-10-03 12:41:59,218,55.0364704043377
2024-10-03 12:42:02,98,47.86752503932602
2024-10-03 12:42:03,138,52.380241213432555
2024-10-03 12:42:06,171,62.462531021200846
2024-10-03 12:42:07,32,52.36372482601213
2024-10-03 12:42:10,188,57.27345553024882
2024-10-03 12:42:13,178,70.7494220442314
2024-10-03 12:42:18,86,58.7508344275442
2024-10-03 12:42:19,142,55.39340974804039
2024-10-03 12:42:21,305,46.34991974418251
2024-10-03 12:42:22,6,54.67943447783737
2024-10-03 12:42:25,219,61.519351504260364
2024-10-03 12:42:28,222,59.53232480149233
2024-10-03 12:42:32,141,56.50094145469885
2024-10-03 12:42:33,99,47.314535746067875
2024-10-03 12:42:36,197,59.221246162430326
2024-10-03 12:42:37,41,42.46484566985626
2024-10-03 12:42:41,178,57.23446236647096
2024-10-03 12:42:44,158,54.2358199500613
2024-10-03 12:42:45,56,72.77652592983257
2024-10-03 12:42:49,180,62.25708218164331
2024-10-03 12:42:50,35,63.701074213582864
2024-10-03 12:42:53,185,52.87884565630917
2024-10-03 12:42:54,63,56.043523901009365
2024-10-03 12:42:58,194,69.57327421338603
2024-10-03 12:43:01,126,70.14348445603044
2024-10-03 12:43:03,106,52.82554794910992
2024-10-03 12:43:04,333,42.60149598881018
2024-10-03 12:43:06,13,95.25841050758032
2024-10-03 12:43:09,191,72.16236693188338
2024-10-03 12:43:14,240,54.09738394127122
2024-10-03 12:43:17,14,54.66300309096981
2024-10-03 12:43:18,176,63.75937502568288
2024-10-03 12:43:21,121,46.78057610532319
2024-10-03 12:43:22,146,54.080794603025346
2024-10-03 12:43:26,190,63.36573578338865
2024-10-03 12:43:31,205,68.68885473165861
2024-10-03 12:43:35,132,58.521705801041925
2024-10-03 12:43:36,95,56.084249819736
2024-10-03 12:43:40,269,49.410858190830496
2024-10-03 12:43:41,9,46.48111873574543
2024-10-03 12:43:44,234,52.00921456629757
2024-10-03 12:43:47,193,64.55425670313444
2024-10-03 12:43:49,56,56.673219137822386
2024-10-03 12:43:52,242,75.92523476645734
2024-10-03 12:43:57,49,58.301995932285344
2024-10-03 12:43:58,166,58.314584461855254
2024-10-03 12:44:02,259,63.243875853920024
2024-10-03 12:44:06,201,66.3352995900039
2024-10-03 12:44:12,213,64.5477271956043
2024-10-03 12:44:16,34,71.11787423868495
2024-10-03 12:44:17,293,43.34272627415202
2024-10-03 12:44:20,302,55.8655962887283
2024-10-03 12:44:23,276,52.380219558085734
2024-10-03 12:44:27,144,51.946447138321815
2024-10-03 12:44:28,108,66.74973824429138
2024-10-03 12:44:32,14,57.25189455708518
2024-10-03 12:44:34,219,63.53666114007476
2024-10-03 12:44:37,262,52.273878496129065
2024-10-03 12:44:38,19,63.66083515654549
2024-10-03 12:44:43,261,70.12165402515936
2024-10-03 12:44:47,207,59.88912592712368
2024-10-03 12:44:52,28,70.67748100285017
2024-10-03 12:44:53,242,60.801532704973894
2024-10-03 12:44:57,276,57.53453234031291
2024-10-03 12:45:00,160,53.1352812596326
2024-10-03 12:45:01,142,50.72743411368026
2024-10-03 12:45:06,260,59.80324276466118
2024-10-03 12:45:11,171,53.35964276720429
2024-10-03 12:45:13,97,73.75103891511986
2024-10-03 12:45:16,197,55.624595353736
2024-10-03 12:45:17,74,53.94881430265237
2024-10-03 12:45:20,73,61.60986082158538
2024-10-03 12:45:22,248,46.44129581715057
2024-10-03 12:45:26,285,61.784927796785425
2024-10-03 12:45:30,142,54.395494532561464
2024-10-03 12:45:31,160,39.59414309036016
2024-10-03 12:45:35,88,85.23330209390113
2024-10-03 12:45:36,186,72.33772283484
2024-10-03 12:45:40,120,56.06405876712133
2024-10-03 12:45:42,167,54.87412814795027
2024-10-03 12:45:45,312,55.51386906493526
2024-10-03 12:45:50,259,61.801577491536435
2024-10-03 12:45:55,138,73.51525345394842
2024-10-03 12:45:56,121,63.862531030704524
2024-10-03 12:46:00,181,67.46605914185538
2024-10-03 12:46:01,102,50.16642106762196
2024-10-03 12:46:06,143,73.13833403414594
2024-10-03 12:46:08,132,75.29680984126789
2024-10-03 12:46:13,281,57.661365013808336
2024-10-03 12:46:18,133,51.73359332195151
2024-10-03 12:46:19,135,65.83904856005307
2024-10-03 12:46:24,17,86.3054485505974
2024-10-03 12:46:25,222,68.79973386467486
2024-10-03 12:46:30,281,59.27661222958079
2024-10-03 12:46:36,294,66.53465399294677
2024-10-03 12:46:41,18,81.16546513315451
2024-10-03 12:46:43,310,54.94301055155519
2024-10-03 12:46:45,161,42.95916206264972
2024-10-03 12:46:47,190,56.80733088619788
2024-10-03 12:46:51,299,51.81697453570687
2024-10-03 12:46:56,148,66.38259019804346
2024-10-03 12:46:57,123,63.2357186376412
2024-10-03 12:47:00,243,53.57940077431351
2024-10-03 12:47:02,115,51.78281878413268
2024-10-03 12:47:06,235,60.661918178281674
2024-10-03 12:47:08,59,52.048163363940496
2024-10-03 12:47:11,309,50.27813151344975
2024-10-03 12:47:13,23,59.61080298273986
2024-10-03 12:47:17,289,57.813596537356574
2024-10-03 12:47:21,170,62.213417886817
2024-10-03 12:47:23,182,44.91225708289271
2024-10-03 12:47:29,300,58.27605425264005
2024-10-03 12:47:34,277,67.47294138566006
2024-10-03 12:47:41,44,71.72028543925195
2024-10-03 12:47:42,218,70.07032118526065
2024-10-03 12:47:48,277,52.60592924674723
2024-10-03 12:47:49,70,78.70917599623306
2024-10-03 12:47:54,165,65.35687134151172
2024-10-03 12:47:55,140,65.48153691912701
2024-10-03 12:47:58,118,46.45242677835885
2024-10-03 12:48:00,234,55.42754550476636
2024-10-03 12:48:04,278,64.18425250992574
2024-10-03 12:48:05,31,57.95524750908688
2024-10-03 12:48:11,272,70.64557377006716
2024-10-03 12:48:12,21,73.90506787333625
2024-10-03 12:48:18,197,79.15308950142736
2024-10-03 12:48:19,84,70.14943482536194
2024-10-03 12:48:25,320,64.65569663556218
2024-10-03 12:48:31,126,60.313120644744366
2024-10-03 12:48:32,221,61.06623289946256
2024-10-03 12:48:35,312,50.17436749880504
2024-10-03 12:48:36,25,82.00207420555276
2024-10-03 12:48:42,341,66.02414841976052
2024-10-03 12:48:49,96,66.39662703863813
2024-10-03 12:48:50,201,60.589175158728054
2024-10-03 12:48:55,139,58.61849112064995
2024-10-03 12:48:56,141,73.17653173520362
2024-10-03 12:49:02,352,57.6100405801715
2024-10-03 12:49:07,354,57.42237382947276
2024-10-03 12:49:13,341,58.92196233434832
2024-10-03 12:49:19,218,59.19972737215906
2024-10-03 12:49:21,99,60.38417534592125
2024-10-03 12:49:25,289,55.792796153020035
2024-10-03 12:49:27,46,85.66488091823045
2024-10-03 12:49:32,344,62.64614204772582
2024-10-03 12:49:38,87,57.28969668302158
2024-10-03 12:49:39,226,59.34329057379784
2024-10-03 12:49:45,299,67.09968694284143
2024-10-03 12:49:46,11,110.74677018283128
2024-10-03 12:49:52,124,56.10164833116489
2024-10-03 12:49:53,186,60.390929835559504
2024-10-03 12:49:58,287,55.81824389188698
2024-10-03 12:49:59,85,63.25127802406346
2024-10-03 12:50:03,329,60.534430456550794
2024-10-03 12:50:11,336,62.22279382526606
2024-10-03 12:50:16,369,54.476444862850556
2024-10-03 12:50:23,45,79.46293966424822
2024-10-03 12:50:25,245,67.52721897381336
2024-10-03 12:50:31,336,59.42475942580446
2024-10-03 12:50:37,283,59.17827537568192
2024-10-03 12:50:39,37,39.022953987692155
2024-10-03 12:50:44,288,46.897478685568245
2024-10-03 12:50:45,74,42.73060814874187
2024-10-03 12:50:48,38,51.17389856721271
2024-10-03 12:50:49,301,60.85979947782952
2024-10-03 12:50:56,327,67.02851684773384
2024-10-03 12:51:03,105,64.62098395237321
2024-10-03 12:51:04,220,61.99873230498126
2024-10-03 12:51:09,53,50.1522853308802
2024-10-03 12:51:10,271,62.11989964711054
2024-10-03 12:51:16,173,64.56459819999117
2024-10-03 12:51:18,184,53.739240420248336
2024-10-03 12:51:23,59,66.67225586440512
2024-10-03 12:51:24,302,55.682398600627444
2024-10-03 12:51:29,338,69.39155946261899
2024-10-03 12:51:36,247,63.61350278755908
2024-10-03 12:51:38,94,74.03657574144913
2024-10-03 12:51:43,97,51.87080540862967
2024-10-03 12:51:44,295,50.66628574608075
2024-10-03 12:51:47,174,44.84094784749374
2024-10-03 12:51:49,222,46.09254259127693
2024-10-03 12:51:52,97,57.190635175683816
2024-10-03 12:51:53,267,61.0195174461032
2024-10-03 12:52:00,308,70.05766725640015
2024-10-03 12:52:07,211,66.65906432800703
2024-10-03 12:52:09,135,67.05581609140224
2024-10-03 12:52:14,316,53.12811557565159
2024-10-03 12:52:16,80,75.42104457002975
2024-10-03 12:52:22,371,57.096684270837144
2024-10-03 12:52:29,194,62.5692031737997
2024-10-03 12:52:30,121,67.79434012594089
2024-10-03 12:52:37,368,67.2826550657976
2024-10-03 12:52:43,65,54.63191464050493
2024-10-03 12:52:45,304,64.28369402856701
2024-10-03 12:52:51,332,67.96749163357254
2024-10-03 12:52:58,379,62.463147935625486
2024-10-03 12:53:06,11,65.74650117466584
2024-10-03 12:53:08,310,72.70268969605515
2024-10-03 12:53:14,404,55.88728348847325
2024-10-03 12:53:18,13,100.70314819547532
2024-10-03 12:53:19,356,53.75580915188114
2024-10-03 12:53:25,351,65.6289415268625
2024-10-03 12:53:33,345,59.76387324868119
2024-10-03 12:53:39,340,60.902434241862345
2024-10-03 12:53:45,400,61.662547290915725
2024-10-03 12:53:53,339,69.33808164424423
2024-10-03 12:54:00,23,41.3771012711422
2024-10-03 12:54:01,326,68.50701095106594
2024-10-03 12:54:06,220,61.619389321361254
2024-10-03 12:54:08,161,43.28956419551864
2024-10-03 12:54:13,90,73.2529583216831
2024-10-03 12:54:15,248,71.63822314687609
2024-10-03 12:54:21,368,62.16826185887446
2024-10-03 12:54:27,278,56.992345201158905
2024-10-03 12:54:28,114,58.76817321424626
2024-10-03 12:54:34,80,72.83006918905913
2024-10-03 12:54:35,268,65.41980525956112
2024-10-03 12:54:42,177,60.84965037874684
2024-10-03 12:54:44,174,66.93027840122627
2024-10-03 12:54:48,194,52.10419261156162
2024-10-03 12:54:50,225,50.591057126715086
2024-10-03 12:54:55,82,73.13745545723002
2024-10-03 12:54:57,266,62.625349154329896
2024-10-03 12:55:02,388,53.85580855177557
2024-10-03 12:55:09,435,53.49294074976826
2024-10-03 12:55:15,258,64.0386817100416
2024-10-03 12:55:17,120,61.865896825585814
2024-10-03 12:55:23,13,59.67278237515585
2024-10-03 12:55:24,340,67.85009156362534
2024-10-03 12:55:31,400,63.462573866468674
2024-10-03 12:55:37,372,62.72160548765187
2024-10-03 12:55:43,369,65.21664237320371
2024-10-03 12:55:51,50,72.13051790078326
2024-10-03 12:55:52,310,74.96140172899972
2024-10-03 12:55:59,360,69.95683670450538
2024-10-03 12:56:07,30,61.878939625717834
2024-10-03 12:56:09,328,65.32756516608654
2024-10-03 12:56:13,263,46.23734371606402
2024-10-03 12:56:14,135,42.791223034303
2024-10-03 12:56:18,357,56.41388528231557
2024-10-03 12:56:19,9,106.85127992765368
2024-10-03 12:56:24,399,48.90026063904529
2024-10-03 12:56:25,22,64.06836399441865
2024-10-03 12:56:30,126,59.88165304150422
2024-10-03 12:56:31,250,64.17222451722722
2024-10-03 12:56:37,185,60.2055465939862
2024-10-03 12:56:38,226,59.210893485757715
2024-10-03 12:56:44,187,52.21407625863302
2024-10-03 12:56:45,219,55.09228494963202
2024-10-03 12:56:51,335,70.61278731271656
2024-10-03 12:56:59,385,61.585335172972954
2024-10-03 12:57:05,397,61.64742069015362
2024-10-03 12:57:13,355,67.67686658958756
2024-10-03 12:57:22,388,63.16124955729142
2024-10-03 12:57:29,26,67.72166216967038
2024-10-03 12:57:30,315,60.63411098578005
2024-10-03 12:57:36,373,52.946404426485316
2024-10-03 12:57:37,70,50.03300606348565
2024-10-03 12:57:42,341,59.64147148515166
2024-10-03 12:57:49,30,58.40862055834522
2024-10-03 12:57:50,314,69.01513490069634
2024-10-03 12:57:57,367,68.18384106704005
2024-10-03 12:58:04,51,69.27005972955776
2024-10-03 12:58:05,335,58.544055425721524
2024-10-03 12:58:11,137,73.15460657561742
2024-10-03 12:58:12,233,60.551794644252624
2024-10-03 12:58:20,275,65.95991084724554
2024-10-03 12:58:21,87,74.56192862683781
2024-10-03 12:58:26,403,52.47223389394713
2024-10-03 12:58:27,38,44.22211916913134
2024-10-03 12:58:32,337,61.13950925025577
2024-10-03 12:58:33,44,59.39086182629307
2024-10-03 12:58:39,175,59.398272178351526
2024-10-03 12:58:40,228,56.12290664079248
2024-10-03 12:58:48,184,67.27277741312182
2024-10-03 12:58:49,203,61.07423586165106
2024-10-03 12:58:54,178,62.973923784397066
2024-10-03 12:58:55,213,51.095351304887465
2024-10-03 12:59:01,32,54.90385528889325
2024-10-03 12:59:02,332,59.71126226694756
2024-10-03 12:59:08,343,62.355965382087
2024-10-03 12:59:14,233,53.87551034457107
2024-10-03 12:59:15,153,56.679501111633954
2024-10-03 12:59:22,55,39.60980812366499
2024-10-03 12:59:23,333,62.621795861806596
2024-10-03 12:59:29,376,63.076031744399074
2024-10-03 12:59:34,133,55.00799966638991
2024-10-03 12:59:35,223,64.56999428596984
2024-10-03 12:59:42,316,63.62340744666204
2024-10-03 12:59:44,44,62.32087223057974
2024-10-03 12:59:48,409,51.680890897388096
2024-10-03 12:59:51,34,61.83904733426425
2024-10-03 12:59:57,384,61.83261440776891
2024-10-03 13:00:04,348,64.16280741566159
2024-10-03 13:00:12,180,64.29455715923459
2024-10-03 13:00:13,184,61.234391900179105
2024-10-03 13:00:19,162,54.50481862692359
2024-10-03 13:00:20,222,61.316667199905865
2024-10-03 13:00:27,172,76.01428544583159
2024-10-03 13:00:29,161,73.09479620663657
2024-10-03 13:00:33,188,61.56568173298748
2024-10-03 13:00:35,211,51.92626946862277
2024-10-03 13:00:42,45,55.875841972775675
2024-10-03 13:00:43,314,63.47428629886794
2024-10-03 13:00:49,353,63.275733933499666
2024-10-03 13:00:55,341,59.97468052179772
2024-10-03 13:00:57,14,74.51633138755933
2024-10-03 13:01:02,240,55.03061430814821
2024-10-03 13:01:04,109,75.03459015098667
2024-10-03 13:01:10,370,65.5219048496861
2024-10-03 13:01:18,377,58.25539368030408
2024-10-03 13:01:26,231,53.380655935220936
2024-10-03 13:01:27,161,64.71696554942662
2024-10-03 13:01:34,415,52.141738975649815
2024-10-03 13:01:40,429,51.029154685294905
2024-10-03 13:01:47,83,68.81765114069388
2024-10-03 13:01:48,304,61.07588143113036
2024-10-03 13:01:54,349,59.067217920649256
2024-10-03 13:01:55,48,73.52952167815347
2024-10-03 13:02:03,48,86.75987538450187
2024-10-03 13:02:04,323,65.11472831163063
2024-10-03 13:02:10,94,46.39222565015009
2024-10-03 13:02:11,292,63.40592639649102
2024-10-03 13:02:17,412,50.263157824635904
2024-10-03 13:02:23,404,55.194261524836605
2024-10-03 13:02:30,361,60.359039221668745
2024-10-03 13:02:38,364,67.87174368933674
2024-10-03 13:02:45,389,61.16641878500883
2024-10-03 13:02:52,82,54.87032023587041
2024-10-03 13:02:54,295,60.39327238189847
2024-10-03 13:02:59,292,60.120436134121746
2024-10-03 13:03:01,97,72.95396846207015
2024-10-03 13:03:07,354,67.54346199630143
2024-10-03 13:03:15,247,70.27334166166709
2024-10-03 13:03:16,71,61.04589178531202
2024-10-03 13:03:23,301,64.66307254429381
2024-10-03 13:03:24,83,70.6811920219207
2024-10-03 13:03:30,418,55.764159360521475
2024-10-03 13:03:37,189,65.36551294054499
2024-10-03 13:03:38,213,58.22025119067757
2024-10-03 13:03:45,25,62.92397626117502
2024-10-03 13:03:46,334,59.34942499517068
2024-10-03 13:03:52,90,64.47251224406484
2024-10-03 13:03:54,328,54.44013194339064
2024-10-03 13:04:00,372,60.44998824062947
2024-10-03 13:04:07,57,66.77118806720244
2024-10-03 13:04:08,308,65.74089100766659
2024-10-03 13:04:16,116,58.73769818930664
2024-10-03 13:04:17,252,65.14516982144872
2024-10-03 13:04:22,76,62.21848577732423
2024-10-03 13:04:23,304,57.23675036379702
2024-10-03 13:04:29,12,67.5010674814397
2024-10-03 13:04:30,374,54.330458363048294
2024-10-03 13:04:37,372,59.90291205604429
2024-10-03 13:04:43,385,56.42310849647619
2024-10-03 13:04:49,357,68.14632360953921
2024-10-03 13:04:56,364,62.41187773151951
2024-10-03 13:05:04,179,65.78215032096978
2024-10-03 13:05:05,179,56.69857635211562
2024-10-03 13:05:11,152,59.7051610279233
2024-10-03 13:05:12,206,60.38439559779704
2024-10-03 13:05:18,142,79.39154575082264
2024-10-03 13:05:19,206,66.2902420765189
2024-10-03 13:05:27,88,62.383561826515795
2024-10-03 13:05:28,258,63.101730870230114
2024-10-03 13:05:30,234,44.67960855162791
2024-10-03 13:05:34,173,69.98522594791514
2024-10-03 13:05:38,53,58.14451103107216
2024-10-03 13:05:40,288,61.198605145091925
2024-10-03 13:05:46,352,63.16382861892964
2024-10-03 13:05:54,343,61.96949265932309
2024-10-03 13:06:01,364,56.59385639337791
2024-10-03 13:06:08,302,57.07761944546369
2024-10-03 13:06:09,73,40.18334929951019
2024-10-03 13:06:15,246,68.49898750710378
2024-10-03 13:06:18,85,72.44833223355226
2024-10-03 13:06:23,287,52.91495783725459
2024-10-03 13:06:24,139,53.556008294411384
2024-10-03 13:06:30,278,65.26116748848744
2024-10-03 13:06:31,90,57.221023558421166
2024-10-03 13:06:34,373,46.13216854610448
2024-10-03 13:06:37,86,44.89451896819619
2024-10-03 13:06:43,340,70.67819010733798
2024-10-03 13:06:49,351,54.56474841812946
2024-10-03 13:06:50,26,57.54447924671335
2024-10-03 13:06:56,352,57.37169547324329
2024-10-03 13:06:57,38,57.46315398088105
2024-10-03 13:07:05,337,58.14520324764623
2024-10-03 13:07:11,245,59.24405718650743
2024-10-03 13:07:12,146,69.28782337728808
2024-10-03 13:07:18,256,60.734139802604474
2024-10-03 13:07:19,140,66.27675964876751
2024-10-03 13:07:26,353,61.54015345047165
2024-10-03 13:07:27,9,75.77849071888016
2024-10-03 13:07:34,177,74.23666353896729
2024-10-03 13:07:36,172,60.10358467801713
2024-10-03 13:07:41,118,67.5029251296863
2024-10-03 13:07:42,330,47.90700423574815
2024-10-03 13:07:47,429,50.82485466093798
2024-10-03 13:07:53,353,59.634514145411686
2024-10-03 13:07:54,16,63.32042912383281
2024-10-03 13:08:01,92,48.09947731518786
2024-10-03 13:08:02,300,56.824117054244525
2024-10-03 13:08:08,49,64.5695433701967
2024-10-03 13:08:09,338,56.72032283248263
2024-10-03 13:08:15,254,64.318024599445
2024-10-03 13:08:19,107,62.92969497432125
2024-10-03 13:08:20,208,39.15565187415746
2024-10-03 13:08:24,301,43.66373616531452
2024-10-03 13:08:28,385,62.02444530980893
2024-10-03 13:08:33,228,66.8801956472913
2024-10-03 13:08:35,111,54.04549852077519
2024-10-03 13:08:42,274,68.48676347369403
2024-10-03 13:08:43,51,80.17378414191153
2024-10-03 13:08:49,295,62.82547515536032
2024-10-03 13:08:51,88,59.61842653423707
2024-10-03 13:08:54,19,63.16838369113354
2024-10-03 13:08:57,371,59.66115585207619
2024-10-03 13:09:03,316,66.50492097717802
2024-10-03 13:09:11,183,69.2812025674283
2024-10-03 13:09:12,134,64.01818531237164
2024-10-03 13:09:18,105,79.30441347494698
2024-10-03 13:09:19,235,58.08075598169056
2024-10-03 13:09:26,90,62.19821097925661
2024-10-03 13:09:27,300,61.79863445179708
2024-10-03 13:09:33,337,58.343713482927996
2024-10-03 13:09:35,73,63.96417607474986
2024-10-03 13:09:41,24,71.70679760334045
2024-10-03 13:09:42,303,65.3406562495059
2024-10-03 13:09:50,241,59.96755257210743
2024-10-03 13:09:52,136,64.36704906068573
2024-10-03 13:09:54,310,54.3354150519527
2024-10-03 13:09:56,119,40.38377314594882
2024-10-03 13:10:02,274,61.63296759809664
2024-10-03 13:10:03,75,78.17484280123294
2024-10-03 13:10:10,312,62.8888171800019
2024-10-03 13:10:12,30,75.92965582302232
2024-10-03 13:10:18,402,55.299923509510734
2024-10-03 13:10:25,104,76.39274191294051
2024-10-03 13:10:26,221,70.27790424442954
2024-10-03 13:10:34,218,65.36528188738237
2024-10-03 13:10:35,122,68.24486817044416
2024-10-03 13:10:41,353,60.62251750751991
2024-10-03 13:10:47,322,64.32712874128124
2024-10-03 13:10:48,44,61.62238589404758
2024-10-03 13:10:55,363,68.99834753092524
2024-10-03 13:11:01,349,58.17441025411843
2024-10-03 13:11:03,48,52.14110338558663
2024-10-03 13:11:08,169,60.75138511414687
2024-10-03 13:11:09,196,61.73019458155483
2024-10-03 13:11:14,362,60.929059390882074
2024-10-03 13:11:15,6,91.92644337202405
2024-10-03 13:11:22,268,69.53645625786545
2024-10-03 13:11:23,101,71.68003292689923
2024-10-03 13:11:30,375,66.58287858957816
2024-10-03 13:11:37,287,59.95565693081921
2024-10-03 13:11:38,111,66.04861108578436
2024-10-03 13:11:46,177,65.82734927978713
2024-10-03 13:11:47,154,60.67559300039246
2024-10-03 13:11:51,121,68.1143961747058
2024-10-03 13:11:53,311,46.10219983649002
2024-10-03 13:11:59,91,65.33318865178482
2024-10-03 13:12:00,234,68.61691379062657
2024-10-03 13:12:07,79,78.12374238615182
2024-10-03 13:12:08,299,68.9230948278781
2024-10-03 13:12:14,68,50.88271735151571
2024-10-03 13:12:15,298,68.21532817790778
2024-10-03 13:12:21,350,63.00148390328105
2024-10-03 13:12:29,367,59.11719363971954
2024-10-03 13:12:37,67,81.93564858058767
2024-10-03 13:12:39,300,64.0741783095565
2024-10-03 13:12:44,328,54.37875141145127
2024-10-03 13:12:45,68,45.830196768394984
2024-10-03 13:12:51,150,52.22605473816888
2024-10-03 13:12:52,263,60.53177760243361
2024-10-03 13:12:55,373,50.47688301025231
2024-10-03 13:12:58,60,36.26237282792724
2024-10-03 13:13:03,43,73.8168951763437
2024-10-03 13:13:06,237,71.478036241623
2024-10-03 13:13:09,319,52.59007939904117
2024-10-03 13:13:11,77,52.10109528566442
2024-10-03 13:13:17,141,68.0281644735565
2024-10-03 13:13:18,168,71.75346428908591
2024-10-03 13:13:25,383,60.822015112764916
2024-10-03 13:13:32,71,61.70587871975634
2024-10-03 13:13:34,274,74.03993869779455
2024-10-03 13:13:41,382,62.16095090804596
2024-10-03 13:13:46,387,47.58838148176713
2024-10-03 13:13:48,33,63.0167764998709
2024-10-03 13:13:52,387,58.53573746073346
2024-10-03 13:13:59,323,65.42290698993006
2024-10-03 13:14:00,69,50.43295319796351
2024-10-03 13:14:06,382,61.6722888461348
2024-10-03 13:14:13,359,63.22394970622015
2024-10-03 13:14:21,401,61.4530172451344
2024-10-03 13:14:28,390,60.696875118587805
2024-10-03 13:14:34,296,53.53899973584135
2024-10-03 13:14:35,97,64.53282561970228
2024-10-03 13:14:41,406,53.50991228580695
2024-10-03 13:14:46,79,58.90741763369623
2024-10-03 13:14:47,283,54.77629286880396
2024-10-03 13:14:53,41,80.00443463998783
2024-10-03 13:14:55,339,59.952026204750545
2024-10-03 13:15:01,341,61.565104654729495
2024-10-03 13:15:02,89,52.858749339248
2024-10-03 13:15:10,49,74.85062546008075
2024-10-03 13:15:11,295,64.1983435695779
2024-10-03 13:15:16,105,57.606521667015414
2024-10-03 13:15:18,297,53.31068948558968
2024-10-03 13:15:23,214,62.38015618857206
2024-10-03 13:15:24,208,54.07611311998142
2024-10-03 13:15:31,397,54.7655253664065
2024-10-03 13:15:37,141,67.66112938135905
2024-10-03 13:15:38,257,60.70111350327609
2024-10-03 13:15:44,213,62.74520759447571
2024-10-03 13:15:46,144,68.40533204235554
2024-10-03 13:15:51,156,46.32701933153975
2024-10-03 13:15:53,208,61.99838104561514
2024-10-03 13:15:58,404,69.81782173941916
2024-10-03 13:16:06,155,69.90620835699579
2024-10-03 13:16:09,150,43.81563388470178
2024-10-03 13:16:12,199,54.62772437903133
2024-10-03 13:16:15,411,32.553313860227064
2024-10-03 13:16:18,285,68.62546872133274
2024-10-03 13:16:20,72,58.64993833391208
2024-10-03 13:16:22,282,51.178439350805405
2024-10-03 13:16:25,148,50.319815367849415
2024-10-03 13:16:31,372,66.61415668143313
2024-10-03 13:16:38,299,69.97680314173307
2024-10-03 13:16:41,10,68.99189127156275
2024-10-03 13:16:45,15,67.87023007725492
2024-10-03 13:16:47,375,57.03121980940335
2024-10-03 13:16:53,282,64.04653515029948
2024-10-03 13:16:54,92,76.8963223004166
2024-10-03 13:17:00,112,53.528500659026044
2024-10-03 13:17:01,270,57.15954988125522
2024-10-03 13:17:07,383,60.30323779786623
2024-10-03 13:17:14,364,61.05918555685818
2024-10-03 13:17:15,16,90.65166527508785
2024-10-03 13:17:22,305,66.46494407280582
2024-10-03 13:17:23,74,62.5953585819368
2024-10-03 13:17:30,402,57.35633111959645
2024-10-03 13:17:38,312,69.19212548575835
2024-10-03 13:17:45,399,50.581466983683576
2024-10-03 13:17:51,155,72.98249744104686
2024-10-03 13:17:52,171,77.38144663786376
2024-10-03 13:17:59,189,53.326172782874465
2024-10-03 13:18:01,222,61.01245093806695
2024-10-03 13:18:04,379,51.536881289434056
2024-10-03 13:18:07,62,67.26592245126285
2024-10-03 13:18:12,290,60.0320794756875
2024-10-03 13:18:13,122,68.18963185639473
2024-10-03 13:18:19,340,62.9422205441501
2024-10-03 13:18:26,371,63.16720316097967
2024-10-03 13:18:34,334,55.14926430839421
2024-10-03 13:18:35,54,75.61067514558192
2024-10-03 13:18:41,402,56.276336969701674
2024-10-03 13:18:49,351,64.62000233104521
2024-10-03 13:18:56,282,71.01315702422534
2024-10-03 13:18:58,51,70.64170062209615
2024-10-03 13:19:04,60,69.02533145044791
2024-10-03 13:19:05,376,56.51614613678958
2024-10-03 13:19:11,332,65.65291178537949
2024-10-03 13:19:12,63,58.26844040782106
2024-10-03 13:19:19,270,69.0235580092058
2024-10-03 13:19:20,56,78.50631589160707
2024-10-03 13:19:26,63,57.33416371446005
2024-10-03 13:19:27,291,53.36062938486706
2024-10-03 13:19:34,325,65.68050235687758
2024-10-03 13:19:37,43,66.46042366775724
2024-10-03 13:19:40,23,74.16362535668509
2024-10-03 13:19:42,374,52.1280189275761
2024-10-03 13:19:47,309,65.07928314923042
2024-10-03 13:19:49,92,48.36443799591613
2024-10-03 13:19:55,39,60.971855111619185
2024-10-03 13:19:56,325,49.917823120048844
2024-10-03 13:19:59,224,51.526439916660976
2024-10-03 13:20:01,204,61.24648870602529
2024-10-03 13:20:07,372,58.69861772168242
2024-10-03 13:20:16,334,67.842626400226
2024-10-03 13:20:22,49,82.96492818348486
2024-10-03 13:20:23,362,53.94175120897487
2024-10-03 13:20:29,239,65.07365991268554
2024-10-03 13:20:31,160,56.311000241662455
2024-10-03 13:20:36,90,64.83534259268338
2024-10-03 13:20:37,295,52.94759192213305
2024-10-03 13:20:44,417,60.02032360506782
2024-10-03 13:20:51,364,59.965656993431644
2024-10-03 13:20:52,17,66.27879330911487
2024-10-03 13:20:58,342,52.95410860037748
2024-10-03 13:20:59,79,47.46726790318118
2024-10-03 13:21:05,363,62.98852971088777
2024-10-03 13:21:12,14,77.65011630801656
2024-10-03 13:21:13,343,58.99321514786625
2024-10-03 13:21:17,294,57.16326621607602
2024-10-03 13:21:19,74,42.36487597089475
2024-10-03 13:21:26,359,64.41741224371695
2024-10-03 13:21:33,420,65.37937451178199
2024-10-03 13:21:41,332,58.480101744522
2024-10-03 13:21:42,23,71.18911985332664
2024-10-03 13:21:49,120,64.15975884608784
2024-10-03 13:21:50,254,62.15772738633096
2024-10-03 13:21:56,378,53.68478361507982
2024-10-03 13:22:01,213,53.87495275771995
2024-10-03 13:22:03,222,49.59067301673757
2024-10-03 13:22:09,383,62.732826636161356
2024-10-03 13:22:17,327,67.35702133853866
2024-10-03 13:22:25,426,60.85518032377114
2024-10-03 13:22:31,283,51.76072403168697
2024-10-03 13:22:33,153,46.41543166656865
2024-10-03 13:22:38,393,59.387491100215996
2024-10-03 13:22:46,99,75.83303437400271
2024-10-03 13:22:47,227,68.79373810697194
2024-10-03 13:22:54,300,59.619708728231636
2024-10-03 13:22:55,83,63.370348038878
2024-10-03 13:23:03,363,59.459525405069506
2024-10-03 13:23:10,149,73.5157154611658
2024-10-03 13:23:12,202,63.42654175347172
2024-10-03 13:23:18,175,54.439273872574674
2024-10-03 13:23:19,168,62.05384413208499
2024-10-03 13:23:24,434,51.93843029894943
2024-10-03 13:23:31,392,64.83477291722009
2024-10-03 13:23:38,424,57.55686064115195
2024-10-03 13:23:45,335,57.049542001726
2024-10-03 13:23:46,123,47.240521844716504
2024-10-03 13:23:53,353,69.98524201105602
2024-10-03 13:24:02,393,61.948884772518156
2024-10-03 13:24:09,189,54.450886157548204
2024-10-03 13:24:10,190,58.70750059886367
2024-10-03 13:24:16,361,66.10302004520571
2024-10-03 13:24:24,352,70.86905492432626
2024-10-03 13:24:33,67,63.70505808636623
2024-10-03 13:24:34,225,65.94281118815233
2024-10-03 13:24:40,372,57.40798730249224
2024-10-03 13:24:47,324,63.20212238144121
2024-10-03 13:24:48,57,65.35702370348915
2024-10-03 13:24:53,267,52.30271945708196
2024-10-03 13:24:54,169,67.10967463372262
2024-10-03 13:25:02,294,64.51381560938285
2024-10-03 13:25:03,57,71.09277428087314
2024-10-03 13:25:09,310,67.9950416154405
2024-10-03 13:25:11,70,62.183204275514434
2024-10-03 13:25:17,435,58.4214316405865
2024-10-03 13:25:23,381,58.625908471549735
2024-10-03 13:25:30,235,50.84220214680345
2024-10-03 13:25:31,174,57.27765440672579
2024-10-03 13:25:38,490,49.22374796485773
2024-10-03 13:25:41,173,50.26952548009018
2024-10-03 13:25:43,296,48.01157406385166
2024-10-03 13:25:50,364,63.90839211342675
2024-10-03 13:25:57,239,54.38191965356678
2024-10-03 13:25:58,170,61.3258468611149
2024-10-03 13:26:04,70,63.573696333063786
2024-10-03 13:26:05,338,59.12659814984959
2024-10-03 13:26:11,368,69.71840456819406
2024-10-03 13:26:19,270,68.10170953700826
2024-10-03 13:26:21,43,54.883797577864264
2024-10-03 13:26:28,366,61.057577298132145
2024-10-03 13:26:34,351,52.50225260005415
2024-10-03 13:26:36,88,70.9138874050138
2024-10-03 13:26:41,112,69.3807850932045
2024-10-03 13:26:42,263,64.5073411035349
2024-10-03 13:26:50,405,64.7729834364747
2024-10-03 13:26:57,128,56.79308909038955
2024-10-03 13:26:58,230,57.174939632467456
2024-10-03 13:27:05,62,83.80378640707912
2024-10-03 13:27:06,297,74.54676079478324
2024-10-03 13:27:12,368,59.04099782843882
2024-10-03 13:27:13,25,56.87437351540904
2024-10-03 13:27:20,376,59.66137392681083
2024-10-03 13:27:29,384,64.42107121192679
2024-10-03 13:27:36,47,73.61804618531147
2024-10-03 13:27:37,338,52.516293206289376
2024-10-03 13:27:45,402,60.18877817167675
2024-10-03 13:27:51,414,58.31310209519214
2024-10-03 13:27:58,58,49.77403379175045
2024-10-03 13:27:59,367,51.54082295042121
2024-10-03 13:28:04,46,54.92282691600477
2024-10-03 13:28:06,367,54.159715739225085
2024-10-03 13:28:13,183,54.81780158457696
2024-10-03 13:28:14,185,68.62310202663016
2024-10-03 13:28:21,417,53.160242022863095
2024-10-03 13:28:27,71,63.732197989989004
2024-10-03 13:28:28,314,58.05502292582942
2024-10-03 13:28:34,307,61.1034681789649
2024-10-03 13:28:35,89,59.39984163415871
2024-10-03 13:28:42,242,60.45387047871138
2024-10-03 13:28:43,143,62.84697797012366
2024-10-03 13:28:50,240,57.34817496100299
2024-10-03 13:28:51,169,59.305849426015136
2024-10-03 13:28:57,39,52.74699070321661
2024-10-03 13:28:58,372,55.86626197833871
2024-10-03 13:29:05,301,67.56498220500889
2024-10-03 13:29:13,380,65.7850407882086
2024-10-03 13:29:21,318,65.28782510754598
2024-10-03 13:29:23,79,52.55327764074228
2024-10-03 13:29:25,186,41.3622486194896
2024-10-03 13:29:28,215,53.370999993921586
2024-10-03 13:29:32,166,78.65639749233303
2024-10-03 13:29:34,196,68.8776159313329
2024-10-03 13:29:40,209,52.27897525414715
2024-10-03 13:29:41,193,50.23585269175257
2024-10-03 13:29:47,277,56.67148776782315
2024-10-03 13:29:48,143,56.589680716186436
2024-10-03 13:29:54,419,55.783107681810826
2024-10-03 13:30:02,409,67.04262504944215
2024-10-03 13:30:10,291,74.06756785091764
2024-10-03 13:30:17,247,52.49493558968098
2024-10-03 13:30:18,147,55.45148708222528
2024-10-03 13:30:24,212,43.39850981838704
2024-10-03 13:30:25,264,52.90960868109489
2024-10-03 13:30:30,413,54.485185605764386
2024-10-03 13:30:36,401,56.11736985417965
2024-10-03 13:30:43,54,68.51337009109902
2024-10-03 13:30:44,335,65.03590554658389
2024-10-03 13:30:49,93,64.91670485149551
2024-10-03 13:30:50,273,54.45169991677085
2024-10-03 13:30:56,350,64.64315941384297
2024-10-03 13:30:57,66,46.73126550133461
2024-10-03 13:31:04,403,58.17181808306434
2024-10-03 13:31:09,126,71.55228528934937
2024-10-03 13:31:12,314,55.093049157823565
2024-10-03 13:31:17,18,71.83832081510576
2024-10-03 13:31:18,383,64.57749731819034
2024-10-03 13:31:25,340,59.788948165511584
2024-10-03 13:31:26,50,47.46359115557535
2024-10-03 13:31:32,291,72.32569728305675
2024-10-03 13:31:34,33,74.58577747872629
2024-10-03 13:31:40,310,58.30420650561226
2024-10-03 13:31:42,89,51.43020577272259
2024-10-03 13:31:49,428,51.83110909030174
2024-10-03 13:31:53,277,63.03080640909323
2024-10-03 13:31:54,92,60.83369041013098
2024-10-03 13:32:01,147,72.25325451784549
2024-10-03 13:32:02,200,67.99564991170749
2024-10-03 13:32:09,378,65.95227192234857
2024-10-03 13:32:17,35,73.04109868030012
2024-10-03 13:32:18,277,77.91064680353365
2024-10-03 13:32:25,333,63.17786720653816
2024-10-03 13:32:26,30,74.40437825191593
2024-10-03 13:32:32,229,55.75087530637638
2024-10-03 13:32:33,142,62.02628984173488
2024-10-03 13:32:39,110,55.37138988091455
2024-10-03 13:32:40,254,68.29808039521127
2024-10-03 13:32:47,356,63.3811978264759
2024-10-03 13:32:55,190,62.37905926071101
2024-10-03 13:32:56,185,59.091280572250575
2024-10-03 13:33:03,302,62.9687232096565
2024-10-03 13:33:04,58,62.20570151086669
2024-10-03 13:33:11,276,63.67399014526876
2024-10-03 13:33:13,61,79.91280205491147
2024-10-03 13:33:18,40,66.04628362265524
2024-10-03 13:33:20,330,53.29929867778409
2024-10-03 13:33:24,133,51.610449234826206
2024-10-03 13:33:26,269,59.630649051289296
2024-10-03 13:33:31,71,67.84731532464946
2024-10-03 13:33:32,271,59.20019305767375
2024-10-03 13:33:40,275,62.77687483132836
2024-10-03 13:33:42,92,59.84787505717282
2024-10-03 13:33:44,41,54.561391450785734
2024-10-03 13:33:47,407,46.03015588689419
2024-10-03 13:33:51,392,57.156148776114414
2024-10-03 13:33:58,159,58.88519498738932
2024-10-03 13:33:59,257,52.568332356591334
2024-10-03 13:34:03,19,59.11396239606756
2024-10-03 13:34:04,419,48.78639568375851
2024-10-03 13:34:09,146,56.40968440466318
2024-10-03 13:34:10,263,42.51781111301058
2024-10-03 13:34:14,439,52.23463656793851
2024-10-03 13:34:18,78,55.74682245155231
2024-10-03 13:34:20,314,51.1550857483301
2024-10-03 13:34:25,420,55.67563813162612
2024-10-03 13:34:31,257,66.71734501443665
2024-10-03 13:34:32,149,49.35546213626961
2024-10-03 13:34:37,322,51.05322408851739
2024-10-03 13:34:39,82,63.706469625715236
2024-10-03 13:34:44,405,64.04931534339391
2024-10-03 13:34:52,119,58.599464350511376
2024-10-03 13:34:54,263,65.839606511874
2024-10-03 13:34:59,181,51.7247190901747
2024-10-03 13:35:00,276,51.69714549061996
2024-10-03 13:35:07,395,62.534734525222696
2024-10-03 13:35:15,59,66.28709388431805
2024-10-03 13:35:16,250,66.91936525039543
2024-10-03 13:35:23,46,59.4528052297319
2024-10-03 13:35:24,370,58.16339280420437
2024-10-03 13:35:29,462,49.77932590268544
2024-10-03 13:35:30,7,74.48123104855368
2024-10-03 13:35:34,325,45.616770352164075
2024-10-03 13:35:36,101,60.363226321915946
2024-10-03 13:35:42,227,50.561533835255524
2024-10-03 13:35:43,209,61.69618062526377
2024-10-03 13:35:47,342,55.188648028581085
2024-10-03 13:35:49,70,44.40361471110374
2024-10-03 13:35:55,370,65.01606165785748
2024-10-03 13:36:03,110,74.34710398172854
2024-10-03 13:36:05,294,60.47430676802474
2024-10-03 13:36:11,406,54.973307093555235
2024-10-03 13:36:19,385,59.23729427425596
2024-10-03 13:36:25,257,53.81387817269022
2024-10-03 13:36:26,150,68.54225473465272
2024-10-03 13:36:33,327,64.95953447777117
2024-10-03 13:36:34,44,54.37882012240193
2024-10-03 13:36:41,53,62.96180826792559
2024-10-03 13:36:42,341,60.942826487251196
2024-10-03 13:36:50,350,61.95597415853894
2024-10-03 13:36:56,273,56.086995234943046
2024-10-03 13:36:57,166,46.33159445959675
2024-10-03 13:37:03,77,57.59939951945332
2024-10-03 13:37:04,364,61.22550010451288
2024-10-03 13:37:10,364,62.908340809574
2024-10-03 13:37:18,164,72.15009294781964
2024-10-03 13:37:19,150,71.59285139423731
2024-10-03 13:37:26,209,60.55844801039373
2024-10-03 13:37:27,152,66.7702655557904
2024-10-03 13:37:34,291,60.66553683515866
2024-10-03 13:37:35,58,86.11256876436018
2024-10-03 13:37:40,194,54.36983738368748
2024-10-03 13:37:42,197,69.38981626002618
2024-10-03 13:37:49,379,63.74290395185326
2024-10-03 13:37:56,41,59.019197332026565
2024-10-03 13:37:57,353,58.93998264091497
2024-10-03 13:38:05,372,60.06239440804486
2024-10-03 13:38:13,40,68.46505028317617
2024-10-03 13:38:14,342,60.17604572360536
2024-10-03 13:38:20,396,46.76190837591378
2024-10-03 13:38:21,49,42.43129683292361
2024-10-03 13:38:25,134,61.36016092881004
2024-10-03 13:38:26,300,48.807915856601454
2024-10-03 13:38:31,24,72.22367477252475
2024-10-03 13:38:33,387,56.06147185436302
2024-10-03 13:38:39,364,67.60553773097773
2024-10-03 13:38:48,321,60.16460369675592
2024-10-03 13:38:50,45,65.71298324966304
2024-10-03 13:38:53,73,64.64895718671063
2024-10-03 13:38:55,384,48.98164947670276
2024-10-03 13:39:02,306,64.1974185680973
2024-10-03 13:39:03,54,63.91194985185903
2024-10-03 13:39:08,82,61.713485869700776
2024-10-03 13:39:09,300,62.26288720008484
2024-10-03 13:39:16,103,72.79421541458512
2024-10-03 13:39:17,210,62.91970521651728
2024-10-03 13:39:23,236,67.74584509801484
2024-10-03 13:39:24,173,54.02180823788528
2024-10-03 13:39:31,338,63.26233409766006
2024-10-03 13:39:40,327,66.95768616524889
2024-10-03 13:39:47,380,59.02817699746544
2024-10-03 13:39:54,172,62.3197294188141
2024-10-03 13:39:55,221,57.93187898998317
2024-10-03 13:39:59,395,45.83337722930436
2024-10-03 13:40:01,66,78.02705910828502
2024-10-03 13:40:06,415,63.86514455915569
2024-10-03 13:40:14,376,64.12051535541408
2024-10-03 13:40:22,393,57.94295932778426
2024-10-03 13:40:26,253,57.61605966548891
2024-10-03 13:40:28,166,59.771689422001394
2024-10-03 13:40:35,341,67.4653154457769
2024-10-03 13:40:42,98,67.7588757158535
2024-10-03 13:40:44,213,74.04670361621672
2024-10-03 13:40:50,183,53.279959172256305
2024-10-03 13:40:52,245,57.461806027049356
2024-10-03 13:40:56,113,64.65663462752734
2024-10-03 13:40:57,318,43.950723283337474
2024-10-03 13:41:03,152,61.279514574850644
2024-10-03 13:41:05,226,58.73599298562483
2024-10-03 13:41:09,130,52.479040348854454
2024-10-03 13:41:11,314,53.97904129357928
2024-10-03 13:41:18,9,110.92863313275913
2024-10-03 13:41:20,348,63.735143953251125
2024-10-03 13:41:26,344,51.63304810162856
2024-10-03 13:41:31,307,62.79042541613368
2024-10-03 13:41:34,118,39.00934116138794
2024-10-03 13:41:36,360,48.03684830087228
2024-10-03 13:41:38,62,39.872971789920605
2024-10-03 13:41:43,141,52.02825015019853
2024-10-03 13:41:44,232,62.72789652578201
2024-10-03 13:41:50,256,53.618055363380215
2024-10-03 13:41:51,147,55.297574289167166
2024-10-03 13:41:56,250,50.65135113920262
2024-10-03 13:41:58,145,52.301510415966256
2024-10-03 13:42:04,391,56.0030117165009
2024-10-03 13:42:12,357,58.20206717824358
2024-10-03 13:42:19,432,52.001050215414445
2024-10-03 13:42:23,11,64.50467665490523
2024-10-03 13:42:24,375,55.23716647986176
2024-10-03 13:42:31,404,54.59469471907849
2024-10-03 13:42:36,16,52.713053846459886
2024-10-03 13:42:38,367,57.22269008087849
2024-10-03 13:42:42,147,62.462743994951055
2024-10-03 13:42:43,233,58.341841767686034
2024-10-03 13:42:49,91,51.345752429842484
2024-10-03 13:42:52,317,56.63655608849112
2024-10-03 13:42:56,15,70.74870141319956
2024-10-03 13:42:57,391,48.29622336102938
2024-10-03 13:43:01,343,68.88162984981399
2024-10-03 13:43:08,63,56.66985308432346
2024-10-03 13:43:10,319,55.343632738670685
2024-10-03 13:43:14,353,55.00066130053524
2024-10-03 13:43:15,34,53.465457535923285
2024-10-03 13:43:21,306,62.18035305855758
2024-10-03 13:43:22,60,59.33980405955977
2024-10-03 13:43:29,228,62.10694765620037
2024-10-03 13:43:31,108,81.62579318816039
2024-10-03 13:43:35,124,52.44045969860712
2024-10-03 13:43:38,255,46.51816116694587
2024-10-03 13:43:42,203,49.183288399895936
2024-10-03 13:43:44,166,65.2099734139662
2024-10-03 13:43:48,116,62.68958053167984
2024-10-03 13:43:50,267,61.90897806591486
2024-10-03 13:43:56,54,61.37999841873926
2024-10-03 13:43:57,299,59.78355123391903
2024-10-03 13:44:04,34,81.58436760309368
2024-10-03 13:44:05,335,65.46093759846718
2024-10-03 13:44:12,58,58.26684050735453
2024-10-03 13:44:13,294,68.87638581973268
2024-10-03 13:44:19,152,51.64905097682214
2024-10-03 13:44:20,241,67.44112768446573
2024-10-03 13:44:27,82,61.77140955175833
2024-10-03 13:44:28,296,63.114500554660545
2024-10-03 13:44:33,87,43.78878196870568
2024-10-03 13:44:34,297,61.038625047827
2024-10-03 13:44:42,78,59.13051588667784
2024-10-03 13:44:43,263,69.35527323270149
2024-10-03 13:44:50,368,60.75534018199266
2024-10-03 13:44:56,141,67.60464456050556
2024-10-03 13:44:58,186,58.3982345004321
2024-10-03 13:45:01,336,47.781231130050124
2024-10-03 13:45:03,69,61.72740552329497
2024-10-03 13:45:09,390,58.240806504825244
2024-10-03 13:45:10,13,60.34123461617688
2024-10-03 13:45:17,336,62.33389119388502
2024-10-03 13:45:23,351,64.97079964110834
2024-10-03 13:45:31,398,53.991931405467575
2024-10-03 13:45:35,261,37.73833953994049
2024-10-03 13:45:37,195,57.51953792867157
2024-10-03 13:45:41,257,58.2613349671928
2024-10-03 13:45:42,147,47.410447141794506
2024-10-03 13:45:47,366,56.697883474264245
2024-10-03 13:45:49,24,59.790799932509934
2024-10-03 13:45:55,138,61.53034478708819
2024-10-03 13:45:59,676,44.98172893275603
2024-10-03 13:46:02,83,58.68494904851676
2024-10-03 13:46:06,360,61.968483025281394
2024-10-03 13:46:12,371,61.588831402368946
2024-10-03 13:46:14,16,71.5743535749005
2024-10-03 13:46:20,24,55.693775253900306
2024-10-03 13:46:21,348,60.17938612620821
2024-10-03 13:46:27,419,54.20873979305376
2024-10-03 13:46:31,173,61.483661834557346
2024-10-03 13:46:32,239,50.14846136415312
2024-10-03 13:46:39,381,61.12773039898113
2024-10-03 13:46:46,94,66.08000300376598
2024-10-03 13:46:47,254,60.931086446424665
2024-10-03 13:46:53,364,56.0283726510013
2024-10-03 13:47:00,20,63.22076567793683
2024-10-03 13:47:01,395,60.223270875382056
2024-10-03 13:47:07,416,55.69139495019538
2024-10-03 13:47:15,352,57.95876090459383
2024-10-03 13:47:19,30,33.22999945515602
2024-10-03 13:47:21,440,43.12424242980885
2024-10-03 13:47:25,413,58.85075079123995
2024-10-03 13:47:33,376,64.71059008276566
2024-10-03 13:47:40,393,65.48220798730127
2024-10-03 13:47:46,233,70.04788611309696
2024-10-03 13:47:47,185,50.61971921934804
2024-10-03 13:47:54,342,65.47222865381411
2024-10-03 13:48:00,47,32.97344471256824
2024-10-03 13:48:02,295,61.46927904335165
2024-10-03 13:48:05,363,52.165411299784644
2024-10-03 13:48:07,31,57.03863739550694
2024-10-03 13:48:13,368,64.61625754216044
2024-10-03 13:48:20,103,55.50445561078896
2024-10-03 13:48:21,310,45.206009429023254
2024-10-03 13:48:25,243,49.147410754936175
2024-10-03 13:48:26,180,64.02120866228387
2024-10-03 13:48:31,387,52.67332903340448
2024-10-03 13:48:32,26,64.24780882162173
2024-10-03 13:48:37,278,47.87494323967354
2024-10-03 13:48:38,146,57.10623122995633
2024-10-03 13:48:44,391,56.68056616297095
2024-10-03 13:48:52,320,68.80574580132756
2024-10-03 13:48:58,89,58.38574917616419
2024-10-03 13:49:00,274,56.0685430060838
2024-10-03 13:49:05,42,59.64743466445078
2024-10-03 13:49:07,342,60.79873874572897
2024-10-03 13:49:12,310,50.44729740709146
2024-10-03 13:49:13,110,47.44306809925876
2024-10-03 13:49:18,146,51.26040634556152
2024-10-03 13:49:19,230,52.870306951661405
2024-10-03 13:49:25,284,63.60231800329021
2024-10-03 13:49:26,100,53.32179507984922
2024-10-03 13:49:33,327,70.28544534617642
2024-10-03 13:49:40,17,61.108981793111695
2024-10-03 13:49:41,343,60.9758984963841
2024-10-03 13:49:47,148,56.53876381864381
2024-10-03 13:49:48,239,63.67380199359675
2024-10-03 13:49:54,183,50.15973656272863
2024-10-03 13:49:55,260,61.310286155156774
2024-10-03 13:50:01,414,58.128479117500795
2024-10-03 13:50:07,149,47.70749371900669
2024-10-03 13:50:09,186,66.16943052487011
2024-10-03 13:50:13,47,52.29996415537084
2024-10-03 13:50:15,413,45.31382154127899
2024-10-03 13:50:18,120,62.15764486446804
2024-10-03 13:50:19,325,46.61736329689266
2024-10-03 13:50:26,383,63.08869016633464
2024-10-03 13:50:32,379,59.2968353752432
2024-10-03 13:50:33,15,60.19826552688308
2024-10-03 13:50:40,401,61.94915681919772
2024-10-03 13:50:47,339,53.92028634886737
2024-10-03 13:50:48,69,73.3172411682298
2024-10-03 13:50:53,236,58.15161450602922
2024-10-03 13:50:54,156,52.52408670014761
2024-10-03 13:51:00,238,60.163773317557954
2024-10-03 13:51:04,149,62.03394461312156
2024-10-03 13:51:05,155,38.09304892209085
2024-10-03 13:51:09,248,56.211930795768026
2024-10-03 13:51:12,348,57.847323775061874
2024-10-03 13:51:14,4,112.39787871597929
2024-10-03 13:51:19,140,53.88061545201102
2024-10-03 13:51:20,253,62.221464235907646
2024-10-03 13:51:28,358,64.00437917476738
2024-10-03 13:51:34,319,64.10183706096409
2024-10-03 13:51:36,46,85.7321491924503
2024-10-03 13:51:43,207,67.3863404892298
2024-10-03 13:51:44,181,56.363927173907705
2024-10-03 13:51:48,110,64.9659562507205
2024-10-03 13:51:50,321,41.77845727689038
2024-10-03 13:51:56,142,54.08541681792615
2024-10-03 13:51:58,224,69.8462339743072
2024-10-03 13:51:59,138,47.36876994700117
2024-10-03 13:52:03,328,42.56427184764443
2024-10-03 13:52:08,386,55.97256528623794
2024-10-03 13:52:14,208,63.804226507537926
2024-10-03 13:52:16,177,60.91271062449548
2024-10-03 13:52:23,386,60.70417578627342
2024-10-03 13:52:30,395,60.09773716729379
2024-10-03 13:52:36,433,50.26280053683163
2024-10-03 13:52:43,176,61.449443352464456
2024-10-03 13:52:46,184,73.8752382343166
2024-10-03 13:52:48,434,45.25799869251565
2024-10-03 13:52:51,32,56.97229678012809
2024-10-03 13:52:55,175,55.19796145259545
2024-10-03 13:52:56,180,59.3508125270805
2024-10-03 13:53:02,50,67.43078811157459
2024-10-03 13:53:03,323,59.92796277168561
2024-10-03 13:53:10,375,63.3742064280967
2024-10-03 13:53:18,373,62.889707850529575
2024-10-03 13:53:26,372,62.92008160164072
2024-10-03 13:53:34,396,57.94897400481129
2024-10-03 13:53:40,413,51.316535732453886
2024-10-03 13:53:45,213,47.26167426035419
2024-10-03 13:53:47,233,55.396054050521535
2024-10-03 13:53:53,344,67.68386787265439
2024-10-03 13:54:00,162,57.0264105012256
2024-10-03 13:54:02,239,60.115267811169396
2024-10-03 13:54:08,450,50.76450138624266
2024-10-03 13:54:14,56,44.89085773852817
2024-10-03 13:54:15,324,53.63205805892048
2024-10-03 13:54:22,447,49.38456301519316
2024-10-03 13:54:25,17,90.78020309934136
2024-10-03 13:54:27,320,60.51597043865856
2024-10-03 13:54:34,22,54.916081761704135
2024-10-03 13:54:35,359,62.40439024670802
2024-10-03 13:54:41,423,55.85111510356217
2024-10-03 13:54:42,17,74.79755447525973
2024-10-03 13:54:49,343,65.96948676230204
2024-10-03 13:54:56,134,59.85248703493449
2024-10-03 13:54:57,258,59.17882370678322
2024-10-03 13:55:02,432,54.844287787920514
2024-10-03 13:55:09,108,62.080575456776586
2024-10-03 13:55:10,247,64.45880557836512
2024-10-03 13:55:17,247,55.570156944769835
2024-10-03 13:55:18,135,63.661530329696944
2024-10-03 13:55:25,292,53.856390339993936
2024-10-03 13:55:26,99,64.52632954440239
2024-10-03 13:55:30,302,48.010634356943314
2024-10-03 13:55:31,132,52.89001165284255
2024-10-03 13:55:36,7,70.35860295201851
2024-10-03 13:55:37,340,61.05461325548561
2024-10-03 13:55:45,334,71.50379760953508
2024-10-03 13:55:50,271,52.37361657870156
2024-10-03 13:55:52,114,70.83959675370029
2024-10-03 13:55:58,207,66.23090840016187
2024-10-03 13:55:59,111,68.82680584071012
2024-10-03 13:56:06,206,70.2699105946819
2024-10-03 13:56:07,125,57.16108642915454
2024-10-03 13:56:14,80,47.1797623740972
2024-10-03 13:56:15,349,54.15175689216353
2024-10-03 13:56:18,252,48.862861530099856
2024-10-03 13:56:20,202,50.93712135827244
2024-10-03 13:56:25,236,61.92783588480464
2024-10-03 13:56:26,146,57.315431341468056
2024-10-03 13:56:33,118,57.929843610238436
2024-10-03 13:56:34,244,64.93174017743871
2024-10-03 13:56:39,138,59.98092794350372
2024-10-03 13:56:40,266,54.818959182199904
2024-10-03 13:56:45,248,64.08776847240802
2024-10-03 13:56:46,148,54.972780939912866
2024-10-03 13:56:53,83,79.50302833448139
2024-10-03 13:56:54,317,59.098605956067274
2024-10-03 13:57:01,258,60.773923277127835
2024-10-03 13:57:02,132,61.63234538981864
2024-10-03 13:57:06,306,58.39050298987019
2024-10-03 13:57:09,71,77.71712806260305
2024-10-03 13:57:14,190,61.43327494265845
2024-10-03 13:57:16,172,63.916557645738365
2024-10-03 13:57:22,117,62.005035499274214
2024-10-03 13:57:23,224,57.20653288371822
2024-10-03 13:57:30,98,56.11644190919617
2024-10-03 13:57:31,287,56.956629676501855
2024-10-03 13:57:37,402,59.029575668457454
2024-10-03 13:57:43,103,58.84625813643952
2024-10-03 13:57:45,293,58.63899796007912
2024-10-03 13:57:50,384,57.72791024771061
2024-10-03 13:57:58,182,51.80028989003623
2024-10-03 13:57:59,252,59.433169097593876
2024-10-03 13:58:03,21,52.767915119764275
2024-10-03 13:58:04,394,51.4173841590997
2024-10-03 13:58:10,153,63.43275281835644
2024-10-03 13:58:11,191,67.86496916194325
2024-10-03 13:58:16,56,56.91832749643906
2024-10-03 13:58:17,397,48.935971993655016
2024-10-03 13:58:22,47,76.09332167216714
2024-10-03 13:58:23,361,54.180968829124105
2024-10-03 13:58:30,288,74.19307379310163
2024-10-03 13:58:38,264,53.910957493518566
2024-10-03 13:58:40,133,61.41314580786202
2024-10-03 13:58:45,391,56.495969157282715
2024-10-03 13:58:50,357,49.201066745631145
2024-10-03 13:58:52,62,61.333678949091876
2024-10-03 13:58:59,389,68.33587389260994
2024-10-03 13:59:07,282,70.90912110909689
2024-10-03 13:59:15,377,56.426903186419395
2024-10-03 13:59:20,110,74.65301894989399
2024-10-03 13:59:21,304,43.18469222756337
2024-10-03 13:59:27,384,57.871291188665566
2024-10-03 13:59:31,230,48.26545022472685
2024-10-03 13:59:33,193,64.8089181563512
2024-10-03 13:59:39,376,66.926856572501
2024-10-03 13:59:47,416,56.37326211443549
2024-10-03 13:59:53,368,63.00600609345407
2024-10-03 13:59:59,374,57.02317523563115
2024-10-03 14:00:00,15,83.15406154476504
2024-10-03 14:00:06,132,62.60081573547979
2024-10-03 14:00:07,210,67.82387117130192
2024-10-03 14:00:15,95,57.443152459154085
2024-10-03 14:00:16,240,75.10843628166934
2024-10-03 14:00:21,320,50.00592631520632
2024-10-03 14:00:22,83,67.92512577906079
2024-10-03 14:00:28,88,61.48918592917379
2024-10-03 14:00:29,305,59.51795405065314
2024-10-03 14:00:36,170,58.536190642908224
2024-10-03 14:00:37,201,61.23462328568265
2024-10-03 14:00:45,372,65.05057930656423
2024-10-03 14:00:51,183,67.76526143557503
2024-10-03 14:00:52,203,61.76907325242857
2024-10-03 14:00:59,266,67.92557498573831
2024-10-03 14:01:00,76,62.92916285726689
2024-10-03 14:01:07,309,72.2642412704841
2024-10-03 14:01:08,73,55.86312869276687
2024-10-03 14:01:15,389,61.999719905614974
2024-10-03 14:01:22,391,61.2250229534174
2024-10-03 14:01:28,214,54.893322848966775
2024-10-03 14:01:29,166,62.09330531183793
2024-10-03 14:01:37,64,52.75738358097201
2024-10-03 14:01:38,308,60.798903945986645
2024-10-03 14:01:44,90,52.67093128369485
2024-10-03 14:01:47,310,63.8431746209613
2024-10-03 14:01:50,410,49.80874304916837
2024-10-03 14:01:53,20,73.59200699505622
2024-10-03 14:01:58,333,69.47548455368262
2024-10-03 14:01:59,31,58.792904261778396
2024-10-03 14:02:06,366,59.8475773615362
2024-10-03 14:02:12,126,53.90967006672429
2024-10-03 14:02:13,267,61.5697884832419
2024-10-03 14:02:20,267,63.29944523631121
2024-10-03 14:02:23,120,68.69911688398345
2024-10-03 14:02:28,418,49.178015345762724
2024-10-03 14:02:32,72,71.23334517312122
2024-10-03 14:02:33,382,56.39323356894752
2024-10-03 14:02:40,325,66.92754398958647
2024-10-03 14:02:41,7,68.20015448945793
2024-10-03 14:02:48,309,64.46036855259015
2024-10-03 14:02:49,36,58.77845097055123
2024-10-03 14:02:55,382,59.64085518898856
2024-10-03 14:03:03,103,53.94611675119309
2024-10-03 14:03:04,268,65.7699478262165
2024-10-03 14:03:08,319,53.002273558585905
2024-10-03 14:03:11,89,58.331193276302464
2024-10-03 14:03:16,249,62.56449499419053
2024-10-03 14:03:17,152,71.73781584385662
2024-10-03 14:03:24,121,66.96836194179122
2024-10-03 14:03:25,229,75.29793829506028
2024-10-03 14:03:32,131,58.392580606932434
2024-10-03 14:03:33,256,63.88996556760071
2024-10-03 14:03:39,197,60.827141821755575
2024-10-03 14:03:40,199,54.74182353245402
2024-10-03 14:03:47,393,65.44305978373637
2024-10-03 14:03:55,305,68.82859598906843
2024-10-03 14:03:56,68,50.21519962446173
2024-10-03 14:04:03,394,61.833915613231824
2024-10-03 14:04:11,145,64.16414603089089
2024-10-03 14:04:12,253,60.7458711184825
2024-10-03 14:04:18,29,43.34469355458591
2024-10-03 14:04:19,335,67.7611988980961
2024-10-03 14:04:26,153,51.66390041785728
2024-10-03 14:04:29,206,67.29981523295538
2024-10-03 14:04:32,398,38.84220180220984
2024-10-03 14:04:33,48,57.500748502156334
2024-10-03 14:04:38,402,64.82084875393541
2024-10-03 14:04:45,281,65.74234469954558
2024-10-03 14:04:46,97,45.859428831239306
2024-10-03 14:04:54,363,62.54876359921373
2024-10-03 14:05:01,312,72.02066144605423
2024-10-03 14:05:02,36,74.97434594029257
2024-10-03 14:05:09,397,59.774967613455885
2024-10-03 14:05:16,427,59.28394496767653
2024-10-03 14:05:23,377,60.83901057402254
2024-10-03 14:05:31,353,64.26781179875698
2024-10-03 14:05:39,71,80.0032112524859
2024-10-03 14:05:40,226,66.75815383811027
2024-10-03 14:05:47,68,61.07533400792997
2024-10-03 14:05:48,297,65.00917720951757
2024-10-03 14:05:55,135,55.846194214552405
2024-10-03 14:05:57,240,66.57951179321859
2024-10-03 14:06:01,282,57.283752924841416
2024-10-03 14:06:04,132,47.69629830193216
2024-10-03 14:06:09,110,65.4182843162307
2024-10-03 14:06:10,307,61.37901354720292
2024-10-03 14:06:17,395,62.84507943617636
2024-10-03 14:06:25,33,50.37446648524855
2024-10-03 14:06:27,329,63.6946557912992
2024-10-03 14:06:31,165,58.930794222837996
2024-10-03 14:06:32,255,52.18339728504158
2024-10-03 14:06:38,383,56.39681491485562
2024-10-03 14:06:45,354,62.37789015306471
2024-10-03 14:06:54,315,66.87720195352138
2024-10-03 14:07:02,397,63.214301272412584
2024-10-03 14:07:09,373,59.32353398421166
2024-10-03 14:07:17,206,60.45505279062526
2024-10-03 14:07:19,164,58.30785495769244
2024-10-03 14:07:23,27,64.62192343802427
2024-10-03 14:07:25,312,53.47266898672559
2024-10-03 14:07:29,208,45.59835926617818
2024-10-03 14:07:31,184,58.045016423297966
2024-10-03 14:07:37,402,53.89113836186602
2024-10-03 14:07:45,367,62.03012025458408
2024-10-03 14:07:51,310,54.39071618557134
2024-10-03 14:07:52,57,68.76877511251541
2024-10-03 14:07:57,173,62.80230945715903
2024-10-03 14:07:58,199,50.48926845527912
2024-10-03 14:08:04,343,67.55030675439237
2024-10-03 14:08:13,261,67.38440569541929
2024-10-03 14:08:14,32,91.10102417571838
2024-10-03 14:08:19,82,65.54020229757356
2024-10-03 14:08:20,296,63.07528560333802
2024-10-03 14:08:27,13,108.00045895320902
2024-10-03 14:08:29,321,61.91875931987639
2024-10-03 14:08:35,15,43.573904453607106
2024-10-03 14:08:37,362,58.199722714414065
2024-10-03 14:08:41,50,65.77413986632234
2024-10-03 14:08:43,339,63.98384836899542
2024-10-03 14:08:49,379,64.97495686150341
2024-10-03 14:08:57,175,61.61095741469974
2024-10-03 14:08:58,189,70.9573571879813
2024-10-03 14:09:05,276,63.30976954910544
2024-10-03 14:09:06,109,60.29268668393542
2024-10-03 14:09:12,372,60.325152975184466
2024-10-03 14:09:18,408,55.970337409519395
2024-10-03 14:09:25,96,64.85299897115486
2024-10-03 14:09:26,254,69.10202962885623
2024-10-03 14:09:34,356,64.95401596719624
2024-10-03 14:09:39,264,68.08039348402856
2024-10-03 14:09:40,83,69.5547428722438
2024-10-03 14:09:48,73,63.63803521189462
2024-10-03 14:09:49,272,74.23799318483607
2024-10-03 14:09:55,326,57.30095678179857
2024-10-03 14:09:56,87,57.62201659735341
2024-10-03 14:10:02,126,61.93386280727352
2024-10-03 14:10:03,256,58.44595492273591
2024-10-03 14:10:10,349,61.08395018817212
2024-10-03 14:10:16,248,66.97272572594109
2024-10-03 14:10:18,124,61.511264818540795
2024-10-03 14:10:24,231,63.49233732043837
2024-10-03 14:10:25,123,67.79910867188546
2024-10-03 14:10:33,385,61.65233623896636
2024-10-03 14:10:38,387,50.619050482990225
2024-10-03 14:10:39,21,55.80395760057346
2024-10-03 14:10:45,344,61.94515898173599
2024-10-03 14:10:47,18,73.69564398619167
2024-10-03 14:10:51,18,53.50212898817656
2024-10-03 14:10:53,334,59.814635502788924
2024-10-03 14:10:59,327,70.87795998903651
2024-10-03 14:11:08,363,70.29592796315245
2024-10-03 14:11:15,399,54.63291666510712
2024-10-03 14:11:22,17,68.63215258709423
2024-10-03 14:11:23,386,59.46899572461327
2024-10-03 14:11:28,31,61.72998079252729
2024-10-03 14:11:29,333,61.90290169846079
2024-10-03 14:11:36,167,57.90350558548893
2024-10-03 14:11:37,180,64.6487787869503
2024-10-03 14:11:44,379,56.093862651746235
2024-10-03 14:11:50,254,51.61051665246227
2024-10-03 14:11:51,100,77.96171764171214
2024-10-03 14:11:57,294,52.590410104667356
2024-10-03 14:11:58,93,64.3171187511076
2024-10-03 14:12:04,112,69.41734296425923
2024-10-03 14:12:05,252,66.58249897167293
2024-10-03 14:12:12,366,67.16154977021166
2024-10-03 14:12:19,337,64.40912008359109
2024-10-03 14:12:26,119,60.50417713136489
2024-10-03 14:12:28,277,58.11782106497252
2024-10-03 14:12:33,320,57.3445907616427
2024-10-03 14:12:34,71,61.474491265946355
2024-10-03 14:12:38,303,57.69349515839474
2024-10-03 14:12:39,96,61.014762311703066
2024-10-03 14:12:47,263,75.11854998173082
2024-10-03 14:12:50,55,71.9016479564531
2024-10-03 14:12:52,260,40.25458142040465
2024-10-03 14:12:55,149,62.16638268792468
2024-10-03 14:12:59,312,70.9761880040482
2024-10-03 14:13:08,354,68.47701827481444
2024-10-03 14:13:15,394,51.02162599591095
2024-10-03 14:13:20,241,55.660069517781764
2024-10-03 14:13:21,131,72.85677754347792
2024-10-03 14:13:28,74,62.332040292900075
2024-10-03 14:13:31,276,61.02761635048242
2024-10-03 14:13:34,233,59.177546445998644
2024-10-03 14:13:37,174,56.02009614274341
2024-10-03 14:13:43,365,66.39940754183326
2024-10-03 14:13:50,370,59.090768785122556
2024-10-03 14:13:56,119,50.57254439414567
2024-10-03 14:13:58,269,52.20047603083955
2024-10-03 14:14:00,269,41.10742078171889
2024-10-03 14:14:03,124,64.73435350833519
2024-10-03 14:14:07,391,58.00197597544467
2024-10-03 14:14:15,385,64.8174297073467
2024-10-03 14:14:22,387,50.01715809237835
2024-10-03 14:14:25,350,39.10344160808388
2024-10-03 14:14:28,212,44.0092453127404
2024-10-03 14:14:31,380,51.81704359087111
2024-10-03 14:14:37,417,53.268157099771216
2024-10-03 14:14:44,30,73.61739754630408
2024-10-03 14:14:45,318,57.729246587369936
2024-10-03 14:14:51,375,60.64262607612325
2024-10-03 14:14:57,281,58.241660223013135
2024-10-03 14:14:59,85,57.71978977434903
2024-10-03 14:15:02,287,56.23450454639574
2024-10-03 14:15:04,89,48.49221442070853
2024-10-03 14:15:10,282,64.84590813814494
2024-10-03 14:15:12,60,50.65491049619822
2024-10-03 14:15:17,323,61.41983162109788
2024-10-03 14:15:19,10,54.87748423484432
2024-10-03 14:15:25,221,70.11044604608787
2024-10-03 14:15:27,81,72.49887332610533
2024-10-03 14:15:33,386,58.610367566759955
2024-10-03 14:15:38,82,77.55288611391354
2024-10-03 14:15:39,319,47.37610507733268
2024-10-03 14:15:46,352,69.45289998215611
2024-10-03 14:15:52,372,49.829684737588444
2024-10-03 14:15:54,45,82.62986778193601
2024-10-03 14:15:55,296,37.74595503447377
2024-10-03 14:15:57,116,53.487957112107985
2024-10-03 14:16:01,215,53.16923302079884
2024-10-03 14:16:03,170,60.65593355257428
2024-10-03 14:16:09,25,80.24213730015181
2024-10-03 14:16:11,310,67.43413221552532
2024-10-03 14:16:16,197,48.497975241823056
2024-10-03 14:16:17,202,58.055316208423214
2024-10-03 14:16:20,37,51.69549083302354
2024-10-03 14:16:22,335,54.59511942475428
2024-10-03 14:16:29,337,68.58801842756809
2024-10-03 14:16:36,71,54.64186246745779
2024-10-03 14:16:37,282,67.86508897239753
2024-10-03 14:16:44,405,52.285576967167195
2024-10-03 14:16:49,156,46.11371364232882
2024-10-03 14:16:50,233,59.10722098300593
2024-10-03 14:16:55,300,57.65509320118477
2024-10-03 14:16:56,37,44.934788195688576
2024-10-03 14:17:03,210,64.16095996840517
2024-10-03 14:17:04,191,51.186115478887444
2024-10-03 14:17:10,256,61.26013582503459
2024-10-03 14:17:11,113,43.48597415121293
2024-10-03 14:17:15,66,51.50888693276585
2024-10-03 14:17:16,331,55.13445234984232
2024-10-03 14:17:22,311,59.0296919741541
2024-10-03 14:17:23,29,59.61101074715186
2024-10-03 14:17:29,143,77.15658681582406
2024-10-03 14:17:31,206,65.64499168995697
2024-10-03 14:17:37,154,63.13310001683111
2024-10-03 14:17:39,173,66.02075512109387
2024-10-03 14:17:43,159,53.976534353501606
2024-10-03 14:17:45,186,66.91548817473286
2024-10-03 14:17:51,156,67.56067230325625
2024-10-03 14:17:53,180,67.76300392245935
2024-10-03 14:17:58,141,60.42949546899945
2024-10-03 14:17:59,183,53.05239872958569
2024-10-03 14:18:06,366,63.90422984720259
2024-10-03 14:18:12,241,51.67309464314101
2024-10-03 14:18:13,161,63.67788269063965
2024-10-03 14:18:19,111,65.61163520244514
2024-10-03 14:18:21,240,63.38051403932713
2024-10-03 14:18:26,419,47.97034181323438
2024-10-03 14:18:31,146,70.4403395355646
2024-10-03 14:18:32,170,63.6249873977186
2024-10-03 14:18:38,13,83.88443093712007
2024-10-03 14:18:40,369,52.08538801091177
2024-10-03 14:18:41,185,40.79285040853204
2024-10-03 14:18:44,268,43.86271364352313
2024-10-03 14:18:48,359,59.5582687892758
2024-10-03 14:18:56,121,79.14677492573682
2024-10-03 14:18:58,239,58.809941376442
2024-10-03 14:19:02,435,47.64426809515607
2024-10-03 14:19:03,8,70.99403156654279
2024-10-03 14:19:08,224,52.92034801139532
2024-10-03 14:19:09,137,57.94356906694279
2024-10-03 14:19:14,9,84.50882455523283
2024-10-03 14:19:15,402,53.4490485661874
2024-10-03 14:19:21,325,62.17439258612092
2024-10-03 14:19:22,25,64.43515006135716
2024-10-03 14:19:29,353,57.08391124113199
2024-10-03 14:19:35,203,54.429817387740904
2024-10-03 14:19:37,178,49.24888566742482
2024-10-03 14:19:41,225,50.000713954113714
2024-10-03 14:19:42,206,55.38241631260967
2024-10-03 14:19:49,355,66.20882905700712
2024-10-03 14:19:55,357,58.68273718803907
2024-10-03 14:20:01,56,46.45152680128052
2024-10-03 14:20:02,316,59.337081762120256
2024-10-03 14:20:09,364,67.09946567486345
2024-10-03 14:20:16,255,60.31395292398385
2024-10-03 14:20:18,102,54.52929565323649
2024-10-03 14:20:23,47,43.83854200769672
2024-10-03 14:20:24,369,54.48099886921117
2024-10-03 14:20:29,226,69.57928111518659
2024-10-03 14:20:31,121,53.2161687312991
2024-10-03 14:20:38,359,60.56085755695469
2024-10-03 14:20:44,413,53.965262304227394
2024-10-03 14:20:50,368,57.589324299079905
2024-10-03 14:20:56,421,55.73175865544244
2024-10-03 14:21:02,126,56.617197294868376
2024-10-03 14:21:03,267,61.52845637024024
2024-10-03 14:21:09,372,53.63268804633319
2024-10-03 14:21:15,147,66.79850061262147
2024-10-03 14:21:16,231,48.14968264188504
2024-10-03 14:21:22,173,58.65875369092749
2024-10-03 14:21:24,181,66.08602675796017
2024-10-03 14:21:31,405,64.2364014750808
2024-10-03 14:21:36,162,65.69068473782792
2024-10-03 14:21:38,224,42.3014272153182
2024-10-03 14:21:42,321,60.41090155619575
2024-10-03 14:21:44,37,55.96951776872813
2024-10-03 14:21:50,67,53.46391973053794
2024-10-03 14:21:51,265,72.93883224713804
2024-10-03 14:21:57,22,58.4109426377953
2024-10-03 14:21:58,369,53.796468191372696
2024-10-03 14:22:03,328,60.09926057421132
2024-10-03 14:22:04,67,60.864121419545164
2024-10-03 14:22:09,267,48.527535759622296
2024-10-03 14:22:10,134,58.63848946361451
2024-10-03 14:22:17,359,64.33308985735393
2024-10-03 14:22:25,349,67.50300947725928
2024-10-03 14:22:32,330,67.12700942553451
2024-10-03 14:22:39,265,66.76728451203208
2024-10-03 14:22:40,78,60.49222409020622
2024-10-03 14:22:46,344,58.30036846424963
2024-10-03 14:22:47,15,78.13798305335244
2024-10-03 14:22:54,382,59.76392853798106
2024-10-03 14:23:00,86,63.66481830975404
2024-10-03 14:23:01,285,59.731734907062545
2024-10-03 14:23:09,357,67.3159603637973
2024-10-03 14:23:16,405,57.7451495190587
2024-10-03 14:23:23,331,63.77436271636897
2024-10-03 14:23:32,355,67.85079026581987
2024-10-03 14:23:40,419,51.134738889735445
2024-10-03 14:23:44,341,48.24718815546258
2024-10-03 14:23:45,71,62.74685339380262
2024-10-03 14:23:49,286,59.20414366569707
2024-10-03 14:23:50,75,63.794905111525416
2024-10-03 14:23:57,201,71.10339935403776
2024-10-03 14:23:59,150,59.177860267030084
2024-10-03 14:24:04,72,55.1013996273054
2024-10-03 14:24:06,349,54.74573581469676
2024-10-03 14:24:11,106,42.92043269061081
2024-10-03 14:24:12,276,60.50808447678967
2024-10-03 14:24:17,410,53.86765377030109
2024-10-03 14:24:24,116,62.54554779413849
2024-10-03 14:24:29,234,67.66909435870997
2024-10-03 14:24:33,501,38.92318211818882
2024-10-03 14:24:35,344,59.73574697014803
2024-10-03 14:24:37,17,62.22417256048022
2024-10-03 14:24:41,34,70.9260039706204
2024-10-03 14:24:43,394,51.06647161487663
2024-10-03 14:24:48,317,60.659463096671914
2024-10-03 14:24:49,32,52.60467357337649
2024-10-03 14:24:55,315,50.98662046986861
2024-10-03 14:24:57,128,54.108492024825324
2024-10-03 14:25:03,15,68.84379489590583
2024-10-03 14:25:04,339,67.12844673919285
2024-10-03 14:25:10,402,54.412197017602864
2024-10-03 14:25:17,401,57.59252754188232
2024-10-03 14:25:23,132,62.123481665309406
2024-10-03 14:25:24,243,61.593252966942906
2024-10-03 14:25:31,401,60.17445103229683
2024-10-03 14:25:38,372,61.740903510241935
2024-10-03 14:25:45,231,65.6009844303264
2024-10-03 14:25:46,151,54.92646285588231
2024-10-03 14:25:53,386,63.064121633389306
2024-10-03 14:26:02,155,72.10345643245368
2024-10-03 14:26:03,187,71.78435287672266
2024-10-03 14:26:07,323,47.79040261697475
2024-10-03 14:26:09,102,47.12675491214968
2024-10-03 14:26:14,13,52.99471187634236
2024-10-03 14:26:15,359,57.59477277666094
2024-10-03 14:26:21,212,61.872453600955346
2024-10-03 14:26:22,184,59.17575442289692
2024-10-03 14:26:28,363,58.41986518373057
2024-10-03 14:26:35,232,66.28901894851896
2024-10-03 14:26:36,124,70.49023895319306
2024-10-03 14:26:42,39,69.89628154199538
2024-10-03 14:26:44,301,61.68599718652988
2024-10-03 14:26:50,317,72.46964703631295
2024-10-03 14:26:52,23,89.6374532342376
2024-10-03 14:26:58,410,62.462186321105506
2024-10-03 14:27:05,361,61.926725879501355
2024-10-03 14:27:06,24,42.31785343235034
2024-10-03 14:27:12,329,63.46843875327915
2024-10-03 14:27:19,263,58.63096150506881
2024-10-03 14:27:20,131,75.8498319321166
2024-10-03 14:27:27,240,64.91629581535231
2024-10-03 14:27:28,155,48.299567102045216
2024-10-03 14:27:33,396,52.86536074166602
2024-10-03 14:27:41,151,54.17681982209062
2024-10-03 14:27:42,225,63.27370071404303
2024-10-03 14:27:48,215,62.87904584677848
2024-10-03 14:27:49,145,59.647345526132106
2024-10-03 14:27:55,365,62.30511964376251
2024-10-03 14:28:01,296,58.15106340497158
2024-10-03 14:28:03,77,65.46193623944887
2024-10-03 14:28:09,94,68.6584585500467
2024-10-03 14:28:11,241,62.916678530452295
2024-10-03 14:28:18,368,61.42405496260121
2024-10-03 14:28:26,161,76.59222624442766
2024-10-03 14:28:30,469,47.5358062436058
2024-10-03 14:28:34,183,47.44383453363405
2024-10-03 14:28:37,345,66.78784538425533
2024-10-03 14:28:44,340,66.33149018737022
2024-10-03 14:28:53,360,70.29034476270647
2024-10-03 14:29:00,79,63.92315973065408
2024-10-03 14:29:01,293,60.895049344701185
2024-10-03 14:29:08,28,89.14046177505293
2024-10-03 14:29:09,351,59.03944681318766
2024-10-03 14:29:14,172,40.82451579049541
2024-10-03 14:29:16,227,58.91641067196478
2024-10-03 14:29:19,79,50.90733736635178
2024-10-03 14:29:20,299,48.711036224418486
2024-10-03 14:29:25,190,62.413781293316376
2024-10-03 14:29:27,203,45.746485051565614
2024-10-03 14:29:32,52,71.66996221723545
2024-10-03 14:29:33,306,63.82333819345144
2024-10-03 14:29:40,384,65.00177558752802
2024-10-03 14:29:49,302,74.19106167713258
2024-10-03 14:29:55,335,60.98154008807456
2024-10-03 14:29:57,13,72.73762019019968
2024-10-03 14:30:03,98,66.67279468490625
2024-10-03 14:30:04,197,66.94297693475121
2024-10-03 14:30:10,329,53.14959682730532
2024-10-03 14:30:11,68,63.00971177389445
2024-10-03 14:30:18,108,54.65300948877218
2024-10-03 14:30:19,240,73.14895026108962
2024-10-03 14:30:25,380,55.26431523555337
2024-10-03 14:30:31,252,56.05242057376395
2024-10-03 14:30:32,171,47.239965468358264
2024-10-03 14:30:38,332,61.707967749274694
2024-10-03 14:30:39,33,63.132605944739446
2024-10-03 14:30:47,39,63.18708475244137
2024-10-03 14:30:48,306,62.719598885085276
2024-10-03 14:30:51,3,80.89526485383129
2024-10-03 14:30:53,416,52.00047681813851
2024-10-03 14:30:59,213,62.067270176684964
2024-10-03 14:31:00,163,63.300985890858065
2024-10-03 14:31:08,356,68.66462605673723
2024-10-03 14:31:15,408,55.62380664728852
2024-10-03 14:31:22,167,65.66156210369434
2024-10-03 14:31:23,242,56.80899952295751
2024-10-03 14:31:29,396,53.29979503064981
2024-10-03 14:31:36,167,58.35411313825608
2024-10-03 14:31:37,220,62.15475140491732
2024-10-03 14:31:40,91,76.47851701334923
2024-10-03 14:31:43,313,54.43775413633619
2024-10-03 14:31:48,70,44.764242343093386
2024-10-03 14:31:51,297,74.4842017116769
2024-10-03 14:31:56,417,49.73910836846524
2024-10-03 14:32:01,191,62.39291142697153
2024-10-03 14:32:02,157,54.35494041280564
2024-10-03 14:32:08,399,56.30862872568778
2024-10-03 14:32:14,406,54.849649601348744
2024-10-03 14:32:20,356,49.88560521670098
2024-10-03 14:32:22,66,55.217803383537145
2024-10-03 14:32:27,357,53.264263479096854
2024-10-03 14:32:34,260,63.535291584720426
2024-10-03 14:32:38,49,59.817910706960355
2024-10-03 14:32:39,84,35.885134371251354
2024-10-03 14:32:43,320,44.98001843194466
2024-10-03 14:32:46,415,55.24163967187775
2024-10-03 14:32:53,51,48.96230154876582
2024-10-03 14:32:54,324,69.75004671563539
2024-10-03 14:33:01,381,63.479540068119775
2024-10-03 14:33:02,12,56.86285453032438
2024-10-03 14:33:07,273,51.35560892520009
2024-10-03 14:33:08,93,62.3909170079733
2024-10-03 14:33:15,313,64.58947605752692
2024-10-03 14:33:16,38,65.0791554912688
2024-10-03 14:33:22,352,67.6333970996572
2024-10-03 14:33:24,14,76.21706975625294
2024-10-03 14:33:30,18,72.56314071919653
2024-10-03 14:33:32,385,65.27042164028143
2024-10-03 14:33:38,56,64.5499383029762
2024-10-03 14:33:39,348,64.29941757610752
2024-10-03 14:33:46,369,58.30133093322434
2024-10-03 14:33:47,11,50.368713414148694
2024-10-03 14:33:52,129,60.699503281636716
2024-10-03 14:33:53,299,45.895445742433175
2024-10-03 14:33:57,174,57.9853468224025
2024-10-03 14:33:59,219,49.30799462539463
2024-10-03 14:34:05,393,58.869335093440185
2024-10-03 14:34:13,183,58.70236826703275
2024-10-03 14:34:14,232,52.920725594258684
2024-10-03 14:34:18,332,44.202026949473066
2024-10-03 14:34:19,91,59.005798981662394
2024-10-03 14:34:23,141,62.69125461284406
2024-10-03 14:34:24,285,51.95264734135212
2024-10-03 14:34:28,33,85.08326432264683
2024-10-03 14:34:30,403,54.1427483560334
2024-10-03 14:34:37,376,62.55697040980489
2024-10-03 14:34:45,383,60.79489584797725
2024-10-03 14:34:53,226,52.2493863292885
2024-10-03 14:34:54,177,61.0556093592828
2024-10-03 14:34:59,127,44.06510650534044
2024-10-03 14:35:00,266,59.84043046587384
2024-10-03 14:35:07,367,63.67039424575967
2024-10-03 14:35:13,383,50.87396723498006
2024-10-03 14:35:15,48,52.04172780817024
2024-10-03 14:35:20,418,50.27189478481772
2024-10-03 14:35:23,246,48.938607451802675
2024-10-03 14:35:25,127,64.1948924804581
2024-10-03 14:35:31,401,57.63307643420848
2024-10-03 14:35:38,287,63.40334196835767
2024-10-03 14:35:42,85,60.12939187543137
2024-10-03 14:35:45,291,41.86364477148862
2024-10-03 14:35:47,130,59.24017532392916
2024-10-03 14:35:51,389,62.30554729857541
2024-10-03 14:35:57,356,59.38500361797579
2024-10-03 14:35:59,73,45.8416814113736
2024-10-03 14:36:04,375,63.625608114354975
2024-10-03 14:36:12,78,70.99574818559852
2024-10-03 14:36:13,294,65.48974251488141
2024-10-03 14:36:19,399,63.66178633926411
2024-10-03 14:36:27,33,52.42596815228934
2024-10-03 14:36:28,289,72.86893560190225
2024-10-03 14:36:35,407,53.30692641621985
2024-10-03 14:36:40,252,52.0173329322811
2024-10-03 14:36:42,146,69.88701166245397
2024-10-03 14:36:48,134,76.63849689504974
2024-10-03 14:36:49,245,66.34010370708832
2024-10-03 14:36:55,410,54.40703491395134
2024-10-03 14:37:01,415,52.06376407059762
2024-10-03 14:37:08,331,71.57306232225714
2024-10-03 14:37:17,112,71.86948744611628
2024-10-03 14:37:19,248,63.036387097084045
2024-10-03 14:37:23,234,47.93055236546998
2024-10-03 14:37:25,234,37.558950357345594
2024-10-03 14:37:29,285,66.96613875342955
2024-10-03 14:37:30,85,59.613687135320575
2024-10-03 14:37:36,70,53.00502698891813
2024-10-03 14:37:37,338,55.792985292154
2024-10-03 14:37:43,250,44.953179144245794
2024-10-03 14:37:44,174,68.20323478962399
2024-10-03 14:37:50,377,57.29364883405545
2024-10-03 14:37:57,381,56.61730210619653
2024-10-03 14:37:58,18,74.16515516637565
2024-10-03 14:38:05,394,55.93385017766208
2024-10-03 14:38:12,173,53.957791301132225
2024-10-03 14:38:13,208,59.93293471136399
2024-10-03 14:38:18,300,48.8720205849857
2024-10-03 14:38:19,139,46.953253460695144
2024-10-03 14:38:25,142,73.52294260089761
2024-10-03 14:38:26,203,70.56809754962003
2024-10-03 14:38:33,334,72.09620948299134
2024-10-03 14:38:41,386,60.534871166490746
2024-10-03 14:38:48,129,60.5073479202974
2024-10-03 14:38:49,161,75.61996713353831
2024-10-03 14:38:56,349,61.78205806880581
2024-10-03 14:39:04,375,61.62654408474454
2024-10-03 14:39:12,251,63.40529871963813
2024-10-03 14:39:13,108,55.674856691381656
2024-10-03 14:39:19,383,56.249014529063274
2024-10-03 14:39:26,356,53.48773598062866
2024-10-03 14:39:28,34,75.13368285283063
2024-10-03 14:39:33,306,47.804697146564386
2024-10-03 14:39:34,110,58.828535005482976
2024-10-03 14:39:39,105,60.035574225859804
2024-10-03 14:39:40,280,50.45785181732273
2024-10-03 14:39:44,360,50.010258415104424
2024-10-03 14:39:45,9,83.3921855940082
2024-10-03 14:39:50,92,66.90193163317517
2024-10-03 14:39:51,286,60.99543769319416
2024-10-03 14:39:57,221,65.86526047820729
2024-10-03 14:39:58,182,50.64087852214281
2024-10-03 14:40:05,315,73.78890807317313
2024-10-03 14:40:13,341,70.38211130424077
2024-10-03 14:40:21,346,68.5686492857472
2024-10-03 14:40:29,92,66.2576382025361
2024-10-03 14:40:32,246,67.99368856342295
2024-10-03 14:40:37,110,56.300651332141676
2024-10-03 14:40:39,297,56.500655599318
2024-10-03 14:40:44,445,48.83971422978772
2024-10-03 14:40:47,158,49.30645175081977
2024-10-03 14:40:49,279,50.4589032966009
2024-10-03 14:40:55,334,67.58545910385584
2024-10-03 14:41:03,25,70.33025414142385
2024-10-03 14:41:06,363,55.07380291656166
2024-10-03 14:41:07,142,48.59596312363467
2024-10-03 14:41:10,299,42.206736685857656
2024-10-03 14:41:14,355,59.944259358006875
2024-10-03 14:41:22,242,68.80870177796375
2024-10-03 14:41:23,107,62.76727255105617
2024-10-03 14:41:30,278,68.6727299973702
2024-10-03 14:41:31,24,65.24601803191074
2024-10-03 14:41:38,320,57.42324459101542
2024-10-03 14:41:40,48,61.76839125316233
2024-10-03 14:41:46,399,55.15275439859494
2024-10-03 14:41:53,419,58.369594867533436
2024-10-03 14:41:54,7,61.43197992393373
2024-10-03 14:42:00,124,65.63906660102703
2024-10-03 14:42:01,257,58.209488240853666
2024-10-03 14:42:07,398,53.12209542157915
2024-10-03 14:42:13,419,50.21291648166675
2024-10-03 14:42:20,92,66.16224463960677
2024-10-03 14:42:21,276,64.03141663111614
2024-10-03 14:42:25,134,53.57229624289413
2024-10-03 14:42:26,281,52.224941261447135
2024-10-03 14:42:32,269,60.193099048611444
2024-10-03 14:42:33,132,51.41793705244535
2024-10-03 14:42:38,141,52.013724188426764
2024-10-03 14:42:40,264,57.83090370904974
2024-10-03 14:42:44,410,58.457147494377175
2024-10-03 14:42:52,180,59.18329424598496
2024-10-03 14:42:54,212,58.7144371350816
2024-10-03 14:43:00,197,61.671619473289205
2024-10-03 14:43:01,158,65.03176933202379
2024-10-03 14:43:06,385,58.70274100673709
2024-10-03 14:43:13,193,67.02429333176174
2024-10-03 14:43:14,206,48.61816909810324
2024-10-03 14:43:21,416,58.57787443793087
2024-10-03 14:43:26,406,50.88020023781772
2024-10-03 14:43:31,422,56.40305136198069
2024-10-03 14:43:38,362,64.21947713008734
2024-10-03 14:43:45,220,64.38667944392391
2024-10-03 14:43:47,163,70.52493797974061
2024-10-03 14:43:54,162,66.20413383185705
2024-10-03 14:43:55,185,63.34661161983848
2024-10-03 14:43:59,192,49.958825690270395
2024-10-03 14:44:01,176,58.552944526260234
2024-10-03 14:44:08,245,78.57551092946143
2024-10-03 14:44:09,71,65.80708488864607
2024-10-03 14:44:14,49,75.47339804420513
2024-10-03 14:44:15,353,64.23463240533762
2024-10-03 14:44:22,69,67.46051864409733
2024-10-03 14:44:23,278,68.28277158938027
2024-10-03 14:44:30,328,62.24869933663721
2024-10-03 14:44:31,54,61.163567069006255
2024-10-03 14:44:36,207,61.4543537577484
2024-10-03 14:44:37,153,55.295817806365065
2024-10-03 14:44:44,334,72.43887874149893
2024-10-03 14:44:52,361,68.67620433206581
2024-10-03 14:45:00,402,56.92795316443139
2024-10-03 14:45:05,224,64.66337693389406
2024-10-03 14:45:06,133,57.99297781201099
2024-10-03 14:45:13,253,72.96608203491235
2024-10-03 14:45:14,31,69.25365833664985
2024-10-03 14:45:21,360,59.817740406674275
2024-10-03 14:45:23,38,78.2792371062983
2024-10-03 14:45:28,440,54.518132153282906
2024-10-03 14:45:35,368,60.706254719108706
2024-10-03 14:45:42,331,62.06618188618235
2024-10-03 14:45:43,42,53.51439651162538
2024-10-03 14:45:49,133,69.29245285072051
2024-10-03 14:45:50,226,70.07221193891432
2024-10-03 14:45:58,385,59.62378944197505
2024-10-03 14:46:03,101,54.69031818819544
2024-10-03 14:46:05,290,63.212940626478066
2024-10-03 14:46:11,164,66.6624570558664
2024-10-03 14:46:12,211,58.97168994038984
2024-10-03 14:46:18,403,59.59198216026692
2024-10-03 14:46:26,47,70.37963175199998
2024-10-03 14:46:29,343,57.57940680778376
2024-10-03 14:46:31,182,46.447543108662074
2024-10-03 14:46:34,268,46.72764591960295
2024-10-03 14:46:37,122,56.64869287152355
2024-10-03 14:46:39,243,58.43639204885588
2024-10-03 14:46:44,229,59.30534882471608
2024-10-03 14:46:45,136,70.62089851247126
2024-10-03 14:46:51,355,58.089276321762284
2024-10-03 14:46:58,295,54.92806961034556
2024-10-03 14:47:00,96,57.93770832441442
2024-10-03 14:47:06,381,56.16917562689663
2024-10-03 14:47:12,22,67.68721010347967
2024-10-03 14:47:14,375,58.77107793327803
2024-10-03 14:47:17,83,61.23547302245363
2024-10-03 14:47:19,315,47.22964521779586
2024-10-03 14:47:25,298,65.94633935075824
2024-10-03 14:47:26,72,60.066709376403715
2024-10-03 14:47:32,123,53.10244854132926
2024-10-03 14:47:34,230,57.12159047430095
2024-10-03 14:47:37,265,50.45760944185908
2024-10-03 14:47:39,150,45.769639648241856
2024-10-03 14:47:45,398,60.86418977739299
2024-10-03 14:47:51,348,63.310571221611426
2024-10-03 14:47:58,129,54.663722722624705
2024-10-03 14:47:59,282,59.835152354763764
2024-10-03 14:48:06,391,61.171291999023914
2024-10-03 14:48:12,53,47.544049772646545
2024-10-03 14:48:13,323,64.68433354128918
2024-10-03 14:48:20,64,55.97364310136329
2024-10-03 14:48:21,340,59.61671882465522
2024-10-03 14:48:26,25,53.30758664615441
2024-10-03 14:48:28,382,58.18523381850976
2024-10-03 14:48:33,306,53.06948358130618
2024-10-03 14:48:34,90,40.68322794466611
2024-10-03 14:48:38,332,56.28063047220516
2024-10-03 14:48:39,21,57.58730655939107
2024-10-03 14:48:44,128,75.28061193886744
2024-10-03 14:48:45,209,67.16721224651205
2024-10-03 14:48:51,174,69.45260218219691
2024-10-03 14:48:52,194,61.179397434401345
2024-10-03 14:48:59,287,57.97130106778609
2024-10-03 14:49:01,88,50.7495400969314
2024-10-03 14:49:07,341,56.635186751588705
2024-10-03 14:49:10,53,56.749394294144125
2024-10-03 14:49:13,195,44.84679586285934
2024-10-03 14:49:15,191,62.29111659816453
2024-10-03 14:49:20,141,56.40324774865535
2024-10-03 14:49:21,221,65.34814067502742
2024-10-03 14:49:27,155,66.63243770949084
2024-10-03 14:49:28,216,54.419844029230525
2024-10-03 14:49:34,337,53.73985805904092
2024-10-03 14:49:35,54,73.51807102400618
2024-10-03 14:49:41,325,63.817485741011446
2024-10-03 14:49:46,134,62.2537978079983
2024-10-03 14:49:48,216,50.330183506839404
2024-10-03 14:49:54,101,73.86777133644401
2024-10-03 14:49:55,324,53.87883833819554
2024-10-03 14:50:02,33,58.760489512958785
2024-10-03 14:50:03,322,61.61895214614363
2024-10-03 14:50:09,396,62.14765325221074
2024-10-03 14:50:17,115,66.80806494876491
2024-10-03 14:50:20,444,38.15461081575765
2024-10-03 14:50:22,251,63.62847607168188
2024-10-03 14:50:25,89,43.67634217678307
2024-10-03 14:50:28,106,64.667132026813
2024-10-03 14:50:29,253,69.44989345963975
2024-10-03 14:50:35,280,62.632438848164654
2024-10-03 14:50:37,111,53.47714205392995
2024-10-03 14:50:43,255,62.4337943201218
2024-10-03 14:50:44,122,60.31708662508923
2024-10-03 14:50:51,353,64.633228617259
2024-10-03 14:50:59,334,68.83395964779608
2024-10-03 14:51:07,176,68.04886455106941
2024-10-03 14:51:08,207,65.29245516200498
2024-10-03 14:51:13,238,59.74823440375993
2024-10-03 14:51:15,180,52.36789495546305
2024-10-03 14:51:21,358,62.942000910063285
2024-10-03 14:51:29,339,70.56714711506358
2024-10-03 14:51:38,335,64.24806391565069
2024-10-03 14:51:45,213,76.96079658889104
2024-10-03 14:51:46,86,57.77298828952091
2024-10-03 14:51:53,139,53.57797138882546
2024-10-03 14:51:54,234,61.3470226203517
2024-10-03 14:52:01,393,55.86119047039511
2024-10-03 14:52:06,313,55.1539999699397
2024-10-03 14:52:08,96,63.61628196057484
2024-10-03 14:52:13,315,72.50237780566752
2024-10-03 14:52:21,439,55.13463338496123
2024-10-03 14:52:28,406,61.11266145749711
2024-10-03 14:52:35,48,55.77195260895479
2024-10-03 14:52:36,313,71.18856861907359
2024-10-03 14:52:42,116,54.895767420624004
2024-10-03 14:52:43,271,59.09293984286586
2024-10-03 14:52:50,96,57.14204797636626
2024-10-03 14:52:52,293,57.40029644598784
2024-10-03 14:52:58,434,52.044398108650554
2024-10-03 14:53:02,357,52.0315045202353
2024-10-03 14:53:04,60,51.474593144062176
2024-10-03 14:53:09,119,61.9300779985799
2024-10-03 14:53:10,285,46.444000527399865
2024-10-03 14:53:16,225,63.97045159020521
2024-10-03 14:53:17,146,68.81190658185444
2024-10-03 14:53:23,375,60.259936660679514
2024-10-03 14:53:29,213,53.42271876678741
2024-10-03 14:53:30,191,51.12139470840016
2024-10-03 14:53:35,354,60.13379987502115
2024-10-03 14:53:36,68,45.94711429523659
2024-10-03 14:53:42,398,55.489055411219226
2024-10-03 14:53:48,156,55.746886615502774
2024-10-03 14:53:49,222,63.02337689011317
2024-10-03 14:53:57,414,60.37090343785949
2024-10-03 14:54:04,234,71.43412352941066
2024-10-03 14:54:05,124,59.21308067689035
2024-10-03 14:54:12,265,67.92097859474767
2024-10-03 14:54:15,147,62.81445565778082
2024-10-03 14:54:18,229,48.19670801161708
2024-10-03 14:54:19,234,50.84537359725483
2024-10-03 14:54:26,367,59.33790579889477
2024-10-03 14:54:33,279,69.71976726675062
2024-10-03 14:54:34,67,86.2397303893129
2024-10-03 14:54:40,405,56.40255018065003
2024-10-03 14:54:45,103,54.54549109901755
2024-10-03 14:54:47,279,54.95582432136973
2024-10-03 14:54:53,114,72.54702625733027
2024-10-03 14:54:54,259,61.445900724778596
2024-10-03 14:55:01,337,65.57972859827221
2024-10-03 14:55:08,344,64.38361242971537
2024-10-03 14:55:16,166,69.6477626715176
2024-10-03 14:55:17,198,62.11074377918426
2024-10-03 14:55:23,168,53.72589096114695
2024-10-03 14:55:24,224,59.901971280514104
2024-10-03 14:55:30,346,60.29717642765094
2024-10-03 14:55:38,334,61.46127534806805
2024-10-03 14:55:46,48,76.09124017968195
2024-10-03 14:55:48,321,56.30244830489174
2024-10-03 14:55:52,143,63.380334638915144
2024-10-03 14:55:53,219,45.3119693439668
2024-10-03 14:55:59,51,65.55556922117032
2024-10-03 14:56:00,293,63.58751818014617
2024-10-03 14:56:07,248,73.04290668651167
2024-10-03 14:56:10,13,50.230941582025324
2024-10-03 14:56:15,13,74.4138390761648
2024-10-03 14:56:16,421,47.296096579046335
2024-10-03 14:56:21,406,59.881606931998135
2024-10-03 14:56:28,227,67.57816643840496
2024-10-03 14:56:30,161,54.423718328259234
2024-10-03 14:56:35,72,65.76308280234643
2024-10-03 14:56:37,342,52.210889790268546
2024-10-03 14:56:41,304,51.487167510521374
2024-10-03 14:56:42,101,59.968999962556616
2024-10-03 14:56:48,190,59.638346820383354
2024-10-03 14:56:49,194,61.34444831011909
2024-10-03 14:56:53,368,55.26755094382671
2024-10-03 14:56:54,26,57.458895275242604
2024-10-03 14:56:59,133,73.54718796574595
2024-10-03 14:57:01,238,64.95106182694046
2024-10-03 14:57:07,158,68.80137558957496
2024-10-03 14:57:08,153,69.7237945909051
2024-10-03 14:57:15,368,60.37329008395472
2024-10-03 14:57:16,15,62.663484309057374
2024-10-03 14:57:23,363,63.36479417344192
2024-10-03 14:57:30,175,63.08761612574451
2024-10-03 14:57:31,196,54.953849851846634
2024-10-03 14:57:38,139,55.41039938574396
2024-10-03 14:57:40,222,56.1336337749143
2024-10-03 14:57:45,404,52.01170014111091
2024-10-03 14:57:50,74,57.78101927890519
2024-10-03 14:57:51,317,51.93817043613578
2024-10-03 14:57:57,293,57.78211148696985
2024-10-03 14:57:58,96,46.0289184609562
2024-10-03 14:58:03,202,56.94027999302909
2024-10-03 14:58:05,160,63.60031320446528
2024-10-03 14:58:11,130,64.4522268791967
2024-10-03 14:58:12,243,59.482058170122755
2024-10-03 14:58:19,141,48.703944759013474
2024-10-03 14:58:20,262,57.12021362980657
2024-10-03 14:58:25,378,66.33219930513327
2024-10-03 14:58:32,109,54.82086609529855
2024-10-03 14:58:34,285,56.62885627247012
2024-10-03 14:58:40,220,56.7991406138929
2024-10-03 14:58:43,156,64.00614517209581
2024-10-03 14:58:48,385,52.83597635060421
2024-10-03 14:58:53,78,57.84728190836588
2024-10-03 14:58:54,332,57.49606055783916
2024-10-03 14:59:02,296,68.37909102125109
2024-10-03 14:59:03,70,66.83943608426407
2024-10-03 14:59:09,292,55.344214881357395
2024-10-03 14:59:10,89,68.6042028027396
2024-10-03 14:59:15,360,56.954290977202426
2024-10-03 14:59:16,81,47.40064070888433
2024-10-03 14:59:22,267,62.42262414144265
2024-10-03 14:59:23,104,74.74644963952778
2024-10-03 14:59:29,18,65.64325252289657
2024-10-03 14:59:31,435,57.70200942285779
2024-10-03 14:59:37,96,66.46058107415365
2024-10-03 14:59:38,297,63.53978922107311
2024-10-03 14:59:45,385,57.80962950703729
2024-10-03 14:59:52,413,59.660465366112724
2024-10-03 14:59:59,299,59.818241760483176
2024-10-03 15:00:01,107,57.50826160069195
2024-10-03 15:00:08,409,61.4925556885248
2024-10-03 15:00:13,439,49.52146415394365
2024-10-03 15:00:14,23,33.661419935086066
2024-10-03 15:00:18,309,55.08394378919153
2024-10-03 15:00:19,92,53.69459654238477
2024-10-03 15:00:26,114,57.67711099588815
2024-10-03 15:00:27,266,60.644635562543684
2024-10-03 15:00:33,153,60.71080310633275
2024-10-03 15:00:34,206,64.3916548068407
2024-10-03 15:00:41,371,59.65627362680548
2024-10-03 15:00:45,147,50.75269715485815
2024-10-03 15:00:47,299,51.833451758045115
2024-10-03 15:00:53,173,74.70896861527528
2024-10-03 15:00:57,150,79.8648527638144
2024-10-03 15:01:00,224,57.17151328463804
2024-10-03 15:01:01,242,48.60988221595784
2024-10-03 15:01:08,275,66.46395814084607
2024-10-03 15:01:10,106,60.76851497958915
2024-10-03 15:01:12,78,54.37488122107494
2024-10-03 15:01:16,313,42.057505483907036
2024-10-03 15:01:20,360,63.96799316465323
2024-10-03 15:01:21,32,65.8510722460694
2024-10-03 15:01:27,174,46.02735742768416
2024-10-03 15:01:28,247,63.58475378973075
2024-10-03 15:01:33,458,52.22163254258196
2024-10-03 15:01:40,365,64.47008403616131
2024-10-03 15:01:49,388,60.706311581204055
2024-10-03 15:01:54,358,48.314457888635104
2024-10-03 15:01:56,84,59.07271323737301
2024-10-03 15:02:02,50,63.0403768318571
2024-10-03 15:02:03,340,64.72015338386531
2024-10-03 15:02:10,434,53.68168548309996
2024-10-03 15:02:16,350,63.8513630714918
2024-10-03 15:02:23,195,63.51283544512823
2024-10-03 15:02:24,170,64.15680191517868
2024-10-03 15:02:31,368,66.35383318788313
2024-10-03 15:02:39,386,59.1758123062759
2024-10-03 15:02:46,381,58.538239624433956
2024-10-03 15:02:53,306,64.84688283791671
2024-10-03 15:02:54,81,60.2073739806962
2024-10-03 15:03:01,377,62.14232219567598
2024-10-03 15:03:08,341,67.50213601596144
2024-10-03 15:03:16,233,53.92768652812321
2024-10-03 15:03:17,142,75.17770100127137
2024-10-03 15:03:23,304,59.696968402982115
2024-10-03 15:03:24,107,47.4544271426239
2024-10-03 15:03:32,75,71.3332196541542
2024-10-03 15:03:33,271,61.21312921762938
2024-10-03 15:03:38,275,56.67508651671893
2024-10-03 15:03:40,98,51.674640846490604
2024-10-03 15:03:46,328,66.84697151918093
2024-10-03 15:03:54,175,64.89095162252096
2024-10-03 15:03:56,202,65.61020186546904
2024-10-03 15:04:01,213,60.21678477547217
2024-10-03 15:04:03,171,65.28674992937084
2024-10-03 15:04:10,369,70.0070454233875
2024-10-03 15:04:17,324,64.90088030868199
2024-10-03 15:04:18,51,62.564104112524994
2024-10-03 15:04:25,405,60.57354939937306
2024-10-03 15:04:33,332,62.20573879126769
2024-10-03 15:04:34,80,65.34590470278384
2024-10-03 15:04:40,414,56.84365429307796
2024-10-03 15:04:47,266,60.850205715345055
2024-10-03 15:04:48,118,65.29613078005472
2024-10-03 15:04:55,386,56.38542167004622
2024-10-03 15:05:02,136,61.58588089204874
2024-10-03 15:05:03,254,65.58545389819157
2024-10-03 15:05:10,397,61.73736346228072
2024-10-03 15:05:18,406,65.2808329931951
2024-10-03 15:05:26,253,64.52502665412568
2024-10-03 15:05:28,125,72.52827272178354
2024-10-03 15:05:35,380,58.98747902608368
2024-10-03 15:05:41,352,55.6404797924783
2024-10-03 15:05:42,45,73.38352920313254
2024-10-03 15:05:48,99,65.62519983063929
2024-10-03 15:05:49,299,60.92566437440186
2024-10-03 15:05:55,97,59.69935276056828
2024-10-03 15:05:57,311,54.107410102745085
2024-10-03 15:06:03,351,69.02512444528458
2024-10-03 15:06:11,286,62.208863915189895
2024-10-03 15:06:12,126,63.50288913793247
2024-10-03 15:06:19,384,63.16319739488068
2024-10-03 15:06:27,373,63.14410143630302
2024-10-03 15:06:34,215,71.73912598883312
2024-10-03 15:06:36,130,67.1836369304312
2024-10-03 15:06:42,156,48.75232972739366
2024-10-03 15:06:43,239,68.95385543385657
2024-10-03 15:06:50,296,64.81121817445634
2024-10-03 15:06:51,84,65.46717195026929
2024-10-03 15:06:58,415,56.98173855459791
2024-10-03 15:07:05,400,62.07629007005956
2024-10-03 15:07:13,386,59.776865575336124
2024-10-03 15:07:21,351,62.63921759170138
2024-10-03 15:07:29,370,61.14943193862917
2024-10-03 15:07:37,62,64.40021513445878
2024-10-03 15:07:38,349,56.26852793018277
2024-10-03 15:07:45,353,56.58509446544637
2024-10-03 15:07:53,102,67.23187296113537
2024-10-03 15:07:55,236,73.49061830576896
2024-10-03 15:07:59,227,60.464275299654446
2024-10-03 15:08:01,150,43.72279861278182
2024-10-03 15:08:06,60,60.91093752623682
2024-10-03 15:08:07,353,54.69923406646221
2024-10-03 15:08:12,240,50.28759675146265
2024-10-03 15:08:14,227,48.47726442663162
2024-10-03 15:08:19,273,50.08301741742094
2024-10-03 15:08:20,137,52.08337308221693
2024-10-03 15:08:27,393,62.21825863592767
2024-10-03 15:08:34,375,58.21515048476691
2024-10-03 15:08:41,132,68.84367414440872
2024-10-03 15:08:43,236,62.31089749530716
2024-10-03 15:08:50,296,61.18582575530775
2024-10-03 15:08:52,68,66.8569573061222
2024-10-03 15:08:56,70,57.311523979054456
2024-10-03 15:08:58,308,51.661942279644805
2024-10-03 15:09:04,214,70.831315932137
2024-10-03 15:09:06,101,66.15179700213996
2024-10-03 15:09:12,249,67.12354329205182
2024-10-03 15:09:13,140,55.35011683580066
2024-10-03 15:09:20,409,62.799502355808464
2024-10-03 15:09:27,341,70.91537142334415
2024-10-03 15:09:36,170,68.96169449894651
2024-10-03 15:09:38,237,62.36789137263232
2024-10-03 15:09:40,294,40.99718453504338
2024-10-03 15:09:43,159,53.73891254746435
2024-10-03 15:09:49,392,59.27252539950365
2024-10-03 15:09:56,340,59.246924771321716
2024-10-03 15:10:04,89,61.94728054005415
2024-10-03 15:10:06,298,61.97532471232524
2024-10-03 15:10:12,70,54.036768601007516
2024-10-03 15:10:13,344,64.28525706767941
2024-10-03 15:10:20,322,67.87547699498867
2024-10-03 15:10:27,226,58.46401753222898
2024-10-03 15:10:29,174,66.73165505101039
2024-10-03 15:10:35,431,47.25296526454023
2024-10-03 15:10:40,170,59.29031880250813
2024-10-03 15:10:42,219,58.23169666741173
2024-10-03 15:10:47,419,48.70726109885185
2024-10-03 15:10:54,83,56.69891228717325
2024-10-03 15:10:55,275,69.55056757443383
2024-10-03 15:11:02,408,55.20209366057858
2024-10-03 15:11:08,419,58.19776735742001
2024-10-03 15:11:15,36,61.680880671745285
2024-10-03 15:11:17,288,66.96964158719834
2024-10-03 15:11:21,383,50.34527002370289
2024-10-03 15:11:24,33,55.332139197308265
2024-10-03 15:11:29,159,69.94234158209287
2024-10-03 15:11:32,174,58.94005329096679
2024-10-03 15:11:36,142,59.543340223440985
2024-10-03 15:11:37,246,44.2102195279311
2024-10-03 15:11:43,392,61.5604675103773
2024-10-03 15:11:44,20,47.28415249854358
2024-10-03 15:11:52,409,51.479927266369415
2024-10-03 15:11:59,386,64.16019071958468
2024-10-03 15:12:00,6,66.03226381954462
2024-10-03 15:12:05,174,52.90402809240632
2024-10-03 15:12:06,256,54.0814602085792
2024-10-03 15:12:14,415,63.93110309195302
2024-10-03 15:12:20,192,59.308612229815516
2024-10-03 15:12:21,231,45.762566585755785
2024-10-03 15:12:28,178,63.012951370266094
2024-10-03 15:12:32,479,55.746215865174705
2024-10-03 15:12:36,201,38.91913629478647
2024-10-03 15:12:40,262,69.55308187493596
2024-10-03 15:12:43,83,59.812772778499955
2024-10-03 15:12:46,97,61.416071187191356
2024-10-03 15:12:48,341,51.538864103012955
2024-10-03 15:12:53,342,63.20513995752048
2024-10-03 15:13:02,4,126.53218127879285
2024-10-03 15:13:04,328,70.36167228948618
2024-10-03 15:13:08,337,62.2611622203518
2024-10-03 15:13:10,19,62.10129907489606
2024-10-03 15:13:16,373,65.26371097457714
2024-10-03 15:13:24,437,61.029990815366276
2024-10-03 15:13:31,375,67.48248832948572
2024-10-03 15:13:39,360,59.779642292790676
2024-10-03 15:13:47,93,62.41834703575712
2024-10-03 15:13:48,270,64.77864695335882
2024-10-03 15:13:55,391,60.30859700923452
2024-10-03 15:14:02,198,54.184368304187736
2024-10-03 15:14:04,253,60.37650055173626
2024-10-03 15:14:11,365,61.46197822886486
2024-10-03 15:14:18,163,63.079100877071674
2024-10-03 15:14:20,184,68.17628590178936
2024-10-03 15:14:26,209,49.08427756119383
2024-10-03 15:14:27,186,54.80851366837183
2024-10-03 15:14:32,217,66.53616091856844
2024-10-03 15:14:33,184,49.57819934216386
2024-10-03 15:14:41,294,66.34928303595038
2024-10-03 15:14:42,89,70.22927287176303
2024-10-03 15:14:48,367,58.10172509424455
2024-10-03 15:14:55,331,64.85963047898949
2024-10-03 15:14:56,66,67.17384599482754
2024-10-03 15:15:03,383,57.51831245888787
2024-10-03 15:15:10,379,61.31439102109081
2024-10-03 15:15:17,187,55.427608553243374
2024-10-03 15:15:18,231,55.812156290352
2024-10-03 15:15:24,300,60.05948297603513
2024-10-03 15:15:25,87,55.601043171668714
2024-10-03 15:15:31,218,64.85009075495584
2024-10-03 15:15:32,166,54.85479950505386
2024-10-03 15:15:37,66,57.47305275241435
2024-10-03 15:15:39,315,60.436065531696286
2024-10-03 15:15:46,391,61.21402677533142
2024-10-03 15:15:53,17,55.4862737457229
2024-10-03 15:15:54,365,61.13320014424387
2024-10-03 15:16:00,86,62.18523544266422
2024-10-03 15:16:01,280,61.69118580917992
2024-10-03 15:16:07,178,62.268111637503324
2024-10-03 15:16:08,217,58.48237782672536
2024-10-03 15:16:16,346,57.14337017164351
2024-10-03 15:16:23,403,56.77467339940365
2024-10-03 15:16:29,11,54.78351491820201
2024-10-03 15:16:31,390,57.25431238606077
2024-10-03 15:16:37,263,58.97960373524869
2024-10-03 15:16:38,93,63.33152278250714
2024-10-03 15:16:44,348,51.09710659804349
2024-10-03 15:16:45,45,53.63035261549071
2024-10-03 15:16:51,32,66.00573536045914
2024-10-03 15:16:52,351,66.67197037138547
2024-10-03 15:16:59,94,65.91138830810607
2024-10-03 15:17:01,263,69.87242095684451
2024-10-03 15:17:05,323,55.245977992545235
2024-10-03 15:17:08,108,51.678222683868654
2024-10-03 15:17:13,281,62.766346710529064
2024-10-03 15:17:16,54,77.44117565735169
2024-10-03 15:17:21,398,57.0398516875586
2024-10-03 15:17:27,86,64.95209679928304
2024-10-03 15:17:28,340,56.358680577947794
2024-10-03 15:17:35,278,61.51254219734414
2024-10-03 15:17:36,70,86.7901135487058
2024-10-03 15:17:41,114,62.60732703686695
2024-10-03 15:17:43,264,48.78036608576447
2024-10-03 15:17:50,369,68.30734061648354
2024-10-03 15:17:58,193,54.76932398103098
2024-10-03 15:17:59,200,63.89627044174083
2024-10-03 15:18:02,162,62.30316019733711
2024-10-03 15:18:04,197,42.91324316583451
2024-10-03 15:18:10,344,63.26158081734413
2024-10-03 15:18:17,410,56.50034079507741
2024-10-03 15:18:25,428,57.60469650268876
2024-10-03 15:18:32,114,71.15209831216187
2024-10-03 15:18:33,267,55.248512651115625
2024-10-03 15:18:40,275,61.31394409482854
2024-10-03 15:18:41,62,67.88206566248047
2024-10-03 15:18:47,291,64.30607457637822
2024-10-03 15:18:49,106,61.85126879296497
2024-10-03 15:18:53,288,43.78570777606129
2024-10-03 15:18:55,160,56.662876816805976
2024-10-03 15:18:59,264,62.031892707050694
2024-10-03 15:19:00,116,60.20410152362853
2024-10-03 15:19:07,375,52.10498204285734
2024-10-03 15:19:14,304,62.62393620820579
2024-10-03 15:19:16,82,62.30193701479159
2024-10-03 15:19:22,273,61.383339594357935
2024-10-03 15:19:23,154,41.378471844771525
2024-10-03 15:19:29,153,58.915324700949924
2024-10-03 15:19:30,234,54.16039735056014
2024-10-03 15:19:36,198,64.82210729154342
2024-10-03 15:19:37,176,59.275938552389285
2024-10-03 15:19:44,367,65.05357657827075
2024-10-03 15:19:45,11,67.15612790323836
2024-10-03 15:19:51,162,58.653697242373426
2024-10-03 15:19:52,224,62.83071882325311
2024-10-03 15:19:59,317,69.45814347350151
2024-10-03 15:20:00,47,55.57392525956357
2024-10-03 15:20:06,336,55.560052346028776
2024-10-03 15:20:07,58,73.69117102354026
2024-10-03 15:20:13,44,65.29300630575818
2024-10-03 15:20:15,363,58.794957218555645
2024-10-03 15:20:21,181,71.86700650315855
2024-10-03 15:20:23,121,78.23738745354841
2024-10-03 15:20:29,127,68.21692930070961
2024-10-03 15:20:30,259,56.97971844330671
2024-10-03 15:20:36,189,64.07481905299096
2024-10-03 15:20:37,220,55.65632657804614
2024-10-03 15:20:43,402,51.12139245448224
2024-10-03 15:20:50,365,63.7506903520967
2024-10-03 15:20:51,34,75.05754681793539
2024-10-03 15:20:57,73,54.82215810940913
2024-10-03 15:21:00,324,55.977460302018635
2024-10-03 15:21:05,404,51.59466830356501
2024-10-03 15:21:11,214,51.60454466516695
2024-10-03 15:21:12,224,51.59166089725515
2024-10-03 15:21:18,388,65.55183125477689
2024-10-03 15:21:26,87,75.8239474267656
2024-10-03 15:21:27,305,57.26970222312328
2024-10-03 15:21:33,90,54.81951491359489
2024-10-03 15:21:34,311,58.05451961390587
2024-10-03 15:21:41,371,62.51747837415008
2024-10-03 15:21:48,375,62.7722972879998
2024-10-03 15:21:51,12,67.00949911690454
2024-10-03 15:21:56,35,54.684129944436194
2024-10-03 15:21:57,404,54.50204292027159
2024-10-03 15:22:03,295,61.08198947398873
2024-10-03 15:22:04,82,45.81322720527958
2024-10-03 15:22:10,191,65.66249063350381
2024-10-03 15:22:12,214,60.17691805776523
2024-10-03 15:22:17,156,55.26124002710252
2024-10-03 15:22:18,234,66.21815684908144
2024-10-03 15:22:25,223,56.3259347699437
2024-10-03 15:22:26,157,67.0987414599018
2024-10-03 15:22:32,216,66.76162778393903
2024-10-03 15:22:34,161,61.72189919029454
2024-10-03 15:22:40,229,61.72532305316396
2024-10-03 15:22:41,146,67.9183691203658
2024-10-03 15:22:48,219,65.11604587747253
2024-10-03 15:22:49,141,69.38064960457496
2024-10-03 15:22:56,101,60.28164257272816
2024-10-03 15:22:57,257,62.55023412269973
2024-10-03 15:23:03,132,64.9139896939519
2024-10-03 15:23:04,256,59.49096593277214
2024-10-03 15:23:11,311,71.30980747783971
2024-10-03 15:23:20,375,57.85825120291154
2024-10-03 15:23:27,356,64.2810540814105
2024-10-03 15:23:34,370,62.492208181015066
2024-10-03 15:23:42,15,76.68596932348287
2024-10-03 15:23:43,343,60.96976357379401
2024-10-03 15:23:50,418,55.70006669796382
2024-10-03 15:23:57,133,60.54857130658397
2024-10-03 15:23:58,224,60.44424365287109
2024-10-03 15:24:05,278,60.9466027253353
2024-10-03 15:24:06,104,70.29701176182986
2024-10-03 15:24:14,198,55.34047803417585
2024-10-03 15:24:15,184,57.85186953735554
2024-10-03 15:24:20,248,51.86191985138661
2024-10-03 15:24:23,123,68.90045512413849
2024-10-03 15:24:24,184,35.51698638156127
2024-10-03 15:24:27,285,51.141488770415556
2024-10-03 15:24:32,238,73.7445005162477
2024-10-03 15:24:33,114,81.1588763691705
2024-10-03 15:24:40,292,54.382271810219315
2024-10-03 15:24:41,98,72.91029502060557
2024-10-03 15:24:48,376,60.491332686063615
2024-10-03 15:24:53,285,58.66876708521428
2024-10-03 15:24:54,109,56.49278648717117
2024-10-03 15:25:00,359,64.66756455589183
2024-10-03 15:25:09,361,66.33480502127702
2024-10-03 15:25:17,10,53.06882222144886
2024-10-03 15:25:18,306,60.49452370202389
2024-10-03 15:25:24,448,53.73203035379335
2024-10-03 15:25:27,524,39.892510870025504
2024-10-03 15:25:31,11,62.42861102788625
2024-10-03 15:25:35,427,53.500820270334366
2024-10-03 15:25:41,366,66.73991013567112
2024-10-03 15:25:49,423,62.34182768999778
2024-10-03 15:25:56,178,58.86970987096694
2024-10-03 15:25:57,240,64.50646595223772
2024-10-03 15:26:04,382,62.86109602788263
2024-10-03 15:26:12,398,60.19649825687839
2024-10-03 15:26:19,408,62.94403066392121
2024-10-03 15:26:27,352,66.57132438024692
2024-10-03 15:26:35,227,56.83011968106319
2024-10-03 15:26:36,167,70.91045692498379
2024-10-03 15:26:39,14,40.943994496860505
2024-10-03 15:26:42,448,52.25782270467963
2024-10-03 15:26:47,95,62.205141308343386
2024-10-03 15:26:48,248,66.78757298104665
2024-10-03 15:26:54,264,57.18584770052382
2024-10-03 15:26:55,88,51.281050611212315
2024-10-03 15:27:02,383,66.75495724744619
2024-10-03 15:27:10,267,63.74850693471529
2024-10-03 15:27:11,109,65.5481888383763
2024-10-03 15:27:16,54,57.0712253497281
2024-10-03 15:27:17,425,48.6780747562236
2024-10-03 15:27:23,46,51.27224826198664
2024-10-03 15:27:24,368,56.84826529203095
2024-10-03 15:27:29,11,68.03587768630997
2024-10-03 15:27:31,397,53.8359597954228
2024-10-03 15:27:36,252,61.82123848565986
2024-10-03 15:27:38,193,52.84932691001855
2024-10-03 15:27:44,330,66.92286272294115
2024-10-03 15:27:52,29,50.88248727750581
2024-10-03 15:27:53,352,69.19595921265292
2024-10-03 15:28:00,346,61.86257224509936
2024-10-03 15:28:01,7,87.91679674093963
2024-10-03 15:28:08,408,63.36257163358782
2024-10-03 15:28:09,21,56.15776059604681
2024-10-03 15:28:12,54,46.560088517421526
2024-10-03 15:28:15,418,49.68799764622513
2024-10-03 15:28:21,192,66.32670475020468
2024-10-03 15:28:22,195,51.07488422678145
2024-10-03 15:28:27,206,61.04291694060121
2024-10-03 15:28:28,184,65.568179936693
2024-10-03 15:28:35,391,61.67664685657155
2024-10-03 15:28:44,370,63.96545201398789
2024-10-03 15:28:51,144,62.49712186352651
2024-10-03 15:28:53,226,71.70112593711768
2024-10-03 15:28:59,139,62.98177273127874
2024-10-03 15:29:02,259,64.5505478967466
2024-10-03 15:29:04,199,41.64651554176771
2024-10-03 15:29:08,261,41.200231448991985
2024-10-03 15:29:12,198,74.70143999396393
2024-10-03 15:29:13,134,54.646344567954735
2024-10-03 15:29:20,306,57.908310100178
2024-10-03 15:29:21,107,77.57374587301227
2024-10-03 15:29:28,309,66.94075411160057
2024-10-03 15:29:30,50,62.62801432342041
2024-10-03 15:29:35,45,69.199589286458
2024-10-03 15:29:37,405,49.537568952782976
2024-10-03 15:29:43,422,55.491700048712396
2024-10-03 15:29:50,160,56.326918535459484
2024-10-03 15:29:51,243,52.490894607337964
2024-10-03 15:29:57,232,57.03639695594225
2024-10-03 15:29:58,195,57.046667843713685
2024-10-03 15:30:04,378,61.580607805200216
2024-10-03 15:30:06,13,50.396392552677824
2024-10-03 15:30:11,69,67.45080959477966
2024-10-03 15:30:13,328,51.84349479873861
2024-10-03 15:30:18,272,54.49287709255397
2024-10-03 15:30:19,99,59.67028687552298
2024-10-03 15:30:23,27,60.47888708724439
2024-10-03 15:30:25,363,57.29777781654987
2024-10-03 15:30:32,375,63.28392684145838
2024-10-03 15:30:40,417,59.98487479622685
2024-10-03 15:30:46,270,61.83098537904847
2024-10-03 15:30:48,150,48.32972286580884
2024-10-03 15:30:55,348,73.96539338246889
2024-10-03 15:31:02,36,82.25490916010648
2024-10-03 15:31:04,346,61.42120947736085
2024-10-03 15:31:11,406,61.90254862747014
2024-10-03 15:31:18,357,61.22602400234147
2024-10-03 15:31:19,25,61.41099575420052
2024-10-03 15:31:25,356,69.66718264833202
2024-10-03 15:31:33,392,60.08516241769887
2024-10-03 15:31:40,121,58.650808922739834
2024-10-03 15:31:42,247,66.94464805524159
2024-10-03 15:31:47,329,57.369513660634695
2024-10-03 15:31:48,122,53.91299517746953
2024-10-03 15:31:55,337,60.790414157825495
2024-10-03 15:32:01,32,69.91266291535501
2024-10-03 15:32:02,380,53.974044855528135
2024-10-03 15:32:09,383,64.32104382687069
2024-10-03 15:32:17,340,58.12191856374354
2024-10-03 15:32:18,15,64.96421316351042
2024-10-03 15:32:24,23,72.140133257905
2024-10-03 15:32:25,366,61.858808896583305
2024-10-03 15:32:32,371,64.13079331289923
2024-10-03 15:32:40,404,59.42000776254025
2024-10-03 15:32:48,14,62.446816785937514
2024-10-03 15:32:49,348,60.79269896120957
2024-10-03 15:32:56,377,65.82455808759897
2024-10-03 15:33:03,181,59.34735105860791
2024-10-03 15:33:04,214,69.68711654674382
2024-10-03 15:33:12,51,72.95348843617357
2024-10-03 15:33:13,297,63.67604398166752
2024-10-03 15:33:19,345,59.79679062301169
2024-10-03 15:33:26,374,61.540305581567175
2024-10-03 15:33:33,85,53.56929214187191
2024-10-03 15:33:34,307,59.74115999106383
2024-10-03 15:33:40,372,53.91009977219134
2024-10-03 15:33:41,8,83.33987766640323
2024-10-03 15:33:47,239,61.14957310473453
2024-10-03 15:33:49,131,73.55455100143573
2024-10-03 15:33:55,175,59.24464923961222
2024-10-03 15:33:57,189,70.79344105047295
2024-10-03 15:34:03,448,49.60428458290055
2024-10-03 15:34:07,30,102.42404514140827
2024-10-03 15:34:08,389,53.70441462693527
2024-10-03 15:34:15,362,69.23453694457719
2024-10-03 15:34:24,326,69.62935527532969
2024-10-03 15:34:31,294,75.46686877476317
2024-10-03 15:34:39,377,67.75974924458502
2024-10-03 15:34:47,288,65.75219124702342
2024-10-03 15:34:49,84,56.36049875540187
2024-10-03 15:34:55,324,65.04452184568149
2024-10-03 15:34:56,53,71.90964336196895
2024-10-03 15:35:03,369,69.71070869560484
2024-10-03 15:35:12,306,72.4468480319901
2024-10-03 15:35:20,86,61.31461236631353
2024-10-03 15:35:22,213,66.21278366269345
2024-10-03 15:35:25,366,51.54347884361016
2024-10-03 15:35:27,96,51.817093960531594
2024-10-03 15:35:33,173,74.06632273369154
2024-10-03 15:35:34,234,59.85165244738672
2024-10-03 15:35:40,435,56.41391036958538
2024-10-03 15:35:48,417,56.75094617181507
2024-10-03 15:35:55,419,58.22262687938616
2024-10-03 15:36:03,43,74.8806798126191
2024-10-03 15:36:04,334,64.97678096392335
2024-10-03 15:36:10,243,61.239928995468794
2024-10-03 15:36:11,170,56.29119828638608
2024-10-03 15:36:18,419,58.412580658879826
2024-10-03 15:36:26,309,63.519426956014854
2024-10-03 15:36:28,23,96.17221796602928
2024-10-03 15:36:34,328,59.15614890389116
2024-10-03 15:36:35,41,56.869994307814366
2024-10-03 15:36:40,76,43.811368149560806
2024-10-03 15:36:41,358,58.06446511377227
2024-10-03 15:36:48,250,62.82433763523734
2024-10-03 15:36:49,160,57.30994721185168
2024-10-03 15:36:56,138,56.92237740749862
2024-10-03 15:36:58,255,61.28204244557824
2024-10-03 15:37:04,275,52.63988280811369
2024-10-03 15:37:05,159,69.463172270651
2024-10-03 15:37:10,296,60.29576144000527
2024-10-03 15:37:11,136,49.44616597840126
2024-10-03 15:37:18,407,61.811846160121576
2024-10-03 15:37:20,8,101.22354493554371
2024-10-03 15:37:24,353,56.1842759958484
2024-10-03 15:37:25,50,48.47408790581844
2024-10-03 15:37:31,376,58.09737754509645
2024-10-03 15:37:32,25,68.02534144823285
2024-10-03 15:37:39,443,48.49002142388332
2024-10-03 15:37:43,54,49.742761439531606
2024-10-03 15:37:46,381,47.59416766707035
2024-10-03 15:37:50,328,59.09416564164892
2024-10-03 15:37:52,46,62.356137396838356
2024-10-03 15:37:59,367,56.36631384146027
2024-10-03 15:38:06,390,62.03123123761314
2024-10-03 15:38:15,376,64.65229488221232
2024-10-03 15:38:22,81,59.414039532080075
2024-10-03 15:38:23,309,54.92423478209602
2024-10-03 15:38:30,92,57.48461538904559
2024-10-03 15:38:31,292,66.72690606312085
2024-10-03 15:38:38,190,68.01189421438536
2024-10-03 15:38:39,135,69.90112285708024
2024-10-03 15:38:45,202,54.56378010832258
2024-10-03 15:38:47,192,64.89254240165937
2024-10-03 15:38:53,367,62.471023386205786
2024-10-03 15:39:02,355,66.33777803412231
2024-10-03 15:39:09,369,60.5204682403027
2024-10-03 15:39:17,195,59.250255708077205
2024-10-03 15:39:19,152,56.79181638663852
2024-10-03 15:39:24,185,52.736914894480876
2024-10-03 15:39:25,173,59.13683254430519
2024-10-03 15:39:32,72,71.52523469748387
2024-10-03 15:39:33,276,60.46165701489571
2024-10-03 15:39:39,139,65.1171247286518
2024-10-03 15:39:40,279,57.53373255512623
2024-10-03 15:39:47,388,61.33849063626885
2024-10-03 15:39:56,178,74.90466364586861
2024-10-03 15:39:57,137,70.4291082065268
2024-10-03 15:40:03,148,73.06362324312018
2024-10-03 15:40:04,259,53.13198843341769
2024-10-03 15:40:10,88,66.93060448417333
2024-10-03 15:40:11,280,50.41174086302062
2024-10-03 15:40:16,12,54.75996322842084
2024-10-03 15:40:17,462,57.493259243135675
2024-10-03 15:40:22,171,62.98778857680809
2024-10-03 15:40:23,239,49.517827255226294
2024-10-03 15:40:30,408,62.653983181078964
2024-10-03 15:40:38,157,68.62767156696432
2024-10-03 15:40:39,186,60.762578373440974
2024-10-03 15:40:45,364,63.66692855677264
2024-10-03 15:40:46,37,53.25769742309358
2024-10-03 15:40:53,393,62.203280135716454
2024-10-03 15:41:02,351,60.51113218018862
2024-10-03 15:41:09,381,60.55659984687849
2024-10-03 15:41:17,326,72.76048484895539
2024-10-03 15:41:26,397,63.270082207180714
2024-10-03 15:41:33,29,61.40868834909859
2024-10-03 15:41:34,369,57.99576391855712
2024-10-03 15:41:40,302,66.97521446890404
2024-10-03 15:41:41,8,67.530971159323
2024-10-03 15:41:49,415,58.49031946467625
2024-10-03 15:41:56,151,61.45998784780317
2024-10-03 15:41:58,231,73.44093879266367
2024-10-03 15:42:04,382,58.65489285025618
2024-10-03 15:42:12,382,65.00302601788555
2024-10-03 15:42:20,392,64.59779329969115
2024-10-03 15:42:27,233,70.29854445920887
2024-10-03 15:42:30,110,64.17661805154425
2024-10-03 15:42:34,164,46.61484543360778
2024-10-03 15:42:36,299,53.22374674882689
2024-10-03 15:42:42,104,71.4145874590797
2024-10-03 15:42:45,266,62.5419396404471
2024-10-03 15:42:49,347,54.32210565744676
2024-10-03 15:42:51,91,58.753205811292894
2024-10-03 15:42:56,138,49.95844035663737
2024-10-03 15:42:57,268,64.4723789884122
2024-10-03 15:43:03,269,58.0761194986673
2024-10-03 15:43:04,116,62.55265016883437
2024-10-03 15:43:11,370,65.72389346620672
2024-10-03 15:43:19,147,65.51392289740467
2024-10-03 15:43:21,182,58.582031668532224
2024-10-03 15:43:26,173,60.07154992467734
2024-10-03 15:43:27,278,41.82000373015786
2024-10-03 15:43:34,353,62.0122571961816
2024-10-03 15:43:42,273,74.64054967485696
2024-10-03 15:43:45,39,58.18037019956996
2024-10-03 15:43:48,74,49.799056973595526
2024-10-03 15:43:50,390,47.95563854983094
2024-10-03 15:43:56,396,56.681356536980076
2024-10-03 15:44:00,253,44.58904202643303
2024-10-03 15:44:02,202,56.86739438839825
2024-10-03 15:44:07,421,58.024552329883306
2024-10-03 15:44:14,394,58.44751072024371
2024-10-03 15:44:22,401,61.41299850773324
2024-10-03 15:44:29,296,64.02111012513042
2024-10-03 15:44:30,103,71.0100693365275
2024-10-03 15:44:37,294,62.374852922343074
2024-10-03 15:44:39,83,57.06150479948384
2024-10-03 15:44:45,60,68.24481091727954
2024-10-03 15:44:46,355,58.33118094851902
2024-10-03 15:44:54,167,73.80349739944187
2024-10-03 15:44:55,198,65.50289014508634
2024-10-03 15:44:59,305,43.70981888010764
2024-10-03 15:45:01,177,50.513195140803546
2024-10-03 15:45:07,20,42.87036565959746
2024-10-03 15:45:08,357,60.476954060018336
2024-10-03 15:45:12,255,50.67796502797521
2024-10-03 15:45:15,188,51.92626681354872
2024-10-03 15:45:19,306,57.62316584255709
2024-10-03 15:45:20,93,65.1844341955786
2024-10-03 15:45:28,411,59.334546177402856
2024-10-03 15:45:34,250,54.10944771501909
2024-10-03 15:45:36,188,60.774445786036424
2024-10-03 15:45:41,21,73.22917511730343
2024-10-03 15:45:42,322,61.912258757584006
2024-10-03 15:45:49,355,63.31602182448971
2024-10-03 15:45:50,6,81.91725137466459
2024-10-03 15:45:57,33,65.71452339203239
2024-10-03 15:45:58,327,62.05334062813848
2024-10-03 15:46:03,374,55.70446729789746
2024-10-03 15:46:05,17,81.37955353428389
2024-10-03 15:46:10,148,61.88048863123036
2024-10-03 15:46:12,249,60.49304018713296
2024-10-03 15:46:19,407,59.784840030207185
2024-10-03 15:46:26,156,64.75324186252485
2024-10-03 15:46:27,191,61.65879462967585
2024-10-03 15:46:34,267,60.453488326741414
2024-10-03 15:46:35,174,50.15088013659174
2024-10-03 15:46:42,440,54.26362427102184
2024-10-03 15:46:47,145,51.57705742968799
2024-10-03 15:46:48,285,61.1361232531585
2024-10-03 15:46:54,38,44.080280336189595
2024-10-03 15:46:55,369,62.560342947334824
2024-10-03 15:47:03,202,66.45390624915049
2024-10-03 15:47:06,49,72.68126297228275
2024-10-03 15:47:07,123,67.1331405383387
2024-10-03 15:47:10,543,31.53033673170308
2024-10-03 15:47:13,107,64.3635180025438
2024-10-03 15:47:14,306,64.68962400665514
2024-10-03 15:47:18,284,53.97545714389042
2024-10-03 15:47:21,172,42.53215823904071
2024-10-03 15:47:25,383,54.306441343658385
2024-10-03 15:47:34,115,59.88588182151784
2024-10-03 15:47:35,263,65.84503633150001
2024-10-03 15:47:42,108,50.88852700125814
2024-10-03 15:47:43,310,58.96764145754213
2024-10-03 15:47:47,371,55.803297494531265
2024-10-03 15:47:48,74,54.246565038957165
2024-10-03 15:47:55,353,64.6843490771981
2024-10-03 15:48:03,399,60.18568592271695
2024-10-03 15:48:10,67,71.5438781280453
2024-10-03 15:48:11,323,63.96807709995924
2024-10-03 15:48:18,80,58.56837625755283
2024-10-03 15:48:19,335,57.59479602981574
2024-10-03 15:48:25,260,64.6453565471486
2024-10-03 15:48:26,97,59.12075846580239
2024-10-03 15:48:32,402,62.65296346923742
2024-10-03 15:48:40,348,62.06559131612974
2024-10-03 15:48:47,393,65.13750049523449
2024-10-03 15:48:56,382,66.50300076540154
2024-10-03 15:49:04,324,65.86409221061943
2024-10-03 15:49:11,393,65.14891039922888
2024-10-03 15:49:19,366,64.11013403721125
2024-10-03 15:49:20,19,49.40599880878496
2024-10-03 15:49:28,362,69.1470410626442
2024-10-03 15:49:36,351,67.92676028370218
2024-10-03 15:49:43,386,64.21339135938479
2024-10-03 15:49:44,10,66.46813694445669
2024-10-03 15:49:51,374,66.09090881517061
2024-10-03 15:49:58,213,63.43507444180834
2024-10-03 15:50:00,134,69.50225762657196
2024-10-03 15:50:07,234,58.94892651045128
2024-10-03 15:50:08,212,56.24503054887028
2024-10-03 15:50:14,12,69.98527246834902
2024-10-03 15:50:15,369,60.34898474001225
2024-10-03 15:50:21,360,57.75328070184969
2024-10-03 15:50:22,82,42.8214239066235
2024-10-03 15:50:27,342,52.69289263182624
2024-10-03 15:50:28,83,47.46109543183866
2024-10-03 15:50:34,422,63.246699804562
2024-10-03 15:50:41,111,67.81719700453667
2024-10-03 15:50:42,284,58.43174564031652
2024-10-03 15:50:48,280,54.307362471868274
2024-10-03 15:50:50,123,68.57018221000294
2024-10-03 15:50:57,195,68.62765267748233
2024-10-03 15:50:59,130,67.96660303163723
2024-10-03 15:51:03,227,47.909165909436155
2024-10-03 15:51:04,231,54.99613510408944
2024-10-03 15:51:10,381,56.926830687155345
2024-10-03 15:51:17,73,62.29720214521896
2024-10-03 15:51:20,323,56.27306394505784
2024-10-03 15:51:23,91,51.03274747910123
2024-10-03 15:51:25,367,48.31189849714265
2024-10-03 15:51:31,388,56.0402628689372
2024-10-03 15:51:36,345,56.24827114149044
2024-10-03 15:51:37,108,61.47350645785873
2024-10-03 15:51:44,220,69.30107990092318
2024-10-03 15:51:47,110,80.1092161252551
2024-10-03 15:51:51,154,53.81521541646463
2024-10-03 15:51:52,305,46.26316012337218
2024-10-03 15:51:58,44,63.8640497955369
2024-10-03 15:51:59,395,53.01205001210495
2024-10-03 15:52:05,444,49.3019275134568
2024-10-03 15:52:11,10,68.3488841345272
2024-10-03 15:52:12,359,60.90163213132433
2024-10-03 15:52:19,25,71.55347620243015
2024-10-03 15:52:23,770,54.919183719269476
2024-10-03 15:52:27,73,38.22485000056544
2024-10-03 15:52:31,360,68.52628664658394
2024-10-03 15:52:39,143,66.39067558038926
2024-10-03 15:52:42,241,62.04956405738561
2024-10-03 15:52:47,419,53.83335238414538
2024-10-03 15:52:53,328,56.0407098093947
2024-10-03 15:52:54,100,52.97021195914592
2024-10-03 15:53:01,253,59.40895451018562
2024-10-03 15:53:02,159,67.04524610639388
2024-10-03 15:53:09,224,63.818401648535726
2024-10-03 15:53:10,147,59.00086379983537
2024-10-03 15:53:17,143,63.18633711698842
2024-10-03 15:53:18,230,62.310888478057386
2024-10-03 15:53:23,326,51.332922499457396
2024-10-03 15:53:24,125,44.54116297254511
2024-10-03 15:53:30,56,50.349656111674264
2024-10-03 15:53:31,347,57.82035349916012
2024-10-03 15:53:38,365,61.27281452438136
2024-10-03 15:53:46,364,60.310334760445556
2024-10-03 15:53:54,409,63.06488707260551
2024-10-03 15:54:02,396,60.27528753513427
2024-10-03 15:54:09,136,66.00018644896618
2024-10-03 15:54:11,248,68.46107527414854
2024-10-03 15:54:17,239,60.328211654599485
2024-10-03 15:54:18,137,66.92055589024179
2024-10-03 15:54:25,382,68.4465411277376
2024-10-03 15:54:33,360,60.962743089172726
2024-10-03 15:54:34,17,80.73183217681537
2024-10-03 15:54:41,308,60.86911984939216
2024-10-03 15:54:43,38,67.25658574492307
2024-10-03 15:54:48,58,43.59491234934568
2024-10-03 15:54:49,418,49.681509430600045
2024-10-03 15:54:56,330,63.73565772027302
2024-10-03 15:55:03,339,69.56876806448912
2024-10-03 15:55:04,13,61.04605068809285
2024-10-03 15:55:10,26,44.99524180966024
2024-10-03 15:55:11,406,54.37255711026894
2024-10-03 15:55:16,260,56.07317487863941
2024-10-03 15:55:17,145,53.93946242092622
2024-10-03 15:55:24,91,65.08805279091493
2024-10-03 15:55:25,302,64.50749765288592
2024-10-03 15:55:31,429,55.49963516363483
2024-10-03 15:55:38,31,47.164785764064554
2024-10-03 15:55:40,343,55.86232294438141
2024-10-03 15:55:46,364,53.14397455658215
2024-10-03 15:55:47,43,41.38707899627776
2024-10-03 15:55:53,131,55.143217578999625
2024-10-03 15:55:54,314,57.0339012802019
2024-10-03 15:56:01,388,64.9146861138944
2024-10-03 15:56:09,330,72.45094051830861
2024-10-03 15:56:18,419,63.00053440016204
2024-10-03 15:56:25,310,64.571254057534
2024-10-03 15:56:33,66,69.91988263227736
2024-10-03 15:56:36,320,54.54226761399957
2024-10-03 15:56:40,354,45.74451388571947
2024-10-03 15:56:42,119,48.58065563527717
2024-10-03 15:56:46,62,51.18696637286453
2024-10-03 15:56:47,361,61.90280672909883
2024-10-03 15:56:55,220,57.5580172304904
2024-10-03 15:56:56,198,54.323394061793294
2024-10-03 15:57:01,16,72.34108388984859
2024-10-03 15:57:03,399,55.57611858952246
2024-10-03 15:57:09,84,68.73136409206982
2024-10-03 15:57:11,261,62.77063832604478
2024-10-03 15:57:15,389,52.09880750628231
2024-10-03 15:57:17,76,54.299159574246424
2024-10-03 15:57:23,30,66.06745004100928
2024-10-03 15:57:24,343,64.57886089381071
2024-10-03 15:57:30,374,58.40688563681033
2024-10-03 15:57:31,43,32.830478913972385
2024-10-03 15:57:38,311,64.45880567400438
2024-10-03 15:57:39,44,76.37791585037611
2024-10-03 15:57:45,408,55.10436148475788
2024-10-03 15:57:53,355,55.12138392985873
2024-10-03 15:57:54,56,50.30295206478106
2024-10-03 15:58:01,354,61.40219453890396
2024-10-03 15:58:02,22,107.37002346035989
2024-10-03 15:58:08,316,50.538938717741544
2024-10-03 15:58:09,112,67.40460103909301
2024-10-03 15:58:16,399,57.71023823621173
2024-10-03 15:58:18,52,76.59027403319267
2024-10-03 15:58:23,301,39.17169222155149
2024-10-03 15:58:25,145,72.76187080798061
2024-10-03 15:58:31,402,61.985528132498
2024-10-03 15:58:37,287,68.59941464051029
2024-10-03 15:58:38,91,65.97212138734315
2024-10-03 15:58:44,84,52.18146409797923
2024-10-03 15:58:46,320,63.176533435799705
2024-10-03 15:58:53,93,58.99792704840355
2024-10-03 15:58:54,252,73.68382161605912
2024-10-03 15:58:59,303,61.52658048826891
2024-10-03 15:59:00,116,55.48167398488403
2024-10-03 15:59:08,345,68.68269555317043
2024-10-03 15:59:15,229,54.160230648639605
2024-10-03 15:59:17,184,67.48238027571497
2024-10-03 15:59:23,258,52.568487025531496
2024-10-03 15:59:24,149,59.52249436715477
2024-10-03 15:59:28,69,59.560902992847716
2024-10-03 15:59:30,378,53.15917107013373
2024-10-03 15:59:35,274,57.565138169203834
2024-10-03 15:59:36,114,55.700933454761405
2024-10-03 15:59:42,435,53.40081116574347
2024-10-03 15:59:49,199,58.785178705895554
2024-10-03 15:59:50,218,56.46889301243244
2024-10-03 15:59:56,23,62.505382691674306
2024-10-03 15:59:57,412,54.50366265199974
2024-10-03 16:00:03,245,58.62367774848267
2024-10-03 16:00:04,182,60.14867315046106
2024-10-03 16:00:11,40,61.82676068074951
2024-10-03 16:00:12,357,64.89363522740824
2024-10-03 16:00:19,403,60.752530436760146
2024-10-03 16:00:28,394,65.06805449092298
2024-10-03 16:00:36,276,65.74522636687152
2024-10-03 16:00:37,92,65.26214501756405
2024-10-03 16:00:42,78,56.353907678782676
2024-10-03 16:00:44,358,53.12469337799149
2024-10-03 16:00:51,172,70.99987953239571
2024-10-03 16:00:53,413,34.0246984895949
2024-10-03 16:00:55,164,55.597480340233574
2024-10-03 16:00:59,105,55.43615911856519
2024-10-03 16:01:01,361,67.26055063757249
2024-10-03 16:01:09,9,70.50934826993091
2024-10-03 16:01:10,379,62.244359188032384
2024-10-03 16:01:16,387,54.05110816514785
2024-10-03 16:01:22,10,28.91986950137609
2024-10-03 16:01:24,440,57.83315891882122
2024-10-03 16:01:30,348,71.57270857946625
2024-10-03 16:01:38,270,69.34142894608952
2024-10-03 16:01:39,145,57.736779281873595
2024-10-03 16:01:46,396,56.39897522754663
2024-10-03 16:01:55,362,69.86491994481723
2024-10-03 16:02:03,276,72.48112442427423
2024-10-03 16:02:04,81,57.367028769364275
2024-10-03 16:02:09,43,84.5962556723987
2024-10-03 16:02:10,482,48.462667900605204
2024-10-03 16:02:17,378,63.859885240590366
2024-10-03 16:02:24,343,57.554030338276526
2024-10-03 16:02:25,100,58.616877126589536
2024-10-03 16:02:32,411,58.96211925491484
2024-10-03 16:02:38,250,63.01224206240609
2024-10-03 16:02:40,153,63.54228061120198
2024-10-03 16:02:47,434,61.626115326792515
2024-10-03 16:02:54,218,78.47103463583257
2024-10-03 16:02:55,116,71.02342722146824
2024-10-03 16:03:02,119,54.55556340710591
2024-10-03 16:03:03,276,68.65904599720874
2024-10-03 16:03:09,183,66.12678278765001
2024-10-03 16:03:10,213,55.88341254394052
2024-10-03 16:03:17,336,60.184681530968334
2024-10-03 16:03:26,375,62.33232360605966
2024-10-03 16:03:33,342,62.37623794621836
2024-10-03 16:03:42,416,59.055664683187004
2024-10-03 16:03:47,178,63.9989526596484
2024-10-03 16:03:49,247,52.05938171082562
2024-10-03 16:03:55,97,58.04598735846098
2024-10-03 16:03:57,317,58.22297224821782
2024-10-03 16:04:03,467,51.358410742158775
2024-10-03 16:04:09,369,57.624181977906424
2024-10-03 16:04:10,101,44.83744221915713
2024-10-03 16:04:14,214,46.32535017943879
2024-10-03 16:04:15,247,53.80961304765123
2024-10-03 16:04:21,412,66.41365622145068
2024-10-03 16:04:29,275,58.41332845586991
2024-10-03 16:04:31,132,77.6080927907094
2024-10-03 16:04:38,390,63.45614182058185
2024-10-03 16:04:44,235,59.93110210205494
2024-10-03 16:04:45,179,64.40469978552707
2024-10-03 16:04:52,346,64.50207373151062
2024-10-03 16:04:53,38,66.38067169638362
2024-10-03 16:05:00,216,58.43170800761055
2024-10-03 16:05:01,189,56.65798705634071
2024-10-03 16:05:07,315,55.92273807028336
2024-10-03 16:05:08,89,55.54588208817599
2024-10-03 16:05:14,414,56.8582093934098
2024-10-03 16:05:20,389,58.72556483043388
2024-10-03 16:05:27,378,61.754643532501646
2024-10-03 16:05:36,66,69.58943088842635
2024-10-03 16:05:37,232,68.59979537386006
2024-10-03 16:05:43,110,48.59341693337719
2024-10-03 16:05:45,328,57.57223294742024
2024-10-03 16:05:50,448,49.74635370263034
2024-10-03 16:05:56,86,59.02654956510726
2024-10-03 16:05:58,363,47.659935647450546
2024-10-03 16:06:03,119,54.27991287139197
2024-10-03 16:06:04,317,51.27011606036065
2024-10-03 16:06:09,49,51.85999914336865
2024-10-03 16:06:11,366,57.783891840586534
2024-10-03 16:06:16,254,57.33061917737037
2024-10-03 16:06:18,139,66.35565947131556
2024-10-03 16:06:25,403,61.09578976353636
2024-10-03 16:06:32,121,77.2758999733668
2024-10-03 16:06:34,263,61.05273133133802
2024-10-03 16:06:40,141,64.80260534928523
2024-10-03 16:06:41,254,63.284056999529824
2024-10-03 16:06:48,397,62.18560791416909
2024-10-03 16:06:55,356,62.8967145258806
2024-10-03 16:07:04,374,72.47026277258058
2024-10-03 16:07:11,440,56.079950948258016
2024-10-03 16:07:19,325,69.12721076406008
2024-10-03 16:07:27,296,58.541403408983136
2024-10-03 16:07:28,75,67.8087611648906
2024-10-03 16:07:35,311,61.63880302366505
2024-10-03 16:07:36,92,76.53396917377952
2024-10-03 16:07:42,406,59.61730986219438
2024-10-03 16:07:50,107,79.71976187293609
2024-10-03 16:07:51,203,73.9677058118185
2024-10-03 16:07:58,191,46.102016425149706
2024-10-03 16:08:00,259,61.998363919347184
2024-10-03 16:08:04,398,57.228780522630636
2024-10-03 16:08:05,15,61.84912382815575
2024-10-03 16:08:12,415,55.5701484945931
2024-10-03 16:08:20,116,72.27961697159256
2024-10-03 16:08:21,262,58.73532043412925
2024-10-03 16:08:27,374,63.35112140025648
2024-10-03 16:08:36,251,69.55284340057705
2024-10-03 16:08:37,116,67.7298936772496
2024-10-03 16:08:43,321,51.975554150029105
2024-10-03 16:08:45,129,73.07917460947634
2024-10-03 16:08:50,444,48.96352246658266
2024-10-03 16:08:55,201,54.97602093029526
2024-10-03 16:08:57,275,49.49945739391014
2024-10-03 16:09:03,416,65.01931363618166
2024-10-03 16:09:11,216,63.318142517163494
2024-10-03 16:09:12,188,63.71772027029019
2024-10-03 16:09:19,286,63.61614496187338
2024-10-03 16:09:20,110,57.33439698483771
2024-10-03 16:09:28,315,63.26451814734954
2024-10-03 16:09:36,317,74.78135745880232
2024-10-03 16:09:42,375,63.274284922149064
2024-10-03 16:09:44,54,71.22171606582816
2024-10-03 16:09:50,144,69.7600438085018
2024-10-03 16:09:52,205,69.26256635470642
2024-10-03 16:09:58,425,55.511109177002645
2024-10-03 16:10:05,447,59.45413219437364
2024-10-03 16:10:13,340,60.71769569834627
2024-10-03 16:10:22,397,61.88389266863648
2024-10-03 16:10:29,324,67.24540538738687
2024-10-03 16:10:38,417,61.061760086755456
2024-10-03 16:10:45,448,56.90991739467409
2024-10-03 16:10:54,310,62.78900561393751
2024-10-03 16:10:55,41,76.112852164271
2024-10-03 16:11:00,59,57.76065987608289
2024-10-03 16:11:01,351,60.861403448804666
2024-10-03 16:11:08,71,67.00562191451642
2024-10-03 16:11:11,308,64.55092772232788
2024-10-03 16:11:15,323,56.246644156959306
2024-10-03 16:11:16,90,54.026010837127046
2024-10-03 16:11:22,198,61.05444299836583
2024-10-03 16:11:24,209,61.17128465078288
2024-10-03 16:11:30,131,57.786159857828416
2024-10-03 16:11:32,243,65.85219163926658
2024-10-03 16:11:37,282,51.711791378120544
2024-10-03 16:11:39,140,53.654679731411036
2024-10-03 16:11:44,181,53.34827513941389
2024-10-03 16:11:45,244,66.1446369185463
2024-10-03 16:11:53,400,54.72609342015735
2024-10-03 16:11:59,270,60.90537013522544
2024-10-03 16:12:01,150,53.49326740456848
2024-10-03 16:12:07,359,57.77721018354345
2024-10-03 16:12:08,89,59.64843867704122
2024-10-03 16:12:16,311,66.27622670272984
2024-10-03 16:12:23,365,63.545603244772416
2024-10-03 16:12:31,186,72.97797613459562
2024-10-03 16:12:32,173,67.1039063074922
2024-10-03 16:12:40,128,57.8849651497025
2024-10-03 16:12:41,288,63.66579695714787
2024-10-03 16:12:45,110,54.03050485948564
2024-10-03 16:12:47,298,51.55732428302029
2024-10-03 16:12:54,65,60.89215795265972
2024-10-03 16:12:55,344,66.97791767601642
2024-10-03 16:12:59,444,47.577485888423745
2024-10-03 16:13:02,23,62.67475779676443
2024-10-03 16:13:07,56,80.90258032459556
2024-10-03 16:13:08,334,60.67294034983153
2024-10-03 16:13:15,382,61.561391690669474
2024-10-03 16:13:22,221,65.09019840863874
2024-10-03 16:13:23,134,61.550585930034316
2024-10-03 16:13:30,248,58.57821961363988
2024-10-03 16:13:31,182,52.89209226289096
2024-10-03 16:13:37,407,61.690603706039376
2024-10-03 16:13:45,366,60.92579442063858
2024-10-03 16:13:53,362,61.30789735605997
2024-10-03 16:14:00,409,54.565807873296094
2024-10-03 16:14:01,9,75.18046007889394
2024-10-03 16:14:08,366,66.7832392808865
2024-10-03 16:14:17,425,64.26903333777989
2024-10-03 16:14:24,83,62.26558001994036
2024-10-03 16:14:25,315,60.55102579132569
2024-10-03 16:14:32,361,63.79736223489205
2024-10-03 16:14:41,371,65.08015649718443
2024-10-03 16:14:49,383,59.123704400418376
2024-10-03 16:14:56,142,63.77502934214108
2024-10-03 16:14:57,191,62.97976820571777
2024-10-03 16:15:04,236,58.375384958155415
2024-10-03 16:15:05,202,53.64742222804096
2024-10-03 16:15:09,14,50.12694833326958
2024-10-03 16:15:11,398,52.721821412833066
2024-10-03 16:15:18,366,67.03644580350598
2024-10-03 16:15:25,171,58.724053250481575
2024-10-03 16:15:26,249,52.80540117287872
2024-10-03 16:15:32,143,73.25934843397262
2024-10-03 16:15:33,258,61.95102208351172
2024-10-03 16:15:41,328,55.20414749097535
2024-10-03 16:15:44,95,49.2749322945062
2024-10-03 16:15:45,481,45.725240217164014
2024-10-03 16:15:48,46,65.42243538825618
2024-10-03 16:15:52,386,57.152607985836205
2024-10-03 16:16:00,172,54.46523742431119
2024-10-03 16:16:02,246,63.15042063885756
2024-10-03 16:16:07,45,48.04247238936437
2024-10-03 16:16:09,457,48.698650596315574
2024-10-03 16:16:15,16,65.1885059554351
2024-10-03 16:16:17,400,57.287433449011196
2024-10-03 16:16:19,274,49.71302272063379
2024-10-03 16:16:21,126,50.12734461006538
2024-10-03 16:16:25,430,57.26831363248579
2024-10-03 16:16:26,16,42.98803098385707
2024-10-03 16:16:33,325,65.6842890577412
2024-10-03 16:16:42,389,60.86600502389789
2024-10-03 16:16:49,325,65.721874929226
2024-10-03 16:16:57,257,64.17327143607771
2024-10-03 16:16:59,89,62.97120830590163
2024-10-03 16:17:05,280,64.31029382425886
2024-10-03 16:17:06,116,45.65712691169682
2024-10-03 16:17:12,188,47.95295840303077
2024-10-03 16:17:13,194,64.57489375632431
2024-10-03 16:17:19,176,58.16590905635099
2024-10-03 16:17:20,265,49.134467181390576
2024-10-03 16:17:25,94,67.74704453617892
2024-10-03 16:17:26,302,54.605183625503024
2024-10-03 16:17:32,348,59.328362773784754
2024-10-03 16:17:33,67,57.40824386287463
2024-10-03 16:17:39,155,52.391598179340704
2024-10-03 16:17:40,226,63.01210222310688
2024-10-03 16:17:45,284,59.24078968377556
2024-10-03 16:17:47,56,55.180903191928884
2024-10-03 16:17:50,287,49.39367856382795
2024-10-03 16:17:52,141,43.353139379234634
2024-10-03 16:17:56,195,59.61315236079138
2024-10-03 16:17:57,156,57.31236560951016
2024-10-03 16:18:04,372,56.56400649090576
2024-10-03 16:18:10,371,56.09491403646333
2024-10-03 16:18:16,70,58.378314884924116
2024-10-03 16:18:18,239,65.3986737748067
2024-10-03 16:18:24,13,57.29146855308893
2024-10-03 16:18:25,333,53.244407000814185
2024-10-03 16:18:30,38,69.69467757310508
2024-10-03 16:18:31,372,55.61502137071517
2024-10-03 16:18:34,10,80.28108123011506
2024-10-03 16:18:36,380,55.954243116190845
2024-10-03 16:18:43,346,66.83463090461501
2024-10-03 16:18:50,332,69.65147372551519
2024-10-03 16:18:58,308,61.7935434292078
2024-10-03 16:18:59,63,67.7173241612718
2024-10-03 16:19:06,201,47.95128028008932
2024-10-03 16:19:07,189,62.95521802757501
2024-10-03 16:19:09,298,49.11563318160938
2024-10-03 16:19:11,159,43.010295094335774
2024-10-03 16:19:16,398,62.95883601946339
2024-10-03 16:19:24,25,54.77558159494863
2024-10-03 16:19:26,359,59.26219544617179
2024-10-03 16:19:31,381,52.08939700006805
2024-10-03 16:19:32,28,62.12872544877682
2024-10-03 16:19:38,64,70.47200856214913
2024-10-03 16:19:39,318,65.49177849511535
2024-10-03 16:19:46,172,64.26192722160152
2024-10-03 16:19:47,177,58.706897403392844
2024-10-03 16:19:53,245,58.98749348881929
2024-10-03 16:19:54,145,64.18117993865073
2024-10-03 16:20:01,164,61.586686219885806
2024-10-03 16:20:02,250,50.00212786308506
2024-10-03 16:20:07,392,56.85664213526312
2024-10-03 16:20:15,385,57.99248303868029
2024-10-03 16:20:22,417,52.58623927714779
2024-10-03 16:20:29,389,63.67159256960718
2024-10-03 16:20:37,385,65.43020813983198
2024-10-03 16:20:45,427,62.54618541218878
2024-10-03 16:20:52,134,75.86306316776403
2024-10-03 16:20:53,238,61.99666507806044
2024-10-03 16:21:00,261,67.20103831773682
2024-10-03 16:21:01,78,65.08564422150477
2024-10-03 16:21:08,329,56.70148457280776
2024-10-03 16:21:10,111,52.95866995449827
2024-10-03 16:21:15,326,51.51030190265745
2024-10-03 16:21:16,132,63.58727947812481
2024-10-03 16:21:21,373,60.05244749919355
2024-10-03 16:21:27,135,65.48854021054017
2024-10-03 16:21:29,326,56.535867787199315
2024-10-03 16:21:35,358,62.361226798608534
2024-10-03 16:21:36,40,69.63195824980741
2024-10-03 16:21:43,34,39.36863710251473
2024-10-03 16:21:45,407,62.91344312459114
2024-10-03 16:21:50,132,67.37853915104841
2024-10-03 16:21:51,319,45.790000947504645
2024-10-03 16:21:55,127,67.19082660318858
2024-10-03 16:21:57,369,44.41677252450105
2024-10-03 16:22:03,177,62.48996977737546
2024-10-03 16:22:04,235,52.83466812993654
2024-10-03 16:22:10,165,62.77348111657691
2024-10-03 16:22:12,261,52.7755043393131
2024-10-03 16:22:16,59,56.00556935133709
2024-10-03 16:22:17,358,59.81719463046733
2024-10-03 16:22:25,50,47.56992126890978
2024-10-03 16:22:26,341,60.032412412957285
2024-10-03 16:22:32,383,55.66237892453345
2024-10-03 16:22:33,24,61.28943568403351
2024-10-03 16:22:41,415,59.780435816163305
2024-10-03 16:22:49,403,61.95956435122378
2024-10-03 16:22:56,369,47.785499046820526
2024-10-03 16:22:57,93,61.25468052834003
2024-10-03 16:23:01,137,55.20523389083582
2024-10-03 16:23:02,272,47.483985198344385
2024-10-03 16:23:07,356,57.61352782274695
2024-10-03 16:23:08,87,53.86892805375726
2024-10-03 16:23:15,348,66.55630810279627
2024-10-03 16:23:23,137,57.17648588651008
2024-10-03 16:23:24,266,63.343443083234014
2024-10-03 16:23:31,416,60.708464950972775
2024-10-03 16:23:39,393,65.78723537889202
2024-10-03 16:23:47,323,67.18011615053219
2024-10-03 16:23:55,381,63.84011421247887
2024-10-03 16:24:02,257,68.52643884263678
2024-10-03 16:24:04,134,68.3109182157632
2024-10-03 16:24:11,404,58.513765147610954
2024-10-03 16:24:18,338,60.45975817894588
2024-10-03 16:24:19,83,69.29392647001794
2024-10-03 16:24:27,400,59.41713162047934
2024-10-03 16:24:33,452,47.35017188984347
2024-10-03 16:24:40,455,53.87149009605501
2024-10-03 16:24:44,60,52.862450114939506
2024-10-03 16:24:45,394,54.72347721648398
2024-10-03 16:24:52,403,53.54272899833455
2024-10-03 16:25:00,357,70.0834320845194
2024-10-03 16:25:07,23,58.81657414983897
2024-10-03 16:25:10,374,56.95095152651206
2024-10-03 16:25:13,290,56.584268709297085
2024-10-03 16:25:15,135,43.60110114150962
2024-10-03 16:25:21,372,64.44297556803562
2024-10-03 16:25:29,423,64.38730031641317
2024-10-03 16:25:37,257,66.14611092820338
2024-10-03 16:25:41,90,68.0237832401251
2024-10-03 16:25:44,187,42.458162876548045
2024-10-03 16:25:45,278,53.12083597777671
2024-10-03 16:25:50,99,52.96360449925216
2024-10-03 16:25:51,341,53.92625444320915
2024-10-03 16:25:57,442,56.17745863460063
2024-10-03 16:26:04,430,54.085444688476315
2024-10-03 16:26:13,423,56.800560884390165
2024-10-03 16:26:19,414,56.95486149965722
2024-10-03 16:26:27,413,54.76142257952626
2024-10-03 16:26:35,401,62.44425599795219
2024-10-03 16:26:43,406,60.58481414221057
2024-10-03 16:26:51,78,58.22368150155887
2024-10-03 16:26:52,289,60.05745842583099
2024-10-03 16:26:59,435,59.165622058768555
2024-10-03 16:27:07,402,60.801835461985085
2024-10-03 16:27:14,190,73.01253269575899
2024-10-03 16:27:15,197,68.53801389491716
2024-10-03 16:27:22,239,55.38794108050662
2024-10-03 16:27:23,203,66.37537746937053
2024-10-03 16:27:30,216,64.85603297538148
2024-10-03 16:27:32,101,66.6877983191835
2024-10-03 16:27:36,158,54.999927969807835
2024-10-03 16:27:39,261,48.83023679824496
2024-10-03 16:27:44,338,59.95836723637372
2024-10-03 16:27:46,79,59.30020457762169
2024-10-03 16:27:51,35,35.85086333652117
2024-10-03 16:27:52,408,52.98036877900546
2024-10-03 16:27:55,331,54.60232656686398
2024-10-03 16:27:57,171,36.28511695677847
2024-10-03 16:28:03,411,60.10491364355021
2024-10-03 16:28:11,362,67.91254362325444
2024-10-03 16:28:18,393,59.610043692208144
2024-10-03 16:28:27,267,67.48814907417662
2024-10-03 16:28:28,100,63.36656602304167
2024-10-03 16:28:33,135,57.229829556416554
2024-10-03 16:28:35,293,50.95279662658026
2024-10-03 16:28:42,458,60.075277008229946
2024-10-03 16:28:49,325,61.58715552021269
2024-10-03 16:28:51,89,59.34136453839286
2024-10-03 16:28:54,315,51.24542634531713
2024-10-03 16:28:56,134,47.39631766043246
2024-10-03 16:29:03,7,68.53322288129813
2024-10-03 16:29:04,349,66.53871870728057
2024-10-03 16:29:10,353,61.074583974561826
2024-10-03 16:29:17,11,80.82629400550867
2024-10-03 16:29:19,429,57.5811295722303
2024-10-03 16:29:25,420,54.40118161172702
2024-10-03 16:29:33,424,56.72020741816022
2024-10-03 16:29:41,341,68.39475865804233
2024-10-03 16:29:47,81,56.004364322926435
2024-10-03 16:29:48,366,58.07293036992151
2024-10-03 16:29:55,437,62.01246478403738
2024-10-03 16:30:03,183,61.229634109065
2024-10-03 16:30:05,190,65.45150684484481
2024-10-03 16:30:10,332,53.80162816875183
2024-10-03 16:30:11,111,71.69174617050524
2024-10-03 16:30:17,430,58.723145571514614
2024-10-03 16:30:18,12,51.637727459711215
2024-10-03 16:30:26,131,63.163396508432214
2024-10-03 16:30:27,234,70.806046663949
2024-10-03 16:30:33,410,58.10138745594558
2024-10-03 16:30:40,465,56.61947367399558
2024-10-03 16:30:49,371,62.897536016636444
2024-10-03 16:30:56,405,55.820062185053104
2024-10-03 16:30:57,31,66.49524307969772
2024-10-03 16:31:04,187,63.22533563943931
2024-10-03 16:31:05,256,62.6198041190367
2024-10-03 16:31:10,37,41.42256646601917
2024-10-03 16:31:11,355,63.19545352061168
2024-10-03 16:31:19,174,51.58212643210819
2024-10-03 16:31:20,278,58.83524270105533
2024-10-03 16:31:25,336,49.76933970962304
2024-10-03 16:31:27,140,59.37233946229573
2024-10-03 16:31:34,399,57.04215718930475
2024-10-03 16:31:40,81,52.65845106980481
2024-10-03 16:31:42,358,61.48814560654216
2024-10-03 16:31:49,435,57.510914849000045
2024-10-03 16:31:56,240,57.0050359181744
2024-10-03 16:31:57,129,72.1563180310076
2024-10-03 16:32:03,128,71.43948099550344
2024-10-03 16:32:05,310,58.33000825921408
2024-10-03 16:32:11,330,63.573479710335356
2024-10-03 16:32:12,44,69.4718408498241
2024-10-03 16:32:18,239,60.48205092338362
2024-10-03 16:32:19,192,55.343046192222836
2024-10-03 16:32:26,345,61.52885599554187
2024-10-03 16:32:35,239,53.627181014559
2024-10-03 16:32:37,191,68.91915401547573
2024-10-03 16:32:41,263,51.45280218285831
2024-10-03 16:32:42,221,52.326004215409704
2024-10-03 16:32:48,413,58.094643575526476
2024-10-03 16:32:56,372,59.45875116483299
2024-10-03 16:33:04,356,60.68601037451962
2024-10-03 16:33:05,16,52.55588590190884
2024-10-03 16:33:12,386,60.35554424117557
2024-10-03 16:33:20,310,71.87539463096817
2024-10-03 16:33:27,200,67.45210495195388
2024-10-03 16:33:29,230,56.468872041132904
2024-10-03 16:33:34,191,58.08176773046896
2024-10-03 16:33:36,254,51.96426947991994
2024-10-03 16:33:42,325,64.57567072337294
2024-10-03 16:33:45,25,78.48332717957155
2024-10-03 16:33:48,52,49.309572051806946
2024-10-03 16:33:50,438,45.49334372313374
2024-10-03 16:33:56,371,63.36053167910645
2024-10-03 16:34:03,20,51.53739619968925
2024-10-03 16:34:04,371,66.53039718072138
2024-10-03 16:34:12,404,57.72256489460448
2024-10-03 16:34:19,415,54.00901342574135
2024-10-03 16:34:26,349,62.81580599259869
2024-10-03 16:34:27,91,65.42830552985455
2024-10-03 16:34:33,396,59.17598051754904
2024-10-03 16:34:41,356,60.89019934991092
2024-10-03 16:34:42,16,62.212909521608346
2024-10-03 16:34:49,15,54.770529004537984
2024-10-03 16:34:50,414,56.30428117823424
2024-10-03 16:34:56,315,66.76943024256329
2024-10-03 16:34:57,95,60.4685197558355
2024-10-03 16:35:04,315,65.10576757861105
2024-10-03 16:35:06,75,53.33149226444388
2024-10-03 16:35:11,151,57.87294560923065
2024-10-03 16:35:12,301,54.85037343394498
2024-10-03 16:35:19,353,67.10495305059185
2024-10-03 16:35:27,337,68.45125099489489
2024-10-03 16:35:35,347,62.252004042912425
2024-10-03 16:35:43,352,65.32446103710453
2024-10-03 16:35:50,168,52.218347460713794
2024-10-03 16:35:51,282,60.93350672857316
2024-10-03 16:35:58,210,67.45922004323035
2024-10-03 16:35:59,133,74.74102262882293
2024-10-03 16:36:05,245,53.8594470218027
2024-10-03 16:36:07,212,55.83666603172602
2024-10-03 16:36:13,478,58.233650040027605
2024-10-03 16:36:20,229,63.61581528361196
2024-10-03 16:36:22,159,68.58728039825355
2024-10-03 16:36:28,186,73.0776730476485
2024-10-03 16:36:29,233,54.09807671485371
2024-10-03 16:36:36,384,66.34315864326008
2024-10-03 16:36:44,26,84.42790406597335
2024-10-03 16:36:45,355,62.71822419297988
2024-10-03 16:36:52,37,66.48345794661068
2024-10-03 16:36:53,372,60.131318930722195
2024-10-03 16:36:59,85,69.99582037278562
2024-10-03 16:37:00,367,50.16676873683339
2024-10-03 16:37:07,410,67.40377821355528
2024-10-03 16:37:14,411,63.469360697346524
2024-10-03 16:37:23,349,56.303188918964835
2024-10-03 16:37:24,68,69.39292978850193
2024-10-03 16:37:30,442,52.69224732803704
2024-10-03 16:37:38,403,61.78689733363847
2024-10-03 16:37:46,429,63.53233244251205
2024-10-03 16:37:53,388,63.18598836667793
2024-10-03 16:38:02,203,64.88832890396385
2024-10-03 16:38:03,162,59.40865877084132
2024-10-03 16:38:09,149,52.658924270418446
2024-10-03 16:38:10,298,54.63978634899757
2024-10-03 16:38:16,392,62.20849768715236
2024-10-03 16:38:25,362,68.18528183130607
2024-10-03 16:38:33,253,64.15226052076058
2024-10-03 16:38:35,165,58.93911851909977
2024-10-03 16:38:40,455,52.614939814651834
2024-10-03 16:38:47,360,63.77439916361661
2024-10-03 16:38:55,384,60.48890284797471
2024-10-03 16:38:56,11,58.169213540047764
2024-10-03 16:39:03,418,62.89690795807395
2024-10-03 16:39:11,403,62.246631787280094
2024-10-03 16:39:18,18,55.867476898920295
2024-10-03 16:39:20,380,64.98645999797333
2024-10-03 16:39:27,448,54.12982544619757
2024-10-03 16:39:32,227,45.74568581072125
2024-10-03 16:39:33,190,67.87237800500029
2024-10-03 16:39:39,396,62.00649575491756
2024-10-03 16:39:48,382,62.75177266915738
2024-10-03 16:39:55,88,56.55230767446969
2024-10-03 16:39:56,385,52.68479868902836
2024-10-03 16:40:04,198,51.80192570369804
2024-10-03 16:40:05,232,63.2538589098089
2024-10-03 16:40:11,431,60.02319391641538
2024-10-03 16:40:18,413,61.20043908292688
2024-10-03 16:40:26,408,55.14406206744073
2024-10-03 16:40:33,303,60.47047856566891
2024-10-03 16:40:34,96,61.03324852981755
2024-10-03 16:40:41,393,64.16748728228517
2024-10-03 16:40:49,237,63.46602071808909
2024-10-03 16:40:50,110,70.27622922023279
2024-10-03 16:40:57,282,58.36737559718351
2024-10-03 16:40:58,135,61.97432622046708
2024-10-03 16:41:06,309,73.97668939336242
2024-10-03 16:41:13,397,70.8321394864329
2024-10-03 16:41:22,348,63.5157162652545
2024-10-03 16:41:30,372,68.27966883917375
2024-10-03 16:41:37,380,60.415714988205735
2024-10-03 16:41:46,191,66.87641034726056
2024-10-03 16:41:47,136,67.87711692195506
2024-10-03 16:41:53,429,62.47276127076665
2024-10-03 16:42:00,380,65.32589180190587
2024-10-03 16:42:08,145,72.18151698593361
2024-10-03 16:42:09,238,65.59418092916745
2024-10-03 16:42:16,268,64.44112787726425
2024-10-03 16:42:17,136,67.45501351008792
2024-10-03 16:42:22,441,49.11250744989257
2024-10-03 16:42:25,30,52.525118614471204
2024-10-03 16:42:30,334,65.07868148634302
2024-10-03 16:42:39,314,70.60227283803985
2024-10-03 16:42:46,255,62.016930039908516
2024-10-03 16:42:48,126,54.76706629503595
2024-10-03 16:42:53,264,40.42360102148331
2024-10-03 16:42:55,199,60.460037574306014
2024-10-03 16:43:00,389,63.30304527097714
2024-10-03 16:43:09,72,50.23002878199516
2024-10-03 16:43:10,333,63.060411582285624
2024-10-03 16:43:13,72,45.64910432502546
2024-10-03 16:43:17,431,46.2263550266078
2024-10-03 16:43:22,377,61.48196026797793
2024-10-03 16:43:29,391,65.19579951700575
2024-10-03 16:43:37,393,64.88201354131394
2024-10-03 16:43:45,408,64.1462437816907
2024-10-03 16:43:53,322,66.47268428447495
2024-10-03 16:43:56,47,73.6006079179579
2024-10-03 16:44:00,49,71.3485297572693
2024-10-03 16:44:02,386,48.778141786632006
2024-10-03 16:44:08,317,65.03983558673272
2024-10-03 16:44:16,278,75.04204482789844
2024-10-03 16:44:17,55,62.04370223563545
2024-10-03 16:44:23,74,65.63661667304925
2024-10-03 16:44:24,356,56.959650103771466
2024-10-03 16:44:31,381,62.12871302405179
2024-10-03 16:44:38,237,61.01396046010494
2024-10-03 16:44:40,178,47.35072454918402
2024-10-03 16:44:45,46,49.03211495464583
2024-10-03 16:44:46,352,50.24974173335956
2024-10-03 16:44:53,329,72.23581532793746
2024-10-03 16:45:00,317,67.80439658910853
2024-10-03 16:45:01,82,44.39861681021513
2024-10-03 16:45:08,237,63.22014134848918
2024-10-03 16:45:09,158,61.13073426094695
2024-10-03 16:45:15,98,62.274351097883574
2024-10-03 16:45:16,312,50.41580153109263
2024-10-03 16:45:24,297,60.47495174521271
2024-10-03 16:45:25,32,66.19983482981651
2024-10-03 16:45:30,55,60.55126907919654
2024-10-03 16:45:31,352,58.5054388128756
2024-10-03 16:45:39,369,68.43170954517299
2024-10-03 16:45:46,58,58.11800395024589
2024-10-03 16:45:47,343,67.02813014907976
2024-10-03 16:45:54,465,52.87560368055731
2024-10-03 16:46:02,393,64.63422158989161
2024-10-03 16:46:10,411,65.58747697472151
2024-10-03 16:46:17,301,62.31717428627133
2024-10-03 16:46:18,107,51.130632084660185
2024-10-03 16:46:25,420,59.168948519706596
2024-10-03 16:46:32,398,62.62507676564064
2024-10-03 16:46:41,365,64.4321280135257
2024-10-03 16:46:49,367,64.5757504025006
2024-10-03 16:46:56,187,64.881535640214
2024-10-03 16:46:58,164,76.97911588909162
2024-10-03 16:47:04,252,50.52651733107008
2024-10-03 16:47:05,184,61.56301989829886
2024-10-03 16:47:09,122,40.72357989601483
2024-10-03 16:47:11,339,53.271550923673246
2024-10-03 16:47:16,404,61.460268369328226
2024-10-03 16:47:25,362,62.944727057751834
2024-10-03 16:47:33,394,65.65810572163555
2024-10-03 16:47:40,361,54.7329592743196
2024-10-03 16:47:46,98,50.30398223033102
2024-10-03 16:47:47,335,50.793350746376774
2024-10-03 16:47:52,238,60.637368992101656
2024-10-03 16:47:54,190,51.07854897868774
2024-10-03 16:48:00,253,60.174303614659166
2024-10-03 16:48:02,123,61.733117284603004
2024-10-03 16:48:06,195,53.84855342306033
2024-10-03 16:48:08,240,45.99866597904786
2024-10-03 16:48:13,405,62.73230502737315
2024-10-03 16:48:21,117,70.31343201857383
2024-10-03 16:48:22,284,59.108195634738784
2024-10-03 16:48:30,333,60.62738863004653
2024-10-03 16:48:38,338,69.99580911193772
2024-10-03 16:48:45,71,68.08196843240219
2024-10-03 16:48:46,255,63.96086133818219
2024-10-03 16:48:52,69,70.92795764403579
2024-10-03 16:48:54,341,58.91704114274826
2024-10-03 16:49:01,322,66.89623481871513
2024-10-03 16:49:02,47,55.85820835388529
2024-10-03 16:49:07,95,42.457035738502334
2024-10-03 16:49:09,339,53.83346881277704
2024-10-03 16:49:14,265,56.78243320953781
2024-10-03 16:49:15,151,53.44649803582087
2024-10-03 16:49:23,362,61.540620734965245
2024-10-03 16:49:30,96,63.344635821207554
2024-10-03 16:49:31,261,61.779754770219185
2024-10-03 16:49:38,103,67.91581382131032
2024-10-03 16:49:39,323,57.490005916395795
2024-10-03 16:49:46,413,58.415749553539605
2024-10-03 16:49:52,223,47.28679333423193
2024-10-03 16:49:54,195,60.153665529427364
2024-10-03 16:49:59,393,58.36201975412319
2024-10-03 16:50:00,15,47.87439586761135
2024-10-03 16:50:07,443,59.410684944816275
2024-10-03 16:50:15,394,62.85264322802942
2024-10-03 16:50:24,372,66.53067311302217
2024-10-03 16:50:31,29,60.99076741936845
2024-10-03 16:50:32,314,66.82466938934306
2024-10-03 16:50:38,399,59.836931970107166
2024-10-03 16:50:39,30,46.50884797555444
2024-10-03 16:50:46,380,61.979219162747896
2024-10-03 16:50:54,347,69.82365005542808
2024-10-03 16:51:01,155,46.14099772871611
2024-10-03 16:51:02,274,64.27102410585493
2024-10-03 16:51:10,448,61.8592140078638
2024-10-03 16:51:17,268,56.00368733965858
2024-10-03 16:51:18,174,59.01896807832617
2024-10-03 16:51:25,389,52.49788713620543
2024-10-03 16:51:26,37,52.391366769620895
2024-10-03 16:51:32,382,62.06323659229318
2024-10-03 16:51:40,391,65.38092688750429
2024-10-03 16:51:48,226,52.77034779422597
2024-10-03 16:51:49,182,60.55734352108007
2024-10-03 16:51:57,305,58.41443249415024
2024-10-03 16:51:58,120,61.3437203049558
2024-10-03 16:52:00,152,42.58577727518963
2024-10-03 16:52:03,349,45.20121578076736
2024-10-03 16:52:08,214,73.07997435785926
2024-10-03 16:52:11,155,66.11177688991759
2024-10-03 16:52:15,118,56.15604997887077
2024-10-03 16:52:16,350,47.15019557250799
2024-10-03 16:52:23,419,59.37979360418835
2024-10-03 16:52:31,383,63.56823105888686
2024-10-03 16:52:38,72,58.588745029219645
2024-10-03 16:52:39,292,58.56017233481745
2024-10-03 16:52:46,270,64.30090839393554
2024-10-03 16:52:48,93,67.8331970086941
2024-10-03 16:52:53,72,64.3503677650945
2024-10-03 16:52:54,351,51.171280093719474
2024-10-03 16:53:01,402,61.093718996342275
2024-10-03 16:53:07,294,56.90937202938461
2024-10-03 16:53:08,95,70.92470786332288
2024-10-03 16:53:15,398,56.321613511167826
2024-10-03 16:53:22,134,72.39404636911105
2024-10-03 16:53:24,227,65.53766006988394
2024-10-03 16:53:29,281,48.592331015313086
2024-10-03 16:53:30,147,53.006732874896514
2024-10-03 16:53:35,258,49.32253704268432
2024-10-03 16:53:36,159,64.45478377629178
2024-10-03 16:53:44,369,59.27723109636945
2024-10-03 16:53:52,249,68.3462340845665
2024-10-03 16:53:54,108,68.40865081696256
2024-10-03 16:53:59,131,62.96409222927582
2024-10-03 16:54:00,307,56.8406213143445
2024-10-03 16:54:06,386,63.584990675690186
2024-10-03 16:54:14,386,66.42990387612318
2024-10-03 16:54:22,241,56.10715214471315
2024-10-03 16:54:23,206,62.46861338345368
2024-10-03 16:54:30,31,70.17040521981943
2024-10-03 16:54:31,338,63.399777518671634
2024-10-03 16:54:39,450,55.11866954628841
2024-10-03 16:54:46,421,64.34160157545176
2024-10-03 16:54:54,390,64.47618464981464
2024-10-03 16:55:01,385,66.42638505706454
2024-10-03 16:55:10,414,66.75962187320594
2024-10-03 16:55:17,270,60.517375381320555
2024-10-03 16:55:20,127,54.02642736527871
2024-10-03 16:55:24,406,51.76751042218135
2024-10-03 16:55:25,41,60.53943135330679
2024-10-03 16:55:32,432,59.233664860683795
2024-10-03 16:55:39,106,68.4778010382555
2024-10-03 16:55:40,215,64.49701426062292
2024-10-03 16:55:46,112,69.08310156921436
2024-10-03 16:55:47,331,57.41558648931711
2024-10-03 16:55:54,207,64.45380165799912
2024-10-03 16:55:56,192,57.07626552739913
2024-10-03 16:56:01,181,56.224912367362414
2024-10-03 16:56:02,262,57.612422448174044
2024-10-03 16:56:10,444,56.41040384100323
2024-10-03 16:56:16,185,59.17207627161388
2024-10-03 16:56:17,231,64.67259213798833
2024-10-03 16:56:24,58,55.32089206829814
2024-10-03 16:56:25,336,63.83540910342991
2024-10-03 16:56:32,426,58.97571213890346
2024-10-03 16:56:33,19,64.6815335122154
2024-10-03 16:56:40,50,73.61712171958764
2024-10-03 16:56:42,322,64.52907048605013
2024-10-03 16:56:48,367,51.31116489674357
2024-10-03 16:56:49,51,54.34933138210842
2024-10-03 16:56:55,361,65.158080853269
2024-10-03 16:57:02,361,61.70895608091668
2024-10-03 16:57:04,13,66.65638482261463
2024-10-03 16:57:11,419,66.36995428105956
2024-10-03 16:57:17,100,51.91390369288616
2024-10-03 16:57:18,350,53.73396652767898
2024-10-03 16:57:25,253,60.68723153320991
2024-10-03 16:57:26,158,58.91263163580603
2024-10-03 16:57:32,423,54.29827949258964
2024-10-03 16:57:33,15,47.16548812185734
2024-10-03 16:57:40,310,65.88515647766148
2024-10-03 16:57:48,332,72.04800318126827
2024-10-03 16:57:50,6,106.58510719617591
2024-10-03 16:57:56,414,58.657895924632996
2024-10-03 16:58:03,425,55.060386034629026
2024-10-03 16:58:11,258,53.81733976105716
2024-10-03 16:58:12,145,59.24493929722819
2024-10-03 16:58:18,405,55.29577618729289
2024-10-03 16:58:26,50,70.68176197176305
2024-10-03 16:58:27,315,65.69311525949153
2024-10-03 16:58:34,35,79.37047139893075
2024-10-03 16:58:35,368,57.477020070375545
2024-10-03 16:58:41,345,57.967897173756604
2024-10-03 16:58:42,74,64.20847699558107
2024-10-03 16:58:50,395,58.43207049882264
2024-10-03 16:58:57,396,62.98272271458527
2024-10-03 16:59:06,375,64.99251742140282
2024-10-03 16:59:14,170,55.66083232373587
2024-10-03 16:59:15,235,63.31725465917629
2024-10-03 16:59:19,159,59.42930781176606
2024-10-03 16:59:20,342,46.04296992313026
2024-10-03 16:59:26,426,62.76967028321153
2024-10-03 16:59:33,30,64.72256308324668
2024-10-03 16:59:34,355,67.77633340967562
2024-10-03 16:59:42,441,55.704931092047346
2024-10-03 16:59:49,125,52.22123617400528
2024-10-03 16:59:50,317,54.2775647324239
2024-10-03 16:59:56,81,68.5277289162481
2024-10-03 16:59:57,346,58.569358249299924
2024-10-03 17:00:03,417,63.57116620192333
2024-10-03 17:00:11,344,65.80030716511443
2024-10-03 17:00:20,79,66.38050932005892
2024-10-03 17:00:21,335,59.07643608622868
2024-10-03 17:00:25,419,46.817302922095664
2024-10-03 17:00:27,58,52.753545119900906
2024-10-03 17:00:32,228,57.66598393628892
2024-10-03 17:00:33,203,57.253635135341796
2024-10-03 17:00:40,136,64.60977615351891
2024-10-03 17:00:42,211,69.99682533082216
2024-10-03 17:00:48,205,56.12569449874603
2024-10-03 17:00:49,231,64.176086943323
2024-10-03 17:00:55,384,61.21219007848177
2024-10-03 17:01:03,386,62.34345849247877
2024-10-03 17:01:11,351,69.1190471082255
2024-10-03 17:01:19,350,59.995520831642594
2024-10-03 17:01:26,321,61.89708889436155
2024-10-03 17:01:27,72,66.9821200942264
2024-10-03 17:01:34,446,55.26261914455838
2024-10-03 17:01:40,33,64.61236907629954
2024-10-03 17:01:42,369,60.278805729098615
2024-10-03 17:01:48,382,63.71711865515123
2024-10-03 17:01:56,335,67.90073093621595
2024-10-03 17:02:05,187,63.03731946337901
2024-10-03 17:02:06,168,61.16416702971013
2024-10-03 17:02:12,381,57.902939898780616
2024-10-03 17:02:19,407,61.2112341603903
2024-10-03 17:02:27,401,58.31523191350763
2024-10-03 17:02:35,376,61.025508594452354
2024-10-03 17:02:43,345,62.22821570475151
2024-10-03 17:02:51,129,55.87474614668291
2024-10-03 17:02:52,268,59.135282639624826
2024-10-03 17:02:59,427,55.659863689188036
2024-10-03 17:03:06,313,58.681012942730135
2024-10-03 17:03:07,57,57.73481793381864
2024-10-03 17:03:13,425,56.41503647814986
2024-10-03 17:03:20,329,69.71082450026758
2024-10-03 17:03:28,105,64.48549861599382
2024-10-03 17:03:29,323,55.4266074008308
2024-10-03 17:03:36,180,62.68285194757716
2024-10-03 17:03:37,191,63.87194233832281
2024-10-03 17:03:42,296,47.25927102761109
2024-10-03 17:03:44,130,62.687515742096274
2024-10-03 17:03:50,399,63.969075439057214
2024-10-03 17:03:58,429,55.39891842665977
2024-10-03 17:04:06,408,62.48282903752254
2024-10-03 17:04:13,399,61.81006076184857
2024-10-03 17:04:22,40,74.55919482753521
2024-10-03 17:04:23,337,64.90103722686327
2024-10-03 17:04:30,471,50.27454581611086
2024-10-03 17:04:35,232,57.89043231568186
2024-10-03 17:04:36,186,55.92355637357801
2024-10-03 17:04:43,354,65.19669001264312
2024-10-03 17:04:51,375,65.00384903249687
2024-10-03 17:05:00,362,61.269830282485366
2024-10-03 17:05:07,369,66.67276226926825
2024-10-03 17:05:16,398,67.0886154109562
2024-10-03 17:05:23,128,62.55919009647575
2024-10-03 17:05:24,191,73.16749825264334
2024-10-03 17:05:31,112,68.57354490725211
2024-10-03 17:05:33,269,57.15825783899526
2024-10-03 17:05:38,456,51.82776213572985
2024-10-03 17:05:45,387,65.0660298944602
2024-10-03 17:05:54,393,63.91135269583886
2024-10-03 17:06:02,301,68.71789970637042
2024-10-03 17:06:10,339,73.35178742926978
2024-10-03 17:06:18,323,66.11963064853617
2024-10-03 17:06:24,187,63.731495035333424
2024-10-03 17:06:25,215,60.13642165005749
2024-10-03 17:06:33,364,61.661450205841355
2024-10-03 17:06:34,24,78.14269555293508
2024-10-03 17:06:40,38,53.731032408350146
2024-10-03 17:06:41,358,58.07215953713457
2024-10-03 17:06:46,174,59.16776643466146
2024-10-03 17:06:47,244,53.95110004882057
2024-10-03 17:06:54,370,67.74955677835334
2024-10-03 17:07:01,146,54.39306083623606
2024-10-03 17:07:02,264,51.34923481090762
2024-10-03 17:07:09,42,70.45355606053197
2024-10-03 17:07:10,272,76.78844646107757
2024-10-03 17:07:16,428,55.46898833713345
2024-10-03 17:07:17,38,58.676472215976446
2024-10-03 17:07:24,143,71.16964365238627
2024-10-03 17:07:26,178,64.39705420233376
2024-10-03 17:07:32,225,58.8589804414461
2024-10-03 17:07:33,144,54.05250744026359
2024-10-03 17:07:40,404,62.74374823972235
2024-10-03 17:07:48,378,67.35371871702777
2024-10-03 17:07:56,369,69.99735012143721
2024-10-03 17:08:04,394,64.97366423594033
2024-10-03 17:08:11,93,64.30403251380744
2024-10-03 17:08:12,312,55.91087506062284
2024-10-03 17:08:19,426,59.312519992594225
2024-10-03 17:08:27,402,60.895598116247825
2024-10-03 17:08:35,99,56.15064904152687
2024-10-03 17:08:36,362,54.82141620713395
2024-10-03 17:08:41,146,48.76142642198837
2024-10-03 17:08:42,287,58.85694118065795
2024-10-03 17:08:49,366,62.02131990653734
2024-10-03 17:08:57,414,58.63569376166754
2024-10-03 17:09:04,113,57.55536215803651
2024-10-03 17:09:06,344,55.9060879815137
2024-10-03 17:09:12,437,52.537515625969455
2024-10-03 17:09:16,135,46.67067235791037
2024-10-03 17:09:18,370,44.63290700683742
2024-10-03 17:09:22,393,52.0114619261331
2024-10-03 17:09:23,44,54.813879861783086
2024-10-03 17:09:30,368,65.80473180690272
2024-10-03 17:09:38,212,69.91185058877257
2024-10-03 17:09:40,115,59.83091534888634
2024-10-03 17:09:45,161,62.2657499048717
2024-10-03 17:09:46,261,53.69526035683825
2024-10-03 17:09:52,348,51.06162052659528
2024-10-03 17:09:54,90,60.84846064239503
2024-10-03 17:10:01,342,60.482380642404415
2024-10-03 17:10:02,35,61.53711341973245
2024-10-03 17:10:07,36,112.43165275900054
2024-10-03 17:10:08,427,49.52328524571296
2024-10-03 17:10:15,373,66.57075252063163
2024-10-03 17:10:23,65,73.03607660162908
2024-10-03 17:10:24,332,59.35549398952452
2024-10-03 17:10:30,341,51.95855638315785
2024-10-03 17:10:31,119,53.10000524836552
2024-10-03 17:10:39,392,60.1082883297626
2024-10-03 17:10:45,423,53.39760152145532
2024-10-03 17:10:46,28,61.06888985930528
2024-10-03 17:10:52,206,59.824776550660694
2024-10-03 17:10:53,232,59.17327458446265
2024-10-03 17:11:00,396,60.00298134453317
2024-10-03 17:11:09,395,62.54470160952165
2024-10-03 17:11:16,289,62.641993770040244
2024-10-03 17:11:18,126,59.5145767547615
2024-10-03 17:11:25,377,57.151063471385285
2024-10-03 17:11:32,446,57.780165355294436
2024-10-03 17:11:39,349,62.32756235139605
2024-10-03 17:11:47,423,57.41112554946674
2024-10-03 17:11:53,324,58.94011877751485
2024-10-03 17:11:54,97,49.909470320783214
2024-10-03 17:12:00,103,55.350475722056764
2024-10-03 17:12:01,311,62.27857450215077
2024-10-03 17:12:08,414,55.35353534575258
2024-10-03 17:12:15,183,68.5590313771379
2024-10-03 17:12:17,143,77.92411714855713
2024-10-03 17:12:23,444,60.44899951632932
2024-10-03 17:12:31,357,72.08193717572746
2024-10-03 17:12:39,387,63.194077798784605
2024-10-03 17:12:46,175,65.86312687107679
2024-10-03 17:12:49,261,52.01715029684991
2024-10-03 17:12:54,244,54.65896484179505
2024-10-03 17:12:55,207,54.90749008811006
2024-10-03 17:13:01,358,59.80267471366543
2024-10-03 17:13:09,117,73.42874340245419
2024-10-03 17:13:10,219,75.45333440974014
2024-10-03 17:13:17,194,54.64304040473771
2024-10-03 17:13:18,230,67.65566971156142
2024-10-03 17:13:25,420,56.76077464397681
2024-10-03 17:13:32,386,57.93332248583534
2024-10-03 17:13:38,214,54.93185282301157
2024-10-03 17:13:39,225,48.98025342863132
2024-10-03 17:13:46,340,62.22823261114537
2024-10-03 17:13:47,28,64.26530150661934
2024-10-03 17:13:54,40,58.438132806402265
2024-10-03 17:13:55,373,63.73574376717178
2024-10-03 17:14:03,381,62.659741401226356
2024-10-03 17:14:11,371,66.83046294893656
2024-10-03 17:14:19,419,61.1451943459264
2024-10-03 17:14:27,409,60.18335675649193
2024-10-03 17:14:35,379,66.5098052336802
2024-10-03 17:14:43,424,61.36340868402889
2024-10-03 17:14:49,104,59.43069588348818
2024-10-03 17:14:50,303,62.28307931706583
2024-10-03 17:14:57,414,59.34200345699997
2024-10-03 17:15:05,396,63.51343459230038
2024-10-03 17:15:13,384,64.10213192149774
2024-10-03 17:15:20,418,58.80658399970662
2024-10-03 17:15:29,368,57.79299114881678
2024-10-03 17:15:37,376,66.3890557301527
2024-10-03 17:15:43,386,53.94485794937298
2024-10-03 17:15:45,49,47.354210189088455
2024-10-03 17:15:52,426,59.94212630120469
2024-10-03 17:16:00,376,66.8080853874252
2024-10-03 17:16:08,387,62.758980827518705
2024-10-03 17:16:14,333,54.53805172499559
2024-10-03 17:16:16,105,50.28270857178792
2024-10-03 17:16:21,175,71.3496955094907
2024-10-03 17:16:23,183,66.36715437973784
2024-10-03 17:16:30,370,54.78950945048431
2024-10-03 17:16:36,429,59.65285503941498
2024-10-03 17:16:42,245,61.358012944383695
2024-10-03 17:16:43,122,57.37847660737712
2024-10-03 17:16:50,347,55.24044301732411
2024-10-03 17:16:51,67,71.75567747349378
2024-10-03 17:16:56,224,52.657210950949356
2024-10-03 17:16:57,203,51.015467087284065
2024-10-03 17:17:04,354,61.87344649555319
2024-10-03 17:17:05,14,86.04404506659539
2024-10-03 17:17:10,14,59.29054074176428
2024-10-03 17:17:12,411,53.93166476273029
2024-10-03 17:17:18,99,70.99715788890416
2024-10-03 17:17:20,323,57.93340284567889
2024-10-03 17:17:27,114,54.12470100714327
2024-10-03 17:17:28,304,60.79694281527133
2024-10-03 17:17:33,320,45.803135654659506
2024-10-03 17:17:34,148,56.94772259299559
2024-10-03 17:17:39,282,57.86839066753942
2024-10-03 17:17:40,105,61.586060694523155
2024-10-03 17:17:46,399,65.84564587663482
2024-10-03 17:17:55,24,67.92407574112143
2024-10-03 17:17:56,279,62.32773104302977
2024-10-03 17:18:03,30,37.56058063561841
2024-10-03 17:18:04,390,52.37700027429576
2024-10-03 17:18:10,448,52.366259354994156
2024-10-03 17:18:15,228,44.074567362228144
2024-10-03 17:18:16,217,55.140159544164504
2024-10-03 17:18:21,165,58.89884322055806
2024-10-03 17:18:22,225,57.19574759036047
2024-10-03 17:18:29,283,69.7628830930815
2024-10-03 17:18:30,53,60.72026944594418
2024-10-03 17:18:37,44,68.92731685145286
2024-10-03 17:18:38,352,54.41053609615226
2024-10-03 17:18:45,231,52.96344759145452
2024-10-03 17:18:46,166,62.97173394565462
2024-10-03 17:18:51,124,50.841437735335404
2024-10-03 17:18:52,308,62.89937581979734
2024-10-03 17:18:59,15,74.23746162378056
2024-10-03 17:19:00,390,63.35491846141068
2024-10-03 17:19:07,10,87.96626737007031
2024-10-03 17:19:08,392,58.452019116619496
2024-10-03 17:19:14,146,50.92665097631488
2024-10-03 17:19:15,300,51.84579817357432
2024-10-03 17:19:22,206,59.969390795367616
2024-10-03 17:19:23,212,61.53750351216185
2024-10-03 17:19:28,398,59.54803844607622
2024-10-03 17:19:30,11,50.524088706403035
2024-10-03 17:19:35,210,60.25437570457237
2024-10-03 17:19:36,200,46.58895047187708
2024-10-03 17:19:41,369,49.7743118292089
2024-10-03 17:19:46,138,66.16760191196192
2024-10-03 17:19:47,221,45.006829620325654
2024-10-03 17:19:52,194,57.04064901049313
2024-10-03 17:19:53,133,61.27393982187583
2024-10-03 17:19:57,300,49.481257266632355
2024-10-03 17:19:58,19,72.44192456800454
2024-10-03 17:20:01,382,45.57883645722602
2024-10-03 17:20:05,23,80.41957302225042
2024-10-03 17:20:06,279,49.12801395634482
2024-10-03 17:20:09,251,45.59878078787011
2024-10-03 17:20:10,47,51.12051867262129
2024-10-03 17:20:12,151,58.15484620012623
2024-10-03 17:20:13,108,53.96056249933859
2024-10-03 17:20:15,271,46.16547078222132
2024-10-03 17:20:17,162,45.18920950349995
2024-10-03 17:20:18,159,43.61495406095012
2024-10-03 17:20:21,59,48.65754561900783
2024-10-03 17:20:22,195,55.262337564462996
2024-10-03 17:20:25,246,51.13354223407601
2024-10-03 17:20:29,30,57.20718660677622
2024-10-03 17:20:30,195,55.20048724032357
2024-10-03 17:20:32,268,50.27113989368661
2024-10-03 17:20:37,261,48.046210212179794
2024-10-03 17:20:40,240,59.57285693153268
2024-10-03 17:20:44,54,49.217550200431276
2024-10-03 17:20:45,194,55.11628521177672
2024-10-03 17:20:48,274,49.65745792886143
2024-10-03 17:20:53,261,59.40490431838228
2024-10-03 17:20:56,37,62.610187882325896
2024-10-03 17:20:57,205,58.9713165857393
2024-10-03 17:21:01,254,69.34441025545632
2024-10-03 17:21:06,212,66.22405603868313
2024-10-03 17:21:07,15,100.89563688181369
2024-10-03 17:21:11,147,70.51512791160714
2024-10-03 17:21:13,115,59.639427325875985
2024-10-03 17:21:17,264,53.54393657017821
2024-10-03 17:21:22,295,53.293075496971
2024-10-03 17:21:26,291,57.99517195956378
2024-10-03 17:21:31,299,67.50764862065819
2024-10-03 17:21:36,139,63.23791156950924
2024-10-03 17:21:38,153,62.227528317349474
2024-10-03 17:21:43,81,74.1831698186343
2024-10-03 17:21:44,199,69.65771433333431
2024-10-03 17:21:51,295,60.11898580011887
2024-10-03 17:21:55,206,45.51840839885392
2024-10-03 17:21:56,148,52.724783182339905
2024-10-03 17:22:02,351,54.412203778031305
2024-10-03 17:22:07,349,52.30083362951402
2024-10-03 17:22:12,63,60.76401400733886
2024-10-03 17:22:13,334,46.85945729996235
2024-10-03 17:22:17,363,55.212496456354614
2024-10-03 17:22:22,140,72.67405713512812
2024-10-03 17:22:24,201,63.455236294229316
2024-10-03 17:22:30,303,59.29589224335751
2024-10-03 17:22:31,34,77.15527566898618
2024-10-03 17:22:36,85,55.98020315038801
2024-10-03 17:22:39,289,59.06570487477706
2024-10-03 17:22:44,169,57.07108955652401
2024-10-03 17:22:46,174,75.92743446297759
2024-10-03 17:22:52,130,63.40596402690844
2024-10-03 17:22:55,202,62.21242443421639
2024-10-03 17:23:00,39,57.6728089472453
2024-10-03 17:23:01,390,44.938697127287185
2024-10-03 17:23:03,61,59.19297235991653
2024-10-03 17:23:04,348,50.60672228297035
2024-10-03 17:23:10,165,55.481119561666105
2024-10-03 17:23:11,232,61.398928013960415
2024-10-03 17:23:17,332,61.508725726379225
2024-10-03 17:23:18,67,54.35049827047191
2024-10-03 17:23:24,438,57.84341625251228
2024-10-03 17:23:30,128,73.81792734932696
2024-10-03 17:23:31,240,47.498194891707
2024-10-03 17:23:37,19,45.159881716087185
2024-10-03 17:23:39,332,64.5105092880352
2024-10-03 17:23:45,427,55.73397984991606
2024-10-03 17:23:51,140,62.98511598514404
2024-10-03 17:23:52,261,50.638181181261956
2024-10-03 17:23:57,301,60.23391494991262
2024-10-03 17:23:58,93,64.74430200722476
2024-10-03 17:24:05,172,69.7491254208979
2024-10-03 17:24:06,199,60.286683836762734
2024-10-03 17:24:12,184,52.688277904930146
2024-10-03 17:24:13,167,60.7766405359601
2024-10-03 17:24:21,396,64.69895742099985
2024-10-03 17:24:29,364,65.49609781943484
2024-10-03 17:24:35,166,59.19101285347174
2024-10-03 17:24:37,223,62.39326930692449
2024-10-03 17:24:42,412,61.245149870629355
2024-10-03 17:24:49,288,59.94565730806385
2024-10-03 17:24:50,138,47.02825991406303
2024-10-03 17:24:57,343,69.32197013689745
2024-10-03 17:25:05,357,65.98568823359848
2024-10-03 17:25:13,358,66.30098035643611
2024-10-03 17:25:14,55,74.93006141131907
2024-10-03 17:25:21,254,62.133681851610596
2024-10-03 17:25:23,158,55.015699466396505
2024-10-03 17:25:28,192,46.02770784421367
2024-10-03 17:25:29,221,74.6200998744992
2024-10-03 17:25:35,427,57.792787218068064
2024-10-03 17:25:43,198,66.95720847698688
2024-10-03 17:25:45,199,61.68931047244712
2024-10-03 17:25:51,442,53.710310597543135
2024-10-03 17:25:58,350,63.423911638335866
2024-10-03 17:26:06,151,59.63137738476393
2024-10-03 17:26:07,241,63.32840566950517
2024-10-03 17:26:14,268,60.154966637032835
2024-10-03 17:26:15,181,48.436716531453804
2024-10-03 17:26:21,439,62.9844840411366
2024-10-03 17:26:29,397,62.50087868001972
2024-10-03 17:26:36,290,63.49830601344872
2024-10-03 17:26:37,115,64.26594236379519
2024-10-03 17:26:44,418,54.369741469102564
2024-10-03 17:26:50,298,62.10333625787159
2024-10-03 17:26:51,103,51.7295931916936
2024-10-03 17:26:58,403,60.822355233889326
2024-10-03 17:27:06,389,65.06406374750836
2024-10-03 17:27:14,383,65.97562545175626
2024-10-03 17:27:15,7,46.6672930939305
2024-10-03 17:27:22,406,59.875596673377494
2024-10-03 17:27:30,50,71.6594605328464
2024-10-03 17:27:31,363,59.46986738797944
2024-10-03 17:27:39,385,62.97210087514017
2024-10-03 17:27:46,422,56.15001773184932
2024-10-03 17:27:54,195,62.9377722932629
2024-10-03 17:27:55,187,61.72322598801261
2024-10-03 17:28:03,440,65.63676381888214
2024-10-03 17:28:09,417,58.7543093230239
2024-10-03 17:28:17,215,65.00382368070976
2024-10-03 17:28:19,136,78.06331685501296
2024-10-03 17:28:24,179,66.83385359825657
2024-10-03 17:28:25,273,48.35786643678075
2024-10-03 17:28:31,440,59.279062173343846
2024-10-03 17:28:38,219,75.67901576494349
2024-10-03 17:28:40,157,57.29733097833982
2024-10-03 17:28:46,267,60.87912563728873
2024-10-03 17:28:47,162,52.55131338639804
2024-10-03 17:28:54,24,52.65458450743276
2024-10-03 17:28:55,403,55.136834810184794
2024-10-03 17:29:02,409,64.02658776391587
2024-10-03 17:29:09,426,56.283900335512485
2024-10-03 17:29:16,161,60.268660116938534
2024-10-03 17:29:17,243,68.77622377550769
2024-10-03 17:29:24,209,66.37796567838285
2024-10-03 17:29:26,203,57.38330752294993
2024-10-03 17:29:32,243,54.336514108484536
2024-10-03 17:29:33,182,56.86887428564534
2024-10-03 17:29:38,266,53.054249152690865
2024-10-03 17:29:39,166,48.49417815417319
2024-10-03 17:29:46,412,62.48116086865438
2024-10-03 17:29:54,384,64.05142411893563
2024-10-03 17:30:00,193,60.63612912171024
2024-10-03 17:30:02,250,49.70766724969239
2024-10-03 17:30:09,361,63.43225032499772
2024-10-03 17:30:15,145,59.62727916889459
2024-10-03 17:30:16,275,51.59614131277558
2024-10-03 17:30:23,348,60.29722785293931
2024-10-03 17:30:31,371,73.37566775915624
2024-10-03 17:30:39,467,52.655584259991564
2024-10-03 17:30:47,395,69.79637108192256
2024-10-03 17:30:55,414,60.947578516021885
2024-10-03 17:31:03,132,49.88628438691707
2024-10-03 17:31:05,258,59.28185446614174
2024-10-03 17:31:10,19,41.86293181133623
2024-10-03 17:31:11,427,53.567165913157254
2024-10-03 17:31:17,180,66.5624694585199
2024-10-03 17:31:18,166,66.1403469742793
2024-10-03 17:31:26,245,52.723804525026424
2024-10-03 17:31:27,164,61.47517400026162
2024-10-03 17:31:33,414,57.746548150685925
2024-10-03 17:31:39,291,53.63946542960041
2024-10-03 17:31:40,149,54.89059246501032
2024-10-03 17:31:47,189,62.525261534021055
2024-10-03 17:31:48,238,60.31499632582748
2024-10-03 17:31:54,51,59.05796638104438
2024-10-03 17:31:55,325,65.91714650869258
2024-10-03 17:32:01,195,50.96843236863021
2024-10-03 17:32:02,243,51.93534602103232
2024-10-03 17:32:08,59,53.62693609756221
2024-10-03 17:32:09,412,55.62612543102518
2024-10-03 17:32:15,169,60.948790374446446
2024-10-03 17:32:16,216,60.417338251576574
2024-10-03 17:32:22,161,51.60775766891085
2024-10-03 17:32:23,286,55.90430356649886
2024-10-03 17:32:29,329,62.981855997819046
2024-10-03 17:32:30,82,59.94930086534833
2024-10-03 17:32:37,341,65.17262604984843
2024-10-03 17:32:46,158,73.35147080107247
2024-10-03 17:32:47,178,58.78048919076818
2024-10-03 17:32:53,412,53.8271143892769
2024-10-03 17:33:00,422,58.601692834345336
2024-10-03 17:33:08,319,66.37276541266303
2024-10-03 17:33:16,447,53.461880148801605
2024-10-03 17:33:24,409,59.51667189764607
2024-10-03 17:33:30,141,55.686885114083985
2024-10-03 17:33:32,291,56.589912624009486
2024-10-03 17:33:39,432,62.092654610820624
2024-10-03 17:33:46,289,60.364906273310666
2024-10-03 17:33:47,101,72.32579700454542
2024-10-03 17:33:54,271,63.465211633573325
2024-10-03 17:33:55,184,49.55601584378517
2024-10-03 17:34:02,419,64.0154640638604
2024-10-03 17:34:08,77,50.096357191266264
2024-10-03 17:34:09,371,53.689239254380695
2024-10-03 17:34:16,426,61.012787467069366
2024-10-03 17:34:25,373,61.641137621190445
2024-10-03 17:34:32,260,60.59311844921437
2024-10-03 17:34:35,110,75.38389499247869
2024-10-03 17:34:37,162,56.446457943104114
2024-10-03 17:34:41,291,46.7947872784603
2024-10-03 17:34:45,117,70.25384487756675
2024-10-03 17:34:49,281,62.66447068298105
2024-10-03 17:34:51,405,43.628234354882004
2024-10-03 17:34:54,79,66.9100406419372
2024-10-03 17:34:59,401,66.62570286063576
2024-10-03 17:35:07,399,60.69476588700968
2024-10-03 17:35:14,377,65.60628547296974
2024-10-03 17:35:23,344,61.00569565990494
2024-10-03 17:35:30,243,66.30373675872316
2024-10-03 17:35:31,137,66.29564665478996
2024-10-03 17:35:39,437,55.30092355294422
2024-10-03 17:35:44,134,60.64627318594397
2024-10-03 17:35:45,258,54.071897351488126
2024-10-03 17:35:53,415,61.21388133099292
2024-10-03 17:36:01,399,66.67663258429755
2024-10-03 17:36:09,37,63.82380991525815
2024-10-03 17:36:10,331,65.76713512535969
2024-10-03 17:36:14,379,58.79081421795565
2024-10-03 17:36:17,31,58.95661446165123
2024-10-03 17:36:23,365,58.200817380534
2024-10-03 17:36:31,393,65.39762602764903
2024-10-03 17:36:39,442,56.725368050307594
2024-10-03 17:36:46,456,59.48451885094243
2024-10-03 17:36:53,384,63.590606766128474
2024-10-03 17:37:02,344,70.46698118963727
2024-10-03 17:37:09,386,58.88919044911581
2024-10-03 17:37:10,41,62.50362572090183
2024-10-03 17:37:17,93,55.48814486867964
2024-10-03 17:37:19,260,67.67937559528353
2024-10-03 17:37:25,104,55.860338080378554
2024-10-03 17:37:27,297,60.064289862823536
2024-10-03 17:37:31,423,50.66478516510811
2024-10-03 17:37:33,27,47.710611921426555
2024-10-03 17:37:38,438,61.13243742737436
2024-10-03 17:37:45,99,86.15366288842526
2024-10-03 17:37:46,307,61.38957047051409
2024-10-03 17:37:53,444,53.14607022354446
2024-10-03 17:37:59,189,47.217844205491055
2024-10-03 17:38:01,221,70.17904698346841
2024-10-03 17:38:07,459,55.02309612145089
2024-10-03 17:38:15,440,55.64575868344153
2024-10-03 17:38:20,175,51.28762007047976
2024-10-03 17:38:23,227,47.16122578863706
2024-10-03 17:38:27,204,62.56678962091437
2024-10-03 17:38:29,236,59.492879766004926
2024-10-03 17:38:35,408,62.51002558563389
2024-10-03 17:38:36,34,72.55937584698371
2024-10-03 17:38:43,395,54.29272704984303
2024-10-03 17:38:44,27,81.62400047729362
2024-10-03 17:38:51,12,69.96202103210145
2024-10-03 17:38:52,407,53.58179731213463
2024-10-03 17:38:56,276,55.02543416398922
2024-10-03 17:38:59,187,50.756728915009624
2024-10-03 17:39:05,411,64.4966115050425
2024-10-03 17:39:12,354,57.24556855778241
2024-10-03 17:39:13,59,64.5523788294997
2024-10-03 17:39:20,196,67.31955683361907
2024-10-03 17:39:21,223,59.78247702264748
2024-10-03 17:39:27,192,55.93039792176037
2024-10-03 17:39:28,236,61.618032065325494
2024-10-03 17:39:34,236,53.95665187283443
2024-10-03 17:39:35,200,63.021639364163065
2024-10-03 17:39:42,423,62.18053299182906
2024-10-03 17:39:50,382,59.23736025247691
2024-10-03 17:39:58,379,57.95896466620145
2024-10-03 17:39:59,61,71.02863822524783
2024-10-03 17:40:05,71,49.911815690653306
2024-10-03 17:40:07,370,55.531798293986306
2024-10-03 17:40:13,378,69.8414596842646
2024-10-03 17:40:21,7,67.82965959096032
2024-10-03 17:40:24,358,63.97900484156405
2024-10-03 17:40:27,403,52.92184761230998
2024-10-03 17:40:29,9,79.22108582792067
2024-10-03 17:40:36,420,61.40574167711053
2024-10-03 17:40:44,412,62.96190940370683
2024-10-03 17:40:50,35,53.28992099013085
2024-10-03 17:40:52,402,48.79324877014214
2024-10-03 17:40:57,72,62.6245979272874
2024-10-03 17:40:58,322,60.322300979214106
2024-10-03 17:41:05,361,69.35528493746452
2024-10-03 17:41:14,62,49.606260465622945
2024-10-03 17:41:15,342,68.43165094026261
2024-10-03 17:41:20,338,55.32441056182322
2024-10-03 17:41:22,88,63.55442011869354
2024-10-03 17:41:28,399,62.76453464501808
2024-10-03 17:41:35,268,59.17624068468264
2024-10-03 17:41:37,102,68.69149209560904
2024-10-03 17:41:42,115,61.75726591697792
2024-10-03 17:41:44,332,54.18732548098836
2024-10-03 17:41:50,386,61.62416402578856
2024-10-03 17:41:58,280,60.05047849525745
2024-10-03 17:41:59,141,59.681161484061946
2024-10-03 17:42:06,178,70.75414612079648
2024-10-03 17:42:07,177,60.05472951418799
2024-10-03 17:42:15,424,57.7094832353782
2024-10-03 17:42:20,281,58.80210667113402
2024-10-03 17:42:21,100,86.76982660376437
2024-10-03 17:42:28,259,66.23102803370541
2024-10-03 17:42:30,75,67.73500778410734
2024-10-03 17:42:35,127,57.107162922430554
2024-10-03 17:42:36,315,61.02837841762149
2024-10-03 17:42:44,412,57.48267799837497
2024-10-03 17:42:49,385,50.84615002114685
2024-10-03 17:42:50,36,55.526453060288425
2024-10-03 17:42:56,37,74.82913306335618
2024-10-03 17:42:57,381,56.46524323499073
2024-10-03 17:43:05,396,60.05842983852907
2024-10-03 17:43:12,395,56.286811663858465
2024-10-03 17:43:17,138,54.307602422390524
2024-10-03 17:43:19,309,53.37658244849452
2024-10-03 17:43:25,9,86.80441006204452
2024-10-03 17:43:26,346,69.23059371384258
2024-10-03 17:43:32,402,52.15951425860113
2024-10-03 17:43:33,28,41.56402344417935
2024-10-03 17:43:40,379,62.31236431493519
2024-10-03 17:43:48,57,74.28007390146628
2024-10-03 17:43:49,302,67.66636529096432
2024-10-03 17:43:56,51,72.91334092420202
2024-10-03 17:43:57,398,61.383992270159126
2024-10-03 17:44:03,300,68.3986241251493
2024-10-03 17:44:04,122,36.631675887958096
2024-10-03 17:44:11,307,61.15794079246281
2024-10-03 17:44:12,84,55.57509006670813
2024-10-03 17:44:18,425,52.00875915225508
2024-10-03 17:44:19,27,48.33608485589822
2024-10-03 17:44:24,353,51.975016457736736
2024-10-03 17:44:25,57,53.99686425250724
2024-10-03 17:44:28,204,41.277460398269874
2024-10-03 17:44:31,230,49.305375163932005
2024-10-03 17:44:36,423,61.492703071630395
2024-10-03 17:44:45,443,62.79162229516385
2024-10-03 17:44:52,12,39.906372244414634
2024-10-03 17:44:53,353,64.82957914688541
2024-10-03 17:45:01,424,50.01833611453554
2024-10-03 17:45:07,56,51.97404984097934
2024-10-03 17:45:09,351,61.52282269987944
2024-10-03 17:45:14,387,51.3285485342069
2024-10-03 17:45:15,75,50.77839130201044
2024-10-03 17:45:21,196,47.03695865176729
2024-10-03 17:45:22,239,62.732354336131905
2024-10-03 17:45:29,431,54.13397639580254
2024-10-03 17:45:35,300,61.827447337229714
2024-10-03 17:45:36,40,45.18266076401697
2024-10-03 17:45:42,40,69.74584154229095
2024-10-03 17:45:43,349,62.5587902336951
2024-10-03 17:45:50,24,69.86954990043945
2024-10-03 17:45:51,355,57.660983557107194
2024-10-03 17:45:58,356,60.949323472677136
2024-10-03 17:45:59,30,49.06664355896256
2024-10-03 17:46:07,373,63.33246905652861
2024-10-03 17:46:14,403,55.25848474747688
2024-10-03 17:46:21,389,59.57038765133233
2024-10-03 17:46:28,411,62.53678746605028
2024-10-03 17:46:37,354,64.35798163979247
2024-10-03 17:46:45,432,62.72820732825108
2024-10-03 17:46:52,304,51.33082908541013
2024-10-03 17:46:53,135,60.15496427795522
2024-10-03 17:47:00,404,58.752818333919656
2024-10-03 17:47:09,433,63.2244723974267
2024-10-03 17:47:14,342,47.21529511525595
2024-10-03 17:47:15,90,65.44669330376429
2024-10-03 17:47:22,254,70.86280010443892
2024-10-03 17:47:23,90,62.328535352509505
2024-10-03 17:47:30,400,59.70463854994041
2024-10-03 17:47:36,409,64.35070916709752
2024-10-03 17:47:44,423,57.06776759030736
2024-10-03 17:47:52,395,69.14603530833625
2024-10-03 17:48:00,419,60.77205848123647
2024-10-03 17:48:08,346,66.12786684614366
2024-10-03 17:48:11,33,67.80538581953823
2024-10-03 17:48:16,388,47.585248445438864
2024-10-03 17:48:17,51,48.07762907021044
2024-10-03 17:48:21,402,54.22547541440486
2024-10-03 17:48:27,294,58.006079966689065
2024-10-03 17:48:28,120,50.23492375395414
2024-10-03 17:48:34,411,55.61699291034821
2024-10-03 17:48:39,62,62.748372686834976
2024-10-03 17:48:41,370,54.19683744965017
2024-10-03 17:48:47,159,67.07113981458227
2024-10-03 17:48:48,199,66.76534674945995
2024-10-03 17:48:55,441,55.4902925313697
2024-10-03 17:49:02,186,60.129167314074955
2024-10-03 17:49:04,255,58.58063480898339
2024-10-03 17:49:10,416,52.56742595029213
2024-10-03 17:49:11,34,43.750229551001816
2024-10-03 17:49:16,13,83.06446705389591
2024-10-03 17:49:17,424,50.40266313901181
2024-10-03 17:49:24,383,67.13887692652675
2024-10-03 17:49:30,354,49.487796939989074
2024-10-03 17:49:31,108,44.88996346711009
2024-10-03 17:49:38,434,55.95027346528428
2024-10-03 17:49:43,153,61.59097489013734
2024-10-03 17:49:46,233,58.78572549556571
2024-10-03 17:49:50,466,45.8148968854554
2024-10-03 17:49:54,470,45.20549002700997
2024-10-03 17:49:59,443,45.61939885211873
2024-10-03 17:50:04,394,56.08767008344855
2024-10-03 17:50:11,450,52.57201719692278
2024-10-03 17:50:18,424,55.326764564221
2024-10-03 17:50:25,396,61.895583251292976
2024-10-03 17:50:33,20,62.55939413644789
2024-10-03 17:50:35,27,50.22423263011561
2024-10-03 17:50:36,426,58.942225698176074
2024-10-03 17:50:40,400,40.61870021385011
2024-10-03 17:50:43,412,60.838809896274476
2024-10-03 17:50:51,391,59.90763151343689
2024-10-03 17:50:59,351,64.24242943717344
2024-10-03 17:51:05,243,60.86709934745158
2024-10-03 17:51:07,181,54.81151359190151
2024-10-03 17:51:13,410,63.44554173995984
2024-10-03 17:51:22,354,68.57936828743622
2024-10-03 17:51:30,371,65.33680775330704
2024-10-03 17:51:37,335,65.03498266984603
2024-10-03 17:51:38,62,63.156799539907595
2024-10-03 17:51:46,430,56.10637567012972
2024-10-03 17:51:52,425,63.1935102515761
2024-10-03 17:52:00,130,67.14023190495283
2024-10-03 17:52:03,153,78.9848094762822
2024-10-03 17:52:08,152,53.57439948986073
2024-10-03 17:52:09,260,51.68883541019346
2024-10-03 17:52:13,120,65.73804279903885
2024-10-03 17:52:15,300,53.39830630428062
2024-10-03 17:52:22,343,63.75925279749173
2024-10-03 17:52:24,51,51.121247511126626
2024-10-03 17:52:27,32,73.1540197749156
2024-10-03 17:52:29,390,51.09250035986905
2024-10-03 17:52:35,393,60.02560940956806
2024-10-03 17:52:36,30,65.61456176057636
2024-10-03 17:52:43,427,55.311954143016095
2024-10-03 17:52:50,408,60.16616775959687
2024-10-03 17:52:57,342,60.053432869263396
2024-10-03 17:52:58,56,60.2772881503651
2024-10-03 17:53:05,305,57.926983018649025
2024-10-03 17:53:06,116,57.21888572598409
2024-10-03 17:53:11,279,52.89600698146755
2024-10-03 17:53:13,158,60.83597686056818
2024-10-03 17:53:19,415,60.31122320697881
2024-10-03 17:53:26,78,67.16030704244102
2024-10-03 17:53:27,294,61.494684719513614
2024-10-03 17:53:35,388,57.856897722301845
2024-10-03 17:53:42,413,57.73206542544234
2024-10-03 17:53:49,239,52.972281632003266
2024-10-03 17:53:50,182,64.95733636747232
2024-10-03 17:53:58,381,63.45560469824881
2024-10-03 17:54:05,276,65.28232413238507
2024-10-03 17:54:07,100,67.46633683885442
2024-10-03 17:54:12,141,45.45171430081899
2024-10-03 17:54:14,330,46.674440549130466
2024-10-03 17:54:19,394,56.59532291242418
2024-10-03 17:54:25,451,49.756471397830786
2024-10-03 17:54:31,364,53.93489943012011
2024-10-03 17:54:32,101,52.40077599733863
2024-10-03 17:54:38,419,52.65536720155547
2024-10-03 17:54:44,166,64.392963643906
2024-10-03 17:54:45,199,54.550850379901426
2024-10-03 17:54:53,409,63.7540596828164
2024-10-03 17:54:59,35,66.42086485131098
2024-10-03 17:55:00,401,60.79471657510924
2024-10-03 17:55:08,425,67.2441513819551
2024-10-03 17:55:15,316,57.83784609602637
2024-10-03 17:55:16,54,70.19158031492726
2024-10-03 17:55:23,388,67.0259098554231
2024-10-03 17:55:31,390,61.91896702693243
2024-10-03 17:55:39,83,60.58723192431292
2024-10-03 17:55:41,303,67.6856009883235
2024-10-03 17:55:46,389,50.48176856833344
2024-10-03 17:55:47,50,57.50561529084004
2024-10-03 17:55:53,256,51.54859621470634
2024-10-03 17:55:54,157,64.35639118666037
2024-10-03 17:56:00,274,55.94776719528206
2024-10-03 17:56:01,97,65.87836508075549
2024-10-03 17:56:08,397,57.42754803004189
2024-10-03 17:56:11,14,69.27955667099373
2024-10-03 17:56:16,25,41.81226411280003
2024-10-03 17:56:17,418,58.414041948319195
2024-10-03 17:56:23,218,53.73612538257196
2024-10-03 17:56:24,201,62.084585028143316
2024-10-03 17:56:30,417,54.65200085651177
2024-10-03 17:56:37,251,54.12977025414683
2024-10-03 17:56:39,136,62.378331100381665
2024-10-03 17:56:44,203,53.966966042505966
2024-10-03 17:56:45,268,58.73444298272231
2024-10-03 17:56:51,246,51.72579468660224
2024-10-03 17:56:53,185,57.94012376842521
2024-10-03 17:56:58,85,52.22295988922443
2024-10-03 17:56:59,374,54.08036634687213
2024-10-03 17:57:06,389,61.084931647573974
2024-10-03 17:57:14,326,66.628480480842
2024-10-03 17:57:15,27,79.34849240880867
2024-10-03 17:57:22,409,60.06036890156505
2024-10-03 17:57:23,27,61.763487729706036
2024-10-03 17:57:29,427,58.004930189824115
2024-10-03 17:57:30,15,63.126175024001455
2024-10-03 17:57:37,330,62.8956408922162
2024-10-03 17:57:39,104,58.45383621016473
2024-10-03 17:57:43,398,52.07606245161537
2024-10-03 17:57:46,37,73.17883664687137
2024-10-03 17:57:52,350,69.47257521116771
2024-10-03 17:57:59,193,64.96230439493092
2024-10-03 17:58:00,207,55.411594348422724
2024-10-03 17:58:06,208,57.2395002825683
2024-10-03 17:58:07,212,56.36964043182456
2024-10-03 17:58:15,407,59.943031846807145
2024-10-03 17:58:22,416,60.29819065727339
2024-10-03 17:58:30,261,57.368776105925896
2024-10-03 17:58:31,150,58.76193541172408
2024-10-03 17:58:38,392,58.50951716727201
2024-10-03 17:58:46,413,57.633013389241086
2024-10-03 17:58:52,99,60.76348241469895
2024-10-03 17:58:54,338,64.17650088344836
2024-10-03 17:58:59,64,46.719527301167346
2024-10-03 17:59:01,326,60.015968137158275
2024-10-03 17:59:07,386,59.42048698220342
2024-10-03 17:59:15,5,79.30463786774976
2024-10-03 17:59:18,323,72.64253528362119
2024-10-03 17:59:23,433,50.33200484146274
2024-10-03 17:59:24,8,72.04234019611185
2024-10-03 17:59:30,400,64.36130186915392
2024-10-03 17:59:38,468,51.12490417384097
2024-10-03 17:59:45,428,59.21371884513128
2024-10-03 17:59:51,197,68.35784676469322
2024-10-03 17:59:53,216,55.00229832747406
2024-10-03 17:59:59,416,60.991361794974736
2024-10-03 18:00:05,318,54.44719716217274
2024-10-03 18:00:06,97,59.72111622102506
2024-10-03 18:00:13,364,56.56149341642735
2024-10-03 18:00:21,396,57.445235083981906
2024-10-03 18:00:28,298,59.2728431849592
2024-10-03 18:00:29,109,60.93483629589777
2024-10-03 18:00:36,100,60.99318792861985
2024-10-03 18:00:38,295,66.40081054458015
2024-10-03 18:00:44,151,50.34041170793761
2024-10-03 18:00:45,270,55.07479556209631
2024-10-03 18:00:51,422,58.89206714179092
2024-10-03 18:01:00,193,71.35397528561407
2024-10-03 18:01:03,129,68.90078806283448
2024-10-03 18:01:04,133,57.44080336412538
2024-10-03 18:01:08,405,41.16523229203595
2024-10-03 18:01:12,221,64.78294419720683
2024-10-03 18:01:13,185,53.521609459718405
2024-10-03 18:01:19,218,60.86439620401431
2024-10-03 18:01:20,212,55.68458698741792
2024-10-03 18:01:26,295,73.8186773845167
2024-10-03 18:01:27,35,64.33758079895367
2024-10-03 18:01:34,22,87.1835945761411
2024-10-03 18:01:35,393,60.517315935859216
2024-10-03 18:01:42,323,66.97939229069742
2024-10-03 18:01:50,373,62.73901153503002
2024-10-03 18:01:58,346,68.98096386990116
2024-10-03 18:02:06,193,61.06413829534973
2024-10-03 18:02:07,191,60.1595798280397
2024-10-03 18:02:13,430,57.53215731198157
2024-10-03 18:02:21,387,65.15023728260851
2024-10-03 18:02:29,233,59.29818725649785
2024-10-03 18:02:30,182,64.17807851047183
2024-10-03 18:02:37,264,53.60545389063136
2024-10-03 18:02:38,195,57.73934263466892
2024-10-03 18:02:43,128,57.80986706549626
2024-10-03 18:02:44,324,52.73619069763903
2024-10-03 18:02:52,162,61.400155390961274
2024-10-03 18:02:53,237,62.07902963383623
2024-10-03 18:02:58,287,47.18913195480217
2024-10-03 18:02:59,169,57.25301488711591
2024-10-03 18:03:04,357,46.66485005977272
2024-10-03 18:03:06,115,54.70263413890406
2024-10-03 18:03:12,290,53.286099537956034
2024-10-03 18:03:14,144,69.1959355756793
2024-10-03 18:03:17,270,46.83258840858063
2024-10-03 18:03:20,231,63.45978031012753
2024-10-03 18:03:26,146,75.21407074477064
2024-10-03 18:03:27,193,60.86597985949725
2024-10-03 18:03:33,261,48.87750665329023
2024-10-03 18:03:34,176,50.24385290097093
2024-10-03 18:03:40,18,59.362170746456485
2024-10-03 18:03:41,360,67.25439270486685
2024-10-03 18:03:47,441,58.26625241527824
2024-10-03 18:03:49,13,35.72486554517632
2024-10-03 18:03:54,163,50.91337432348127
2024-10-03 18:03:56,266,59.80927010432442
2024-10-03 18:04:03,385,67.92336537877385
2024-10-03 18:04:10,120,54.54715211206125
2024-10-03 18:04:12,327,59.23719985915054
2024-10-03 18:04:16,300,53.556052496858506
2024-10-03 18:04:19,133,59.365910300036376
2024-10-03 18:04:25,337,66.4585483455357
2024-10-03 18:04:33,434,60.192276079743486
2024-10-03 18:04:40,71,56.95665478527535
2024-10-03 18:04:42,345,54.76649930640106
2024-10-03 18:04:45,449,45.74775489452788
2024-10-03 18:04:48,72,33.90239023765096
2024-10-03 18:04:53,86,47.88974624975862
2024-10-03 18:04:54,303,64.63701971977532
2024-10-03 18:04:59,162,55.13248844769093
2024-10-03 18:05:01,257,57.587663456520815
2024-10-03 18:05:08,349,77.60309960770586
2024-10-03 18:05:15,191,57.67531239005959
2024-10-03 18:05:16,226,68.14040750171341
2024-10-03 18:05:23,211,51.798958187708486
2024-10-03 18:05:24,229,54.60306849047454
2024-10-03 18:05:31,421,62.46833165458053
2024-10-03 18:05:38,352,64.92313654819023
2024-10-03 18:05:46,380,64.5548850184675
2024-10-03 18:05:54,314,65.10153481573525
2024-10-03 18:05:55,6,77.55895255771617
2024-10-03 18:06:01,10,49.19074924043953
2024-10-03 18:06:02,441,53.312661475266104
2024-10-03 18:06:10,458,54.418062727030154
2024-10-03 18:06:17,400,59.165615405444015
2024-10-03 18:06:26,401,63.236780001980144
2024-10-03 18:06:33,387,67.47686712841245
2024-10-03 18:06:41,398,60.921787828409315
2024-10-03 18:06:42,37,46.35622749142971
2024-10-03 18:06:49,27,58.61666503973303
2024-10-03 18:06:50,426,62.2093556813915
2024-10-03 18:06:55,403,53.96739402947578
2024-10-03 18:06:57,47,53.8328868288374
2024-10-03 18:07:03,135,65.28737504708096
2024-10-03 18:07:05,189,67.46555430955645
2024-10-03 18:07:11,215,50.93012349375615
2024-10-03 18:07:13,244,62.7034464304505
2024-10-03 18:07:19,47,38.946901622238414
2024-10-03 18:07:21,437,48.89562584612408
2024-10-03 18:07:23,130,51.83723579350164
2024-10-03 18:07:25,361,39.73557067554377
2024-10-03 18:07:30,85,58.322440279648575
2024-10-03 18:07:31,347,61.57873836051682
2024-10-03 18:07:38,390,60.14778122098803
2024-10-03 18:07:45,353,67.6794844851668
2024-10-03 18:07:53,385,63.9944934484402
2024-10-03 18:08:01,259,73.52150757038198
2024-10-03 18:08:03,25,95.18038088998955
2024-10-03 18:08:09,377,64.71375396042335
2024-10-03 18:08:10,55,71.58262835990872
2024-10-03 18:08:17,455,56.026955308058305
2024-10-03 18:08:26,443,59.74677082410384
2024-10-03 18:08:33,284,70.23174145272165
2024-10-03 18:08:34,49,56.72081961194377
2024-10-03 18:08:40,393,56.30154525667635
2024-10-03 18:08:42,46,44.624685478934325
2024-10-03 18:08:48,400,65.57240091247851
2024-10-03 18:08:56,187,46.68247752795484
2024-10-03 18:08:58,259,56.47605912966972
2024-10-03 18:09:04,427,54.31074282708763
2024-10-03 18:09:12,370,60.72596184173611
2024-10-03 18:09:19,362,72.83568918237886
2024-10-03 18:09:28,358,62.839162014209386
2024-10-03 18:09:35,70,71.02528720516186
2024-10-03 18:09:38,310,63.35377868964862
2024-10-03 18:09:43,380,55.44182016894465
2024-10-03 18:09:44,86,54.19430984945649
2024-10-03 18:09:50,415,60.40908760641625
2024-10-03 18:09:58,166,58.487734832386096
2024-10-03 18:10:01,256,51.250281912652795
2024-10-03 18:10:02,418,44.69121981121576
2024-10-03 18:10:05,75,47.234313533617325
2024-10-03 18:10:10,428,57.59466168156616
2024-10-03 18:10:18,443,58.464222487032835
2024-10-03 18:10:26,424,57.760269996784956
2024-10-03 18:10:33,407,54.82052325768954
2024-10-03 18:10:40,406,58.83098960801849
2024-10-03 18:10:47,476,50.02872516057341
2024-10-03 18:10:55,429,53.91592926240451
2024-10-03 18:11:00,344,57.90944207909039
2024-10-03 18:11:02,54,79.89925491332085
2024-10-03 18:11:09,385,67.09021926979821
2024-10-03 18:11:16,54,63.54655467472312
2024-10-03 18:11:17,345,59.72841035930881
2024-10-03 18:11:24,388,64.5105014008323
2024-10-03 18:11:33,419,58.13064931367727
2024-10-03 18:11:40,419,54.30776792287146
2024-10-03 18:11:47,216,65.65067215204057
2024-10-03 18:11:48,124,75.04269914276846
2024-10-03 18:11:56,245,56.80488933584548
2024-10-03 18:11:57,162,62.02140391823703
2024-10-03 18:12:03,380,60.380478186470654
2024-10-03 18:12:04,42,35.70697414906911
2024-10-03 18:12:09,233,68.99813214280073
2024-10-03 18:12:11,197,46.687535386603415
2024-10-03 18:12:17,421,55.342470461838126
2024-10-03 18:12:25,441,50.11297007221192
2024-10-03 18:12:34,413,60.454545397488104
2024-10-03 18:12:41,223,69.39259964518239
2024-10-03 18:12:43,212,51.10465060422692
2024-10-03 18:12:50,90,58.80989835365022
2024-10-03 18:12:52,301,56.79349650808493
2024-10-03 18:12:54,164,43.26283812903318
2024-10-03 18:12:56,256,50.07869256916697
2024-10-03 18:13:02,306,58.98507907133478
2024-10-03 18:13:03,124,52.38869877209328
2024-10-03 18:13:06,247,54.19827337504774
2024-10-03 18:13:09,159,44.692350272931535
2024-10-03 18:13:14,390,64.18799367037288
2024-10-03 18:13:22,418,57.646148683019
2024-10-03 18:13:30,430,60.085626620299
2024-10-03 18:13:37,315,60.04796843617058
2024-10-03 18:13:38,69,63.5850283453258
2024-10-03 18:13:45,430,57.68723657405046
2024-10-03 18:13:52,102,61.33927958684708
2024-10-03 18:13:53,338,57.58517113116847
2024-10-03 18:13:59,146,59.589655607284556
2024-10-03 18:14:00,243,62.517819972706924
2024-10-03 18:14:06,257,56.52760586500056
2024-10-03 18:14:08,143,73.87759532213137
2024-10-03 18:14:14,115,63.23432160203738
2024-10-03 18:14:15,306,53.52073062006827
2024-10-03 18:14:21,489,45.16535945342656
2024-10-03 18:14:26,219,54.679534434671254
2024-10-03 18:14:28,239,42.747098230703365
2024-10-03 18:14:32,71,50.49920360962055
2024-10-03 18:14:33,335,56.88874469274147
2024-10-03 18:14:39,151,68.61376003052499
2024-10-03 18:14:40,189,69.72881937785228
2024-10-03 18:14:48,365,61.1796268346683
2024-10-03 18:14:56,394,65.1616836748318
2024-10-03 18:15:03,85,71.91162031176901
2024-10-03 18:15:04,326,55.64039283693717
2024-10-03 18:15:10,61,62.277618726914305
2024-10-03 18:15:12,362,65.17663572149931
2024-10-03 18:15:19,382,61.78015848824958
2024-10-03 18:15:26,434,59.72293590286629
2024-10-03 18:15:34,304,61.261143903186074
2024-10-03 18:15:35,108,61.00895543627618
2024-10-03 18:15:42,207,66.16823901653866
2024-10-03 18:15:43,203,56.39285903366514
2024-10-03 18:15:50,180,52.93918081845589
2024-10-03 18:15:52,245,53.9988378969863
2024-10-03 18:15:55,98,59.39685166662821
2024-10-03 18:15:57,351,42.09771056931189
2024-10-03 18:16:04,415,59.50175353171075
2024-10-03 18:16:11,142,65.12160886830185
2024-10-03 18:16:13,251,65.47324039521584
2024-10-03 18:16:18,309,50.425015390424115
2024-10-03 18:16:19,161,48.19275858981166
2024-10-03 18:16:25,202,70.2229625392899
2024-10-03 18:16:26,150,68.34106097360907
2024-10-03 18:16:34,429,51.00166750233418
2024-10-03 18:16:40,406,55.789293279221
2024-10-03 18:16:47,68,55.30639692851367
2024-10-03 18:16:48,354,60.025106338881294
2024-10-03 18:16:56,370,70.49893308399756
2024-10-03 18:17:04,378,66.05356560383115
2024-10-03 18:17:11,436,59.48163338263092
2024-10-03 18:17:19,412,59.70946002201658
2024-10-03 18:17:27,348,64.54033286820174
2024-10-03 18:17:35,206,72.63971140206638
2024-10-03 18:17:36,169,57.08901335418466
2024-10-03 18:17:43,223,61.06372386483732
2024-10-03 18:17:44,191,57.525616740543235
2024-10-03 18:17:47,237,47.27970494688649
2024-10-03 18:17:51,198,48.24433471861695
2024-10-03 18:17:56,225,73.5907695667384
2024-10-03 18:17:57,137,68.00393265209361
2024-10-03 18:18:04,226,59.57506625031553
2024-10-03 18:18:05,164,57.900961353376374
2024-10-03 18:18:11,257,46.21475144263344
2024-10-03 18:18:12,178,56.536845914629254
2024-10-03 18:18:17,433,53.62893842178033
2024-10-03 18:18:24,431,58.802359234645415
2024-10-03 18:18:31,96,45.8306517225712
2024-10-03 18:18:33,332,55.098651005264244
2024-10-03 18:18:38,43,56.51991543901877
2024-10-03 18:18:40,403,54.76942612957042
2024-10-03 18:18:45,197,59.1264050104009
2024-10-03 18:18:46,177,63.900754943757704
2024-10-03 18:18:53,192,61.33146525921234
2024-10-03 18:18:55,240,53.91729381503656
2024-10-03 18:19:01,140,56.2285240107534
2024-10-03 18:19:02,282,61.209117947958234
2024-10-03 18:19:10,402,60.25670510379493
2024-10-03 18:19:18,311,57.63889648325349
2024-10-03 18:19:19,116,63.23652463150166
2024-10-03 18:19:23,273,59.76659968925039
2024-10-03 18:19:25,158,44.80408385722032
2024-10-03 18:19:31,375,63.807382133897946
2024-10-03 18:19:39,118,66.07868865032239
2024-10-03 18:19:40,311,60.635479071850455
2024-10-03 18:19:46,436,55.908389258755754
2024-10-03 18:19:53,156,58.63211684175125
2024-10-03 18:19:54,248,64.86347467618458
2024-10-03 18:20:00,442,53.775261229043444
2024-10-03 18:20:07,200,69.9055304113911
2024-10-03 18:20:09,176,69.20834345550615
2024-10-03 18:20:13,217,49.90874628114084
2024-10-03 18:20:16,218,55.068960528839426
2024-10-03 18:20:21,316,65.89173745773196
2024-10-03 18:20:30,408,62.87113997744192
2024-10-03 18:20:37,15,65.04558157122032
2024-10-03 18:20:38,374,60.804239107803575
2024-10-03 18:20:45,299,59.88024334989759
2024-10-03 18:20:46,93,65.4500320609361
2024-10-03 18:20:54,441,61.36928450409105
2024-10-03 18:21:00,59,53.702201048592435
2024-10-03 18:21:01,370,57.31227730264777
2024-10-03 18:21:09,376,67.8201030657012
2024-10-03 18:21:16,188,62.453354516183516
2024-10-03 18:21:17,201,68.29764921318713
2024-10-03 18:21:23,262,52.872594980168
2024-10-03 18:21:25,186,62.06799332720097
2024-10-03 18:21:31,364,61.62291320962096
2024-10-03 18:21:32,18,68.19925468160298
2024-10-03 18:21:39,382,60.87658692056622
2024-10-03 18:21:46,44,55.63291588247493
2024-10-03 18:21:47,361,60.037413993357866
2024-10-03 18:21:55,387,58.47187563673208
2024-10-03 18:22:02,104,76.65223323229856
2024-10-03 18:22:03,294,61.90754695778597
2024-10-03 18:22:10,290,57.326832778792834
2024-10-03 18:22:11,124,61.023994462217615
2024-10-03 18:22:17,292,62.70010959045971
2024-10-03 18:22:18,128,50.218960306702904
2024-10-03 18:22:24,57,47.7434796909906
2024-10-03 18:22:25,408,49.607592967202606
2024-10-03 18:22:31,419,56.13007677166791
2024-10-03 18:22:38,42,43.72749737117503
2024-10-03 18:22:39,380,61.065873959443564
2024-10-03 18:22:43,427,48.827032575077375
2024-10-03 18:22:45,22,65.11322486993924
2024-10-03 18:22:51,131,56.562377531771304
2024-10-03 18:22:52,287,65.56494823187072
2024-10-03 18:22:59,397,56.8186543917947
2024-10-03 18:23:05,157,53.808155656290204
2024-10-03 18:23:07,251,60.07817372026733
2024-10-03 18:23:14,430,59.14507709372204
2024-10-03 18:23:21,431,59.42621041959118
2024-10-03 18:23:28,131,48.46286288209544
2024-10-03 18:23:31,263,66.38933272988338
2024-10-03 18:23:34,11,101.32863486663295
2024-10-03 18:23:36,413,51.88743189915078
2024-10-03 18:23:42,417,57.73373834604908
2024-10-03 18:23:50,398,63.834621965897966
2024-10-03 18:23:58,443,55.384965493068925
2024-10-03 18:24:04,277,60.7735825028936
2024-10-03 18:24:05,116,73.82704234831766
2024-10-03 18:24:12,371,65.50111407812643
2024-10-03 18:24:15,16,68.61032438621412
2024-10-03 18:24:20,443,51.48865822357759
2024-10-03 18:24:26,281,49.028620124343824
2024-10-03 18:24:27,162,57.38149492410039
2024-10-03 18:24:32,75,64.61293575818588
2024-10-03 18:24:33,356,60.315877923587166
2024-10-03 18:24:41,390,60.16981335858848
2024-10-03 18:24:48,340,58.544987403898226
2024-10-03 18:24:52,44,71.30981454756561
2024-10-03 18:24:55,75,56.55381581170436
2024-10-03 18:24:56,423,47.30787731681332
2024-10-03 18:25:02,388,61.92140386964937
2024-10-03 18:25:09,71,67.51682045622248
2024-10-03 18:25:11,351,57.96763025413246
2024-10-03 18:25:17,407,64.58079203417981
2024-10-03 18:25:26,442,53.28582597605092
2024-10-03 18:25:33,378,75.85306985641058
2024-10-03 18:25:41,430,62.56127233014848
2024-10-03 18:25:49,157,75.686987947418
2024-10-03 18:25:50,199,71.1761366108133
2024-10-03 18:25:57,156,49.11624953336449
2024-10-03 18:25:58,269,60.567370192048024
2024-10-03 18:26:04,109,50.44215289900562
2024-10-03 18:26:05,302,54.551705128308576
2024-10-03 18:26:11,75,52.15226832989548
2024-10-03 18:26:12,337,59.10181091442461
2024-10-03 18:26:19,375,67.07475814325707
2024-10-03 18:26:27,365,61.883295520524236
2024-10-03 18:26:29,25,84.33152159735627
2024-10-03 18:26:35,452,54.65431332309448
2024-10-03 18:26:38,48,57.11471521505579
2024-10-03 18:26:40,313,55.872490080612515
2024-10-03 18:26:45,377,63.968632201693595
2024-10-03 18:26:54,455,56.83487598391403
2024-10-03 18:27:00,438,61.099149399514076
2024-10-03 18:27:07,141,62.43885428009453
2024-10-03 18:27:08,294,60.93014125536859
2024-10-03 18:27:15,54,61.89773801387307
2024-10-03 18:27:16,316,61.58612936272757
2024-10-03 18:27:23,440,55.95547620568539
2024-10-03 18:27:30,369,61.94917558780223
2024-10-03 18:27:39,165,66.90423089279888
2024-10-03 18:27:40,236,55.504009725589356
2024-10-03 18:27:46,220,57.08587780206638
2024-10-03 18:27:47,167,60.031688937457204
2024-10-03 18:27:52,217,54.65061864636546
2024-10-03 18:27:53,203,59.760037492455496
2024-10-03 18:27:59,398,52.93555586499716
2024-10-03 18:28:00,54,65.79638893449815
2024-10-03 18:28:05,105,41.787787830240504
2024-10-03 18:28:08,337,54.401679220481604
2024-10-03 18:28:14,444,61.6170409499361
2024-10-03 18:28:21,443,51.25026819503058
2024-10-03 18:28:28,264,51.081718377287814
2024-10-03 18:28:29,208,55.37130722123376
2024-10-03 18:28:36,348,57.83054844635118
2024-10-03 18:28:37,68,54.583593300340176
2024-10-03 18:28:42,246,56.47561787647891
2024-10-03 18:28:43,208,50.93516146985417
2024-10-03 18:28:50,401,58.42946834910542
2024-10-03 18:28:51,9,52.81996808169416
2024-10-03 18:28:58,264,52.0732785855317
2024-10-03 18:28:59,140,62.951800145494985
2024-10-03 18:29:04,369,54.43201247309235
2024-10-03 18:29:06,78,48.520776116994675
2024-10-03 18:29:11,162,67.62317231203912
2024-10-03 18:29:12,275,52.61209108289122
2024-10-03 18:29:19,458,52.071720867729695
2024-10-03 18:29:24,438,52.3290250542437
2024-10-03 18:29:25,7,98.70597565852741
2024-10-03 18:29:32,214,61.929737000888366
2024-10-03 18:29:33,136,56.83711044622117
2024-10-03 18:29:40,115,61.501687185398666
2024-10-03 18:29:41,302,65.52957643294395
2024-10-03 18:29:47,398,58.40704677375913
2024-10-03 18:29:48,28,54.142007084245584
2024-10-03 18:29:54,324,52.32835613639925
2024-10-03 18:29:56,137,55.33873208880952
2024-10-03 18:30:03,299,60.74626938444012
2024-10-03 18:30:04,151,67.08468123655345
2024-10-03 18:30:10,402,55.795497588687404
2024-10-03 18:30:17,49,76.94926615632211
2024-10-03 18:30:18,363,56.85910174496494
2024-10-03 18:30:25,121,50.47181226167313
2024-10-03 18:30:27,328,53.15725296116736
2024-10-03 18:30:31,311,49.98518633527172
2024-10-03 18:30:32,132,46.41331311804536
2024-10-03 18:30:38,291,59.91804452159095
2024-10-03 18:30:39,141,64.48121832766988
2024-10-03 18:30:46,420,59.15555327969578
2024-10-03 18:30:53,301,58.18758911572203
2024-10-03 18:30:55,125,59.54489969488954
2024-10-03 18:31:01,183,52.27801269784357
2024-10-03 18:31:03,252,49.86681739640872
2024-10-03 18:31:07,226,44.38341007647772
2024-10-03 18:31:09,229,49.656253794003504
2024-10-03 18:31:14,411,61.18114710501781
2024-10-03 18:31:15,16,63.31220757072233
2024-10-03 18:31:23,171,64.11561692210056
2024-10-03 18:31:24,208,71.5542959649492
2024-10-03 18:31:29,297,50.493813831376215
2024-10-03 18:31:30,145,55.64454279742548
2024-10-03 18:31:37,117,60.76854917297657
2024-10-03 18:31:38,297,53.86223276326059
2024-10-03 18:31:44,378,64.11771591035966
2024-10-03 18:31:53,253,56.40425813554499
2024-10-03 18:31:55,125,64.53239707227739
2024-10-03 18:31:59,123,56.020792310483614
2024-10-03 18:32:01,332,44.62418472262137
2024-10-03 18:32:06,382,61.79530313951506
2024-10-03 18:32:15,391,57.898431866972075
2024-10-03 18:32:23,454,54.04780520104868
2024-10-03 18:32:31,393,58.41120401564132
2024-10-03 18:32:37,81,64.87637493872283
2024-10-03 18:32:39,351,60.02488614606911
2024-10-03 18:32:46,424,57.38346731858953
2024-10-03 18:32:51,151,52.613802589088934
2024-10-03 18:32:53,297,62.365638949089124
2024-10-03 18:32:59,362,61.704649332337524
2024-10-03 18:33:00,55,39.11967886840851
2024-10-03 18:33:07,429,60.52083129573016
2024-10-03 18:33:15,243,57.340531809541766
2024-10-03 18:33:16,222,64.82820583132685
2024-10-03 18:33:22,450,52.04080257790829
2024-10-03 18:33:29,134,65.07553826058023
2024-10-03 18:33:31,208,72.84838510660065
2024-10-03 18:33:38,409,58.235579156691784
2024-10-03 18:33:45,81,57.10172613446017
2024-10-03 18:33:46,367,58.73376212086576
2024-10-03 18:33:52,164,53.04353235211068
2024-10-03 18:33:53,250,61.62699614401228
2024-10-03 18:34:00,144,63.79390010031414
2024-10-03 18:34:01,227,66.51115415717594
2024-10-03 18:34:07,209,58.604974226685805
2024-10-03 18:34:08,259,51.74761097013998
2024-10-03 18:34:15,255,69.79852624388982
2024-10-03 18:34:16,113,71.49733679148514
2024-10-03 18:34:22,277,54.52492050587431
2024-10-03 18:34:23,146,55.53307315558776
2024-10-03 18:34:29,295,48.862824427116564
2024-10-03 18:34:30,121,61.05947590231513
2024-10-03 18:34:36,132,66.56733573673496
2024-10-03 18:34:37,205,68.12902258666607
2024-10-03 18:34:44,154,50.853203884817916
2024-10-03 18:34:46,270,61.44080833847124
2024-10-03 18:34:51,349,58.72782236403039
2024-10-03 18:34:52,44,44.87142169073203
2024-10-03 18:34:58,247,54.37348474206763
2024-10-03 18:34:59,176,55.586432604368454
2024-10-03 18:35:06,214,68.1535950762574
2024-10-03 18:35:07,169,52.2103706303451
2024-10-03 18:35:15,439,56.79561870335847
2024-10-03 18:35:22,397,56.85610517887614
2024-10-03 18:35:29,169,52.074857543029985
2024-10-03 18:35:30,264,62.74109797025472
2024-10-03 18:35:36,418,62.750651446274254
2024-10-03 18:35:43,395,60.20729018401225
2024-10-03 18:35:51,387,65.29094475708543
2024-10-03 18:36:00,350,64.63467259678252
2024-10-03 18:36:01,37,73.59918083425727
2024-10-03 18:36:07,400,60.862502187962164
2024-10-03 18:36:14,276,62.8576610966154
2024-10-03 18:36:15,75,53.82366232801729
2024-10-03 18:36:21,70,68.9938246623097
2024-10-03 18:36:23,354,60.22877520125232
2024-10-03 18:36:30,398,65.66888423457085
2024-10-03 18:36:38,396,57.65465232638532
2024-10-03 18:36:44,426,51.54777718100685
2024-10-03 18:36:45,16,60.92303103036241
2024-10-03 18:36:51,164,54.366829491368385
2024-10-03 18:36:53,266,62.500897492622556
2024-10-03 18:36:58,336,49.79561507563089
2024-10-03 18:36:59,131,60.913863666135995
2024-10-03 18:37:04,69,48.950696783393916
2024-10-03 18:37:06,336,61.13536900702213
2024-10-03 18:37:12,116,60.76111054917081
2024-10-03 18:37:13,282,63.268238536856494
2024-10-03 18:37:20,400,58.45142675026873
2024-10-03 18:37:21,17,45.537997712512905
2024-10-03 18:37:25,193,56.108593503885736
2024-10-03 18:37:27,221,54.76446347639924
2024-10-03 18:37:34,386,60.48417456078351
2024-10-03 18:37:41,325,46.93496286160236
2024-10-03 18:37:42,103,70.22122886639532
2024-10-03 18:37:49,399,66.52909282646604
2024-10-03 18:37:57,100,62.57392525472235
2024-10-03 18:37:58,277,62.05183553905242
2024-10-03 18:38:04,117,54.80027491873696
2024-10-03 18:38:06,293,62.88618131006368
2024-10-03 18:38:13,406,59.46975788503777
2024-10-03 18:38:21,429,57.57927582405962
2024-10-03 18:38:29,137,59.20249897835254
2024-10-03 18:38:30,257,57.68202280604111
2024-10-03 18:38:34,372,57.10395642143786
2024-10-03 18:38:36,14,67.48671448227418
2024-10-03 18:38:42,400,65.76594529201583
2024-10-03 18:38:50,31,84.83818984574056
2024-10-03 18:38:51,418,61.18697786688899
2024-10-03 18:38:57,60,51.399491368395154
2024-10-03 18:38:58,369,58.786050445126484
2024-10-03 18:39:05,52,70.67700071720121
2024-10-03 18:39:06,363,56.90706505931225
2024-10-03 18:39:12,372,67.49317698081055
2024-10-03 18:39:21,300,63.970466955117736
2024-10-03 18:39:22,62,60.759701990715534
2024-10-03 18:39:29,341,58.11965904438915
2024-10-03 18:39:31,75,45.939242886598194
2024-10-03 18:39:34,301,47.4311220143667
2024-10-03 18:39:36,174,52.14691872532849
2024-10-03 18:39:40,133,65.00726485836677
2024-10-03 18:39:41,320,50.2400790671703
2024-10-03 18:39:48,389,65.72043615701479
2024-10-03 18:39:56,328,65.2007938269571
2024-10-03 18:39:57,103,63.36509504143803
2024-10-03 18:40:04,383,60.12116900862352
2024-10-03 18:40:12,432,55.16872529579104
2024-10-03 18:40:19,331,56.66046700837237
2024-10-03 18:40:20,53,70.10194256579162
2024-10-03 18:40:26,45,62.623182760103795
2024-10-03 18:40:28,395,62.72277011445545
2024-10-03 18:40:34,302,56.39638074406485
2024-10-03 18:40:36,98,66.20018293054386
2024-10-03 18:40:40,53,87.04540357625979
2024-10-03 18:40:42,377,42.600405130082315
2024-10-03 18:40:48,262,58.94336872810954
2024-10-03 18:40:49,161,68.01441276480355
2024-10-03 18:40:55,109,56.283837307218
2024-10-03 18:40:56,289,72.50032827146657
2024-10-03 18:41:04,68,56.16107167619758
2024-10-03 18:41:05,350,58.91560788141895
2024-10-03 18:41:10,111,66.47516352307565
2024-10-03 18:41:11,349,48.86175085958776
2024-10-03 18:41:18,130,50.70011114851016
2024-10-03 18:41:20,265,59.590777397654946
2024-10-03 18:41:24,242,57.35698328918265
2024-10-03 18:41:26,222,38.6013046922061
2024-10-03 18:41:32,132,61.31096542037029
2024-10-03 18:41:33,265,60.84894236072775
2024-10-03 18:41:41,407,54.72832384536566
2024-10-03 18:41:47,435,54.994810319428844
2024-10-03 18:41:53,421,51.16597405619024
2024-10-03 18:41:54,32,67.61072403297628
2024-10-03 18:42:02,104,66.67779666000199
2024-10-03 18:42:03,260,62.22016866300986
2024-10-03 18:42:09,458,55.36464809300283
2024-10-03 18:42:16,436,55.507400457294764
2024-10-03 18:42:24,32,80.56383550344047
2024-10-03 18:42:25,389,55.804695390999065
2024-10-03 18:42:29,338,47.798549258794914
2024-10-03 18:42:31,93,80.35415560496578
2024-10-03 18:42:38,403,67.35733008487755
2024-10-03 18:42:46,321,65.09373994594517
2024-10-03 18:42:53,107,67.2123783313322
2024-10-03 18:42:54,320,61.09888657546843
2024-10-03 18:43:02,434,55.176858352471086
2024-10-03 18:43:08,449,54.121593112973585
2024-10-03 18:43:15,104,61.768794050345946
2024-10-03 18:43:16,274,60.43319467076459
2024-10-03 18:43:23,355,60.435581216317736
2024-10-03 18:43:29,123,69.76231835131455
2024-10-03 18:43:30,285,48.27895376491545
2024-10-03 18:43:37,410,61.49179392651284
2024-10-03 18:43:45,341,65.43382451232503
2024-10-03 18:43:53,139,66.43302051943522
2024-10-03 18:43:54,208,64.51669055948021
2024-10-03 18:44:01,404,61.356528506443105
2024-10-03 18:44:09,71,58.20014800690547
2024-10-03 18:44:10,335,64.76933622983896
2024-10-03 18:44:17,385,60.34607132262639
2024-10-03 18:44:24,40,70.48716631787524
2024-10-03 18:44:27,357,59.03793609648832
2024-10-03 18:44:32,431,57.5933557290178
2024-10-03 18:44:39,367,62.185584392755395
2024-10-03 18:44:47,102,65.65365685605177
2024-10-03 18:44:48,252,64.2959540892779
2024-10-03 18:44:55,384,67.89580988658656
2024-10-03 18:45:03,321,68.58798642657979
2024-10-03 18:45:04,85,54.26325249434372
2024-10-03 18:45:11,374,68.43551146444754
2024-10-03 18:45:19,250,63.64412742558679
2024-10-03 18:45:20,135,62.719785624556486
2024-10-03 18:45:27,423,56.031943434771016
2024-10-03 18:45:35,390,66.27088959726964
2024-10-03 18:45:42,192,56.009583130015336
2024-10-03 18:45:45,200,76.07631550617597
2024-10-03 18:45:47,333,49.125480489894294
2024-10-03 18:45:51,107,43.55700939345973
2024-10-03 18:45:56,82,64.2803618183301
2024-10-03 18:45:57,321,70.70473809851494
2024-10-03 18:46:03,389,56.63866785456556
2024-10-03 18:46:09,395,63.79359422358046
2024-10-03 18:46:15,327,51.8456247142438
2024-10-03 18:46:17,103,75.8002414963892
2024-10-03 18:46:23,350,57.57697459363366
2024-10-03 18:46:31,402,58.85194194287536
2024-10-03 18:46:36,164,58.20899508211349
2024-10-03 18:46:37,261,50.58698458467172
2024-10-03 18:46:44,412,61.130340437926705
2024-10-03 18:46:51,368,64.48883475903637
2024-10-03 18:46:52,19,49.13597928019602
2024-10-03 18:46:59,385,59.88769611820724
2024-10-03 18:47:07,315,52.71271323583394
2024-10-03 18:47:08,79,60.01007023677838
2024-10-03 18:47:15,27,81.11953819813381
2024-10-03 18:47:17,285,64.70369533918395
2024-10-03 18:47:24,382,59.83084163704446
2024-10-03 18:47:30,47,45.06808106288909
2024-10-03 18:47:31,393,54.58943584996815
2024-10-03 18:47:37,51,59.964773785853936
2024-10-03 18:47:38,366,59.63710810807505
2024-10-03 18:47:44,206,61.06278953406853
2024-10-03 18:47:45,186,55.86927690568423
2024-10-03 18:47:51,400,56.21565210875067
2024-10-03 18:47:57,302,58.141448056792576
2024-10-03 18:47:58,89,58.987249324867214
2024-10-03 18:48:05,321,63.0435481605078
2024-10-03 18:48:07,70,62.93674909148914
2024-10-03 18:48:13,94,48.65936235998548
2024-10-03 18:48:14,351,56.59990112222643
2024-10-03 18:48:20,244,68.04302379784895
2024-10-03 18:48:21,149,63.750821324222215
2024-10-03 18:48:28,340,66.09629849041312
2024-10-03 18:48:36,382,58.94822989045356
2024-10-03 18:48:44,305,68.81412830059645
2024-10-03 18:48:46,84,60.40103577929951
2024-10-03 18:48:52,410,52.338959143316565
2024-10-03 18:48:59,434,56.3983648585043
2024-10-03 18:49:06,211,56.856098404521724
2024-10-03 18:49:08,226,54.21939899189159
2024-10-03 18:49:13,280,49.0560725528714
2024-10-03 18:49:15,118,63.89316734251542
2024-10-03 18:49:21,343,62.09093644973286
2024-10-03 18:49:28,404,55.34170641238928
2024-10-03 18:49:35,274,46.02253979699929
2024-10-03 18:49:36,194,60.16239356952005
2024-10-03 18:49:43,178,58.135198025699204
2024-10-03 18:49:44,223,66.05385834380986
2024-10-03 18:49:50,441,55.27923679892304
2024-10-03 18:49:57,416,59.77563398519232
2024-10-03 18:50:06,428,58.13856174048998
2024-10-03 18:50:13,409,64.62604354146852
2024-10-03 18:50:20,54,47.39245607589069
2024-10-03 18:50:21,356,60.811251437615326
2024-10-03 18:50:27,444,57.799580451648005
2024-10-03 18:50:36,339,68.27628523838702
2024-10-03 18:50:43,402,57.629602607166
2024-10-03 18:50:50,69,61.541144504221705
2024-10-03 18:50:51,319,56.17046779340515
2024-10-03 18:50:56,298,52.23743635556046
2024-10-03 18:50:58,125,60.85285785948294
2024-10-03 18:51:04,406,60.7167355452996
2024-10-03 18:51:11,19,94.72531538086322
2024-10-03 18:51:12,409,55.12736061668931
2024-10-03 18:51:18,66,53.56587317574446
2024-10-03 18:51:20,405,54.63637225281456
2024-10-03 18:51:27,424,59.85014284691666
2024-10-03 18:51:35,435,63.03678356762438
2024-10-03 18:51:41,254,61.325111368759174
2024-10-03 18:51:43,126,67.31658187878378
2024-10-03 18:51:47,221,53.268029936421314
2024-10-03 18:51:49,220,60.77037246265524
2024-10-03 18:51:56,360,66.0493489830247
2024-10-03 18:52:02,424,55.27135152173885
2024-10-03 18:52:03,48,62.1072847639995
2024-10-03 18:52:10,252,63.482463166342
2024-10-03 18:52:11,130,62.65878998258316
2024-10-03 18:52:18,283,65.97821363134392
2024-10-03 18:52:19,70,61.43899248603519
2024-10-03 18:52:25,133,54.9786203975795
2024-10-03 18:52:27,313,49.21783856450893
2024-10-03 18:52:29,358,41.49807978611987
2024-10-03 18:52:33,116,57.44650225845805
2024-10-03 18:52:37,358,67.3792025469868
2024-10-03 18:52:38,50,58.2288777983133
2024-10-03 18:52:45,350,58.64243517314911
2024-10-03 18:52:46,65,68.37448731926669
2024-10-03 18:52:53,148,49.03264724123842
2024-10-03 18:52:54,243,60.11634860346504
2024-10-03 18:53:01,446,57.65096473329911
2024-10-03 18:53:07,428,51.7379879693698
2024-10-03 18:53:13,433,54.18690342091675
2024-10-03 18:53:20,408,55.921764560919165
2024-10-03 18:53:26,61,46.570169183321454
2024-10-03 18:53:27,336,61.83353483991846
2024-10-03 18:53:33,195,61.01158857934764
2024-10-03 18:53:34,249,55.273527527956794
2024-10-03 18:53:40,44,67.67368687569731
2024-10-03 18:53:41,391,58.10814950228839
2024-10-03 18:53:47,164,60.1818146117127
2024-10-03 18:53:48,270,55.395141625597766
2024-10-03 18:53:55,288,64.59716107989675
2024-10-03 18:53:56,44,65.59620592963891
2024-10-03 18:54:03,60,53.717605798029275
2024-10-03 18:54:04,373,59.242436605249445
2024-10-03 18:54:10,215,68.36716818265504
2024-10-03 18:54:11,222,56.29534297088064
2024-10-03 18:54:18,202,52.32018988936349
2024-10-03 18:54:19,194,60.36752667806385
2024-10-03 18:54:26,438,59.21085532534395
2024-10-03 18:54:33,381,60.57848948843027
2024-10-03 18:54:34,49,66.18737733838564
2024-10-03 18:54:41,371,64.85380797902131
2024-10-03 18:54:49,411,58.28288404158313
2024-10-03 18:54:50,14,67.63832160731526
2024-10-03 18:54:56,355,48.62405100714423
2024-10-03 18:54:57,131,50.64344335818863
2024-10-03 18:55:03,441,51.66073720394231
2024-10-03 18:55:11,457,54.52245136793623
2024-10-03 18:55:17,132,66.36217641787209
2024-10-03 18:55:18,299,58.77295986873142
2024-10-03 18:55:24,150,70.53203156877944
2024-10-03 18:55:26,253,56.282870575215114
2024-10-03 18:55:33,380,61.14701229171182
2024-10-03 18:55:39,250,47.38358006617979
2024-10-03 18:55:40,188,56.97468571170355
2024-10-03 18:55:47,329,66.19828268403924
2024-10-03 18:55:54,311,61.834791934330944
2024-10-03 18:55:56,67,82.55056806185
2024-10-03 18:56:03,415,50.996104951284
2024-10-03 18:56:08,384,53.19777520498485
2024-10-03 18:56:09,39,61.64985625452744
2024-10-03 18:56:15,348,69.76621994383406
2024-10-03 18:56:24,365,68.19219525946667
2024-10-03 18:56:32,272,57.573314301105675
2024-10-03 18:56:34,171,56.63393904708909
2024-10-03 18:56:36,258,42.56565005158126
2024-10-03 18:56:39,247,46.124209316506004
2024-10-03 18:56:44,417,56.42482134782086
2024-10-03 18:56:45,23,62.045088435545225
2024-10-03 18:56:51,431,55.83133169489718
2024-10-03 18:56:57,392,61.16421257750202
2024-10-03 18:57:05,293,58.046754927129584
2024-10-03 18:57:06,140,52.4443794067935
2024-10-03 18:57:11,103,54.80541693354818
2024-10-03 18:57:13,357,52.43287168107967
2024-10-03 18:57:20,300,60.22248788681479
2024-10-03 18:57:23,127,62.77760470963169
2024-10-03 18:57:24,365,44.480063033277304
2024-10-03 18:57:28,128,40.01223529278222
2024-10-03 18:57:32,393,60.49363130884465
2024-10-03 18:57:39,279,60.81167220781199
2024-10-03 18:57:40,173,51.59545495943655
2024-10-03 18:57:46,430,62.8706813179819
2024-10-03 18:57:54,61,53.82993506960508
2024-10-03 18:57:56,370,70.80085319212935
2024-10-03 18:58:01,428,50.37920963208243
2024-10-03 18:58:02,50,39.421905021937775
2024-10-03 18:58:07,145,55.058572670904546
2024-10-03 18:58:08,309,57.12671061506633
2024-10-03 18:58:13,291,53.68340397436511
2024-10-03 18:58:14,146,55.25826990555255
2024-10-03 18:58:22,416,61.87677910082162
2024-10-03 18:58:29,348,61.10529975686212
2024-10-03 18:58:30,70,50.02743637041369
2024-10-03 18:58:34,157,60.07821980133346
2024-10-03 18:58:37,294,50.91664159346804
2024-10-03 18:58:43,438,58.92902280581488
2024-10-03 18:58:50,407,62.448306097913566
2024-10-03 18:58:58,412,61.60581757638462
2024-10-03 18:59:04,285,58.9734593838742
2024-10-03 18:59:05,120,57.19507533276818
2024-10-03 18:59:13,345,60.747733486938586
2024-10-03 18:59:20,22,38.595014730638525
2024-10-03 18:59:21,459,56.27425690434134
2024-10-03 18:59:26,438,49.84600627714698
2024-10-03 18:59:31,76,52.52530894097033
2024-10-03 18:59:33,353,51.60275633479262
2024-10-03 18:59:39,421,62.57375563582316
2024-10-03 18:59:47,420,65.06096700578662
2024-10-03 18:59:55,432,58.98261529576202
2024-10-03 19:00:03,109,59.09588271135483
2024-10-03 19:00:05,309,56.28431417578603
2024-10-03 19:00:09,276,56.47332917742414
2024-10-03 19:00:11,181,43.98134853504201
2024-10-03 19:00:16,436,53.92070089603284
2024-10-03 19:00:17,12,63.67763333709157
2024-10-03 19:00:23,410,65.05515415817571
2024-10-03 19:00:32,435,59.70255317813007
2024-10-03 19:00:39,375,60.37666985107892
2024-10-03 19:00:48,430,56.74589623780097
2024-10-03 19:00:55,395,62.51759612831508
2024-10-03 19:01:04,435,62.61638962656213
2024-10-03 19:01:09,19,60.27206207945223
2024-10-03 19:01:12,420,55.13717685138245
2024-10-03 19:01:17,348,62.56210320756052
2024-10-03 19:01:25,345,70.49282420208155
2024-10-03 19:01:28,14,85.62589923929742
2024-10-03 19:01:31,20,52.59496913869498
2024-10-03 19:01:33,441,50.36578735514473
2024-10-03 19:01:40,340,69.56990762244337
2024-10-03 19:01:48,294,69.31987190685018
2024-10-03 19:01:50,97,50.966403324632175
2024-10-03 19:01:55,353,55.25076683914215
2024-10-03 19:01:56,63,54.8647706768959
2024-10-03 19:02:01,124,43.922294475604765
2024-10-03 19:02:02,333,60.38896074599038
2024-10-03 19:02:08,265,53.17541442640138
2024-10-03 19:02:09,165,65.70221573937846
2024-10-03 19:02:15,173,52.05985006671325
2024-10-03 19:02:16,241,59.22955580015734
2024-10-03 19:02:21,49,57.337881354649674
2024-10-03 19:02:22,342,59.351677293208326
2024-10-03 19:02:29,305,64.65570810219971
2024-10-03 19:02:30,60,67.23491729960182
2024-10-03 19:02:38,306,56.889497767447835
2024-10-03 19:02:40,113,50.718741610850685
2024-10-03 19:02:41,41,36.52900039793494
2024-10-03 19:02:44,402,39.31714170727774
2024-10-03 19:02:49,84,56.6509999780367
2024-10-03 19:02:50,327,56.146262559538485
2024-10-03 19:02:55,44,38.69407213989034
2024-10-03 19:02:56,382,56.14899936143644
2024-10-03 19:03:03,402,57.50945622414212
2024-10-03 19:03:10,423,59.12371757953944
2024-10-03 19:03:17,340,58.828399755776914
2024-10-03 19:03:18,59,67.54237297094754
2024-10-03 19:03:24,450,52.490972236546085
2024-10-03 19:03:29,172,53.64492254983122
2024-10-03 19:03:31,268,50.929276872891364
2024-10-03 19:03:36,404,59.97061206425094
2024-10-03 19:03:44,409,61.522876331083914
2024-10-03 19:03:52,327,59.04713616945438
2024-10-03 19:03:53,82,55.77204061117454
2024-10-03 19:04:01,395,53.309673117244124
2024-10-03 19:04:02,63,73.43858121582686
2024-10-03 19:04:07,395,57.371428190867675
2024-10-03 19:04:08,25,37.70673542350625
2024-10-03 19:04:14,268,62.204497292809364
2024-10-03 19:04:15,118,69.97441388244235
2024-10-03 19:04:23,402,57.91023220453902
2024-10-03 19:04:25,32,56.94714004462475
2024-10-03 19:04:27,116,56.38978793335546
2024-10-03 19:04:30,309,46.53157082621477
2024-10-03 19:04:36,238,57.28749361533979
2024-10-03 19:04:37,207,54.85751773664747
2024-10-03 19:04:42,438,47.469445693338365
2024-10-03 19:04:43,32,64.01140848137689
2024-10-03 19:04:49,164,62.735421982587425
2024-10-03 19:04:50,266,47.887485379342586
2024-10-03 19:04:54,148,50.01526081174844
2024-10-03 19:04:55,317,44.30211209632641
2024-10-03 19:05:01,228,59.245158859837915
2024-10-03 19:05:03,199,65.37394599896695
2024-10-03 19:05:08,179,60.271170358204735
2024-10-03 19:05:09,224,50.70281086651057
2024-10-03 19:05:16,356,69.44752622883904
2024-10-03 19:05:24,418,62.44276146035777
2024-10-03 19:05:32,422,52.29318515308897
2024-10-03 19:05:39,248,57.662624665113704
2024-10-03 19:05:40,195,51.13930185930879
2024-10-03 19:05:47,340,66.4602144757755
2024-10-03 19:05:54,392,60.86981457187384
2024-10-03 19:06:03,201,62.512243196008214
2024-10-03 19:06:04,155,72.64596569675871
2024-10-03 19:06:09,203,53.692707345135624
2024-10-03 19:06:11,207,59.74915798154273
2024-10-03 19:06:15,100,49.791501127597996
2024-10-03 19:06:16,338,56.249154050971505
2024-10-03 19:06:22,312,62.477805393914785
2024-10-03 19:06:23,113,47.670630654780574
2024-10-03 19:06:29,419,53.284976947165106
2024-10-03 19:06:30,26,59.23838122451761
2024-10-03 19:06:36,265,54.806039249479504
2024-10-03 19:06:37,130,62.288954861774194
2024-10-03 19:06:44,130,74.29034882795564
2024-10-03 19:06:45,239,64.72845730631428
2024-10-03 19:06:52,105,61.817010953081606
2024-10-03 19:06:54,305,57.94077158342305
2024-10-03 19:06:58,5,99.31044601288434
2024-10-03 19:07:00,460,52.665786465272504
2024-10-03 19:07:06,393,64.33431938749335
2024-10-03 19:07:14,332,62.11278949156163
2024-10-03 19:07:15,41,61.170997551497095
2024-10-03 19:07:22,397,56.767209832236844
2024-10-03 19:07:30,356,65.4728632530419
2024-10-03 19:07:37,237,61.082330505833845
2024-10-03 19:07:39,151,65.34279494639806
2024-10-03 19:07:46,243,60.14331085585932
2024-10-03 19:07:47,209,56.987263470328124
2024-10-03 19:07:52,29,68.1178981979102
2024-10-03 19:07:54,401,51.57286779596731
2024-10-03 19:08:00,89,58.606032419102874
2024-10-03 19:08:02,330,58.36858079735991
2024-10-03 19:08:07,216,56.801847646548275
2024-10-03 19:08:09,242,50.77093559293513
2024-10-03 19:08:15,356,62.31978643938923
2024-10-03 19:08:23,59,62.38364013836269
2024-10-03 19:08:26,326,64.05828322463283
2024-10-03 19:08:28,409,50.014962022125125
2024-10-03 19:08:31,48,58.174226432565405
2024-10-03 19:08:36,67,60.90055156951837
2024-10-03 19:08:38,311,61.48513575272464
2024-10-03 19:08:44,301,58.18942694853379
2024-10-03 19:08:45,152,46.62841409861229
2024-10-03 19:08:51,72,62.30412668351591
2024-10-03 19:08:54,375,56.239849893067536
2024-10-03 19:08:56,252,38.46158979332601
2024-10-03 19:08:58,244,43.11251925652352
2024-10-03 19:09:03,103,52.639018812186855
2024-10-03 19:09:04,310,60.43151391933562
2024-10-03 19:09:12,12,66.79516871568111
2024-10-03 19:09:13,404,57.335012794539374
2024-10-03 19:09:18,364,63.44644060573848
2024-10-03 19:09:19,12,91.30049067861044
2024-10-03 19:09:27,439,56.41049573551386
2024-10-03 19:09:34,417,66.99788149188859
2024-10-03 19:09:42,229,69.06766532013276
2024-10-03 19:09:44,151,49.4154870941893
2024-10-03 19:09:51,256,57.476749849041106
2024-10-03 19:09:52,162,57.49691059999928
2024-10-03 19:09:58,350,56.2880009368774
2024-10-03 19:09:59,63,55.74714895322794
2024-10-03 19:10:06,382,66.44120536278683
2024-10-03 19:10:13,63,63.89839525398241
2024-10-03 19:10:14,330,64.0104527244094
2024-10-03 19:10:20,391,54.38367485624744
2024-10-03 19:10:22,55,77.40691525230098
2024-10-03 19:10:28,412,60.0724250336326
2024-10-03 19:10:36,375,60.49809695357573
2024-10-03 19:10:37,17,76.50843811699733
2024-10-03 19:10:44,254,60.675483760562294
2024-10-03 19:10:45,176,45.747616869384295
2024-10-03 19:10:52,388,59.37473816193057
2024-10-03 19:10:59,375,59.72414311373698
2024-10-03 19:11:07,96,55.54151331830482
2024-10-03 19:11:08,280,61.097422577553466
2024-10-03 19:11:12,174,54.26846828562448
2024-10-03 19:11:13,259,50.50462315347724
2024-10-03 19:11:19,378,63.40532459715903
2024-10-03 19:11:28,158,68.98261623833196
2024-10-03 19:11:29,212,67.1110053560794
2024-10-03 19:11:34,165,64.21730738352068
2024-10-03 19:11:35,235,50.41716223996239
2024-10-03 19:11:43,429,62.649969776799324
2024-10-03 19:11:50,109,64.29184139001741
2024-10-03 19:11:52,332,58.50670702938015
2024-10-03 19:11:58,413,54.152716638088535
2024-10-03 19:12:03,181,51.4903993106938
2024-10-03 19:12:05,294,43.60417927370878
2024-10-03 19:12:10,362,64.93117160501406
2024-10-03 19:12:11,9,68.54740217245765
2024-10-03 19:12:18,404,59.45494126724032
2024-10-03 19:12:25,396,59.30465572716863
2024-10-03 19:12:34,312,56.62143779292818
2024-10-03 19:12:35,113,56.747752392879114
2024-10-03 19:12:41,453,55.90339475322084
2024-10-03 19:12:47,277,60.97649711820178
2024-10-03 19:12:49,170,53.224802798759896
2024-10-03 19:12:51,423,50.13821996137249
2024-10-03 19:12:54,51,55.66746988564919
2024-10-03 19:13:00,67,75.46490963398259
2024-10-03 19:13:03,331,60.22706866123521
2024-10-03 19:13:06,15,56.88482208077367
2024-10-03 19:13:07,501,43.92722304896191
2024-10-03 19:13:11,347,49.35251233627485
2024-10-03 19:13:13,64,63.28090312975542
2024-10-03 19:13:18,316,58.691879619301666
2024-10-03 19:13:19,104,60.223342877710856
2024-10-03 19:13:25,385,55.54190018005926
2024-10-03 19:13:32,394,63.68209565012041
2024-10-03 19:13:39,259,63.21522369992439
2024-10-03 19:13:40,128,56.60714129219819
2024-10-03 19:13:47,388,63.79802318671805
2024-10-03 19:13:54,402,59.08714613137266
2024-10-03 19:14:02,379,62.29373654841277
2024-10-03 19:14:10,240,60.276603214768315
2024-10-03 19:14:11,107,79.59825904055454
2024-10-03 19:14:18,418,54.31836774608021
2024-10-03 19:14:26,9,69.3608903804206
2024-10-03 19:14:30,353,59.198513141310244
2024-10-03 19:14:31,174,42.164416953239744
2024-10-03 19:14:35,275,42.70211260726299
2024-10-03 19:14:38,400,61.021984323465524
2024-10-03 19:14:46,112,50.82686468094214
2024-10-03 19:14:48,295,57.65409242156022
2024-10-03 19:14:54,96,56.55372218416128
2024-10-03 19:14:55,345,50.920507857456954
2024-10-03 19:14:57,111,69.61242402598168
2024-10-03 19:14:59,322,47.562154306182784
2024-10-03 19:15:05,348,74.55536300756074
2024-10-03 19:15:13,371,66.41445375515305
2024-10-03 19:15:21,272,61.91663046656599
2024-10-03 19:15:22,100,71.54646323055265
2024-10-03 19:15:29,94,64.68711541233569
2024-10-03 19:15:30,295,56.22303583385976
2024-10-03 19:15:36,417,57.82221778116563
2024-10-03 19:15:44,206,64.97249725379024
2024-10-03 19:15:45,175,69.39810519154204
2024-10-03 19:15:52,438,55.61788008871144
2024-10-03 19:15:59,18,62.30516702485964
2024-10-03 19:16:00,366,64.4509102829251
2024-10-03 19:16:05,46,58.899920907632584
2024-10-03 19:16:06,366,57.419298766173455
2024-10-03 19:16:14,401,63.09289002207879
2024-10-03 19:16:21,79,53.941028468226584
2024-10-03 19:16:22,333,57.83004518093769
2024-10-03 19:16:30,417,60.39035553565483
2024-10-03 19:16:36,457,50.241488044790465
2024-10-03 19:16:41,72,71.84737879076471
2024-10-03 19:16:42,370,53.459455448314365
2024-10-03 19:16:48,264,63.5787384884995
2024-10-03 19:16:50,132,54.57108450185969
2024-10-03 19:16:54,32,36.3392163399972
2024-10-03 19:16:55,432,49.240098075641214
2024-10-03 19:16:59,129,44.75148077408296
2024-10-03 19:17:01,328,50.4937632657581
2024-10-03 19:17:08,372,60.89201359948718
2024-10-03 19:17:15,407,59.23974026889538
2024-10-03 19:17:21,100,67.51734065551585
2024-10-03 19:17:22,315,57.31472441388693
2024-10-03 19:17:28,214,63.52172219130561
2024-10-03 19:17:29,148,62.25051081677864
2024-10-03 19:17:35,445,54.241333232103074
2024-10-03 19:17:43,351,62.24816564994044
2024-10-03 19:17:44,16,51.59149473383423
2024-10-03 19:17:49,32,43.28323490800858
2024-10-03 19:17:51,407,51.22264750908733
2024-10-03 19:17:57,117,60.155465491075155
2024-10-03 19:17:58,279,62.16450671298696
2024-10-03 19:18:01,296,51.21485737956561
2024-10-03 19:18:03,149,51.37492914885579
2024-10-03 19:18:08,300,57.81255565789157
2024-10-03 19:18:09,66,66.77170620393235
2024-10-03 19:18:17,367,63.34658290854146
2024-10-03 19:18:21,103,58.265696329653046
2024-10-03 19:18:23,266,54.996509931779805
2024-10-03 19:18:30,294,54.912253061256514
2024-10-03 19:18:31,110,66.34006055947532
2024-10-03 19:18:36,149,52.71899061998938
2024-10-03 19:18:37,273,50.424525649445556
2024-10-03 19:18:43,337,59.70607204812907
2024-10-03 19:18:49,380,57.60067764617527
2024-10-03 19:18:55,384,56.196186647686346
2024-10-03 19:19:01,418,52.40266290503355
2024-10-03 19:19:06,390,48.69674970202722
2024-10-03 19:19:10,381,48.33083530732117
2024-10-03 19:19:11,65,64.30671835358473
2024-10-03 19:19:16,309,52.641178215360256
2024-10-03 19:19:17,85,55.92010118434017
2024-10-03 19:19:23,367,56.81840421567729
2024-10-03 19:19:30,123,62.88583508790469
2024-10-03 19:19:31,252,57.93891967598661
2024-10-03 19:19:36,431,48.93078987015409
2024-10-03 19:19:40,268,54.8589269604348
2024-10-03 19:19:42,142,58.59820214139086
2024-10-03 19:19:46,270,52.60980530403969
2024-10-03 19:19:47,78,71.05723499004655
2024-10-03 19:19:53,62,64.54607172782485
2024-10-03 19:19:55,299,58.88282068995852
2024-10-03 19:20:00,442,50.647363909333436
2024-10-03 19:20:04,240,54.16902061836231
2024-10-03 19:20:05,121,72.42747319996592
2024-10-03 19:20:12,373,54.008574741590756
2024-10-03 19:20:19,195,60.691940778637864
2024-10-03 19:20:20,150,62.63540170591915
2024-10-03 19:20:25,347,55.112842555908834
2024-10-03 19:20:26,11,72.73696368170994
2024-10-03 19:20:32,318,63.98012778556691
2024-10-03 19:20:39,389,53.791205855543126
2024-10-03 19:20:44,250,65.93963981268898
2024-10-03 19:20:45,89,57.29581306755095
2024-10-03 19:20:52,411,60.79354132752342
2024-10-03 19:20:57,251,55.175615617497996
2024-10-03 19:20:59,140,62.776985322059524
2024-10-03 19:21:05,132,66.815870201962
2024-10-03 19:21:06,241,58.72416800288222
2024-10-03 19:21:13,420,55.33464115158158
2024-10-03 19:21:19,319,55.10025136694064
2024-10-03 19:21:20,87,70.79726132959213
2024-10-03 19:21:26,248,62.509826403563174
2024-10-03 19:21:28,143,63.16034070506448
2024-10-03 19:21:33,192,53.69294602558454
2024-10-03 19:21:35,214,52.08232094598418
2024-10-03 19:21:40,123,68.91628170755587
2024-10-03 19:21:41,221,63.979292178650525
2024-10-03 19:21:48,144,58.74371015469738
2024-10-03 19:21:49,247,63.01141853225416
2024-10-03 19:21:56,166,67.30798323011756
2024-10-03 19:21:57,243,47.4223312048772
2024-10-03 19:22:01,50,51.45512836639341
2024-10-03 19:22:02,364,53.46748968298734
2024-10-03 19:22:09,397,56.66319117369973
2024-10-03 19:22:15,146,48.9925815696122
2024-10-03 19:22:16,256,58.14230511884678
2024-10-03 19:22:22,392,59.4708377501164
2024-10-03 19:22:29,391,53.82864434836903
2024-10-03 19:22:35,418,60.96511464203895
2024-10-03 19:22:42,124,81.93980723833931
2024-10-03 19:22:44,247,67.60008211160458
2024-10-03 19:22:50,139,60.98011263700957
2024-10-03 19:22:51,246,68.90683227816174
2024-10-03 19:22:57,239,65.29971095903069
2024-10-03 19:22:58,193,42.29188621552527
2024-10-03 19:23:04,269,71.5001645197852
2024-10-03 19:23:05,151,64.6089800803241
2024-10-03 19:23:11,394,53.31490625630682
2024-10-03 19:23:13,45,79.29109892411745
2024-10-03 19:23:19,411,61.26528289056388
2024-10-03 19:23:24,187,54.876852396909214
2024-10-03 19:23:26,281,47.80481863459103
2024-10-03 19:23:32,17,86.71224971135773
2024-10-03 19:23:34,392,58.784024089007836
2024-10-03 19:23:40,402,63.0485064319495
2024-10-03 19:23:41,21,58.57982769169387
2024-10-03 19:23:48,428,61.54735111369245
2024-10-03 19:23:55,249,62.60057172727076
2024-10-03 19:23:57,192,58.79765572144046
2024-10-03 19:24:03,387,58.60522783642585
2024-10-03 19:24:09,149,56.32468828042721
2024-10-03 19:24:11,266,52.42713598321338
2024-10-03 19:24:17,231,73.18334601642312
2024-10-03 19:24:18,116,77.88361246756612
2024-10-03 19:24:25,254,66.75208722281482
2024-10-03 19:24:26,131,60.06196500189727
2024-10-03 19:24:32,372,52.85050823212677
2024-10-03 19:24:34,40,47.7194805283439
2024-10-03 19:24:39,30,65.73441086528534
2024-10-03 19:24:42,425,55.51568611629522
2024-10-03 19:24:43,331,39.91465041038923
2024-10-03 19:24:46,130,58.564729664472715
2024-10-03 19:24:52,403,63.11977176665933
2024-10-03 19:25:00,392,65.01788319069495
2024-10-03 19:25:07,360,68.45639836612756
2024-10-03 19:25:15,176,65.18274951034206
2024-10-03 19:25:16,217,62.842259358029914
2024-10-03 19:25:24,227,56.09484678403358
2024-10-03 19:25:25,201,57.09933839084784
2024-10-03 19:25:31,391,58.27348844665082
2024-10-03 19:25:34,380,50.50135352760465
2024-10-03 19:25:38,41,62.54203576016096
2024-10-03 19:25:42,212,65.70132975628721
2024-10-03 19:25:45,188,62.74345106153818
2024-10-03 19:25:50,202,61.78575785626802
2024-10-03 19:25:51,236,48.3168016637037
2024-10-03 19:25:57,411,55.29254018124446
2024-10-03 19:25:58,19,64.57166918211917
2024-10-03 19:26:03,295,54.56771171074064
2024-10-03 19:26:04,154,51.52505828805908
2024-10-03 19:26:11,445,53.89193489901086
2024-10-03 19:26:18,417,62.57902840265283
2024-10-03 19:26:26,227,68.56171647735799
2024-10-03 19:26:27,178,72.32679979606364
2024-10-03 19:26:33,451,55.78171230182034
2024-10-03 19:26:39,118,57.24409408742429
2024-10-03 19:26:40,343,49.16374242625612
2024-10-03 19:26:47,428,54.13783068495302
2024-10-03 19:26:48,23,61.48292072340745
2024-10-03 19:26:55,192,61.06585268550024
2024-10-03 19:26:56,211,56.68298673687636
2024-10-03 19:27:00,110,50.54625389341112
2024-10-03 19:27:02,299,51.268057825498346
2024-10-03 19:27:08,232,65.74978572904986
2024-10-03 19:27:09,199,60.750736978354766
2024-10-03 19:27:16,405,57.0383411777642
2024-10-03 19:27:24,93,47.637717565060036
2024-10-03 19:27:25,322,64.7079141163798
2024-10-03 19:27:32,52,72.8162436663879
2024-10-03 19:27:34,368,62.826140712479706
2024-10-03 19:27:40,423,54.248112373487345
2024-10-03 19:27:44,316,56.72105916840786
2024-10-03 19:27:47,91,66.13683477625555
2024-10-03 19:27:53,64,54.818464181271224
2024-10-03 19:27:54,348,61.02254576591571
2024-10-03 19:27:59,30,57.17573470123237
2024-10-03 19:28:00,392,53.22292823927964
2024-10-03 19:28:06,225,56.75517624756511
2024-10-03 19:28:08,181,64.57626157049401
2024-10-03 19:28:10,258,45.03039653627035
2024-10-03 19:28:13,189,50.05450837678393
2024-10-03 19:28:19,374,66.23990178056486
2024-10-03 19:28:27,261,57.56903735037867
2024-10-03 19:28:28,143,70.42086257636532
2024-10-03 19:28:33,293,51.39801722146969
2024-10-03 19:28:35,125,68.10870345397711
2024-10-03 19:28:42,81,76.60126507093833
2024-10-03 19:28:45,351,62.73495747990154
2024-10-03 19:28:48,454,51.61916714198401
2024-10-03 19:28:49,12,55.26541724457524
2024-10-03 19:28:55,210,58.142616682118955
2024-10-03 19:28:56,196,69.57908367608219
2024-10-03 19:29:02,122,57.29406154400738
2024-10-03 19:29:04,306,54.667178339387036
2024-10-03 19:29:07,27,39.785070693673724
2024-10-03 19:29:09,426,52.30619553141269
2024-10-03 19:29:16,138,67.9367436900251
2024-10-03 19:29:17,264,59.17944953653631
2024-10-03 19:29:22,285,65.31224631381
2024-10-03 19:29:23,129,61.984752730241944
2024-10-03 19:29:30,392,62.084300133805506
2024-10-03 19:29:39,100,63.77693165320062
2024-10-03 19:29:40,294,63.65369930988749
2024-10-03 19:29:46,445,58.156103601782554
2024-10-03 19:29:53,34,69.95549783459354
2024-10-03 19:29:54,412,60.432284345203655
2024-10-03 19:30:00,402,62.251531450402176
2024-10-03 19:30:08,267,59.69838494821027
2024-10-03 19:30:09,180,53.860184021192175
2024-10-03 19:30:16,46,54.48608642367781
2024-10-03 19:30:17,401,54.41843952172823
2024-10-03 19:30:24,404,64.7102506390384
2024-10-03 19:30:32,444,57.682523919727686
2024-10-03 19:30:36,110,47.51212761590532
2024-10-03 19:30:37,323,56.20279354516011
2024-10-03 19:30:44,161,63.03253791871244
2024-10-03 19:30:45,227,57.86867024113048
2024-10-03 19:30:52,39,64.90119212366741
2024-10-03 19:30:53,380,56.49157465129689
2024-10-03 19:31:00,443,56.8079395524141
2024-10-03 19:31:06,219,49.99084010403354
2024-10-03 19:31:08,254,47.96103676489207
2024-10-03 19:31:15,109,71.82109318292979
2024-10-03 19:31:16,263,64.0318770454273
2024-10-03 19:31:21,303,56.09600984541547
2024-10-03 19:31:22,131,61.21947791349551
2024-10-03 19:31:30,11,105.17656396952938
2024-10-03 19:31:32,386,62.114587143009274
2024-10-03 19:31:36,162,43.39217088496525
2024-10-03 19:31:37,254,56.776999240679075
2024-10-03 19:31:44,331,62.51776299875116
2024-10-03 19:31:45,81,72.87384589116736
2024-10-03 19:31:52,416,62.14609892750026
2024-10-03 19:31:59,397,61.41025508404561
2024-10-03 19:32:08,246,65.38813203071356
2024-10-03 19:32:09,122,60.038322645057804
2024-10-03 19:32:15,434,54.791704310052545
2024-10-03 19:32:22,277,52.51819475006402
2024-10-03 19:32:23,166,60.57095226955901
2024-10-03 19:32:29,433,52.53312578977796
2024-10-03 19:32:30,42,58.145629796481025
2024-10-03 19:32:36,371,70.53155171224176
2024-10-03 19:32:45,400,61.91922500283106
2024-10-03 19:32:50,102,60.899488570322205
2024-10-03 19:32:53,340,51.75191488489714
2024-10-03 19:32:58,373,59.74980008763737
2024-10-03 19:33:06,215,58.01362321144672
2024-10-03 19:33:07,109,61.84193447854378
2024-10-03 19:33:15,432,59.230069584172085
2024-10-03 19:33:22,272,62.00998354511136
2024-10-03 19:33:23,135,61.85680206931589
2024-10-03 19:33:30,190,59.984128821747596
2024-10-03 19:33:31,262,55.40960110061987
2024-10-03 19:33:38,416,61.4857266371333
2024-10-03 19:33:44,425,54.39632463720575
2024-10-03 19:33:51,80,51.41642025508884
2024-10-03 19:33:52,346,54.89807699464885
2024-10-03 19:33:59,173,66.41608344648097
2024-10-03 19:34:00,192,68.73495589038974
2024-10-03 19:34:07,237,60.70970266582411
2024-10-03 19:34:08,162,64.73849350411056
2024-10-03 19:34:14,331,69.2345507205897
2024-10-03 19:34:23,445,59.604272140534704
2024-10-03 19:34:30,324,60.45069412664965
2024-10-03 19:34:32,82,61.03483296596661
2024-10-03 19:34:38,305,64.32507597764665
2024-10-03 19:34:39,126,55.51927423222882
2024-10-03 19:34:46,416,57.538876161023296
2024-10-03 19:34:54,418,53.8842560337392
2024-10-03 19:35:02,432,57.28606171289363
2024-10-03 19:35:10,157,53.90982438739325
2024-10-03 19:35:12,241,56.19764412775513
2024-10-03 19:35:17,77,50.13348400748643
2024-10-03 19:35:19,392,56.417604067888895
2024-10-03 19:35:25,400,57.590507961656996
2024-10-03 19:35:32,402,60.54715292879601
2024-10-03 19:35:33,23,75.47656693198961
2024-10-03 19:35:40,393,59.61556229458075
2024-10-03 19:35:48,431,55.819639830634735
2024-10-03 19:35:53,318,58.98148442104008
2024-10-03 19:35:54,74,53.5422551046775
2024-10-03 19:36:01,420,54.55461772066447
2024-10-03 19:36:10,419,65.12957432033802
2024-10-03 19:36:17,348,59.79358390563407
2024-10-03 19:36:20,70,55.34459372385317
2024-10-03 19:36:24,400,42.74548424011374
2024-10-03 19:36:26,63,54.94277308489729
2024-10-03 19:36:29,151,66.99099448399379
2024-10-03 19:36:30,265,56.784682357475866
2024-10-03 19:36:37,411,63.898338522656495
2024-10-03 19:36:44,397,63.411053421736135
2024-10-03 19:36:53,380,61.41707213620557
2024-10-03 19:37:01,287,65.52773909728474
2024-10-03 19:37:03,74,78.09800907244984
2024-10-03 19:37:08,426,55.15891244912805
2024-10-03 19:37:15,373,67.25456610767692
2024-10-03 19:37:22,192,70.34727118674269
2024-10-03 19:37:24,188,58.02210849279272
2024-10-03 19:37:30,365,63.544930494849034
2024-10-03 19:37:38,438,55.72815806887159
2024-10-03 19:37:46,407,57.90625438185037
2024-10-03 19:37:55,423,60.95271265976651
2024-10-03 19:38:02,125,66.77348887743234
2024-10-03 19:38:03,300,55.10777958905921
2024-10-03 19:38:10,267,60.69800664772832
2024-10-03 19:38:11,123,62.959842958430514
2024-10-03 19:38:17,368,65.79231572409638
2024-10-03 19:38:25,13,44.230550944273205
2024-10-03 19:38:26,387,63.75288642078766
2024-10-03 19:38:34,467,53.07280431561063
2024-10-03 19:38:39,386,65.13083061453192
2024-10-03 19:38:41,44,41.74556511072214
2024-10-03 19:38:47,8,78.87234104984567
2024-10-03 19:38:48,397,62.39838005241552
2024-10-03 19:38:56,378,54.527748443128274
2024-10-03 19:39:02,294,58.02916331806174
2024-10-03 19:39:03,101,63.67502176536109
2024-10-03 19:39:08,241,60.95854981330711
2024-10-03 19:39:10,203,51.23425766585901
2024-10-03 19:39:17,409,58.66736050739475
2024-10-03 19:39:25,315,64.97266020516399
2024-10-03 19:39:32,402,59.434494798941884
2024-10-03 19:39:40,396,62.1393891164129
2024-10-03 19:39:47,337,70.18383736562457
2024-10-03 19:39:55,445,56.6101906098975
2024-10-03 19:40:03,394,65.78740496679191
2024-10-03 19:40:10,68,62.17117649508761
2024-10-03 19:40:12,327,57.932473592066266
2024-10-03 19:40:19,443,54.41572057142213
2024-10-03 19:40:24,325,59.018313185076146
2024-10-03 19:40:25,130,45.87701028384257
2024-10-03 19:40:32,156,59.93029490256282
2024-10-03 19:40:33,274,67.72249802059928
2024-10-03 19:40:39,79,77.58019014162964
2024-10-03 19:40:40,320,61.428836228190065
2024-10-03 19:40:47,385,57.16597890065303
2024-10-03 19:40:55,441,61.05956127405436
2024-10-03 19:41:04,372,67.97590995095494
2024-10-03 19:41:11,368,63.83163621648388
2024-10-03 19:41:20,417,62.07179527694711
2024-10-03 19:41:27,406,59.88936875288933
2024-10-03 19:41:35,409,59.246198117068076
2024-10-03 19:41:42,77,54.3576255820826
2024-10-03 19:41:44,366,59.54737529139158
2024-10-03 19:41:51,369,66.39024422785029
2024-10-03 19:41:52,14,87.15896157662291
2024-10-03 19:41:59,428,53.534606555685215
2024-10-03 19:42:00,14,45.323946071507955
2024-10-03 19:42:05,406,55.75624533679989
2024-10-03 19:42:12,23,77.51898413436861
2024-10-03 19:42:13,365,66.53798285769295
2024-10-03 19:42:20,29,58.13709176811426
2024-10-03 19:42:21,388,63.02898943658229
2024-10-03 19:42:27,275,64.53852667210363
2024-10-03 19:42:29,138,55.617613099676824
2024-10-03 19:42:34,434,53.426683818248364
2024-10-03 19:42:35,16,78.60620384820648
2024-10-03 19:42:43,352,69.90974231229076
2024-10-03 19:42:51,426,62.15544144951852
2024-10-03 19:42:58,374,59.55803750562666
2024-10-03 19:42:59,6,81.73856497997076
2024-10-03 19:43:04,113,60.732196735720024
2024-10-03 19:43:05,347,49.84824153585715
2024-10-03 19:43:12,56,72.515514526298
2024-10-03 19:43:13,303,58.73914508620191
2024-10-03 19:43:20,408,58.341219632237774
2024-10-03 19:43:27,386,66.96366376134914
2024-10-03 19:43:35,417,51.52047463025769
2024-10-03 19:43:42,387,59.14342543882789
2024-10-03 19:43:50,384,58.87973801467919
2024-10-03 19:43:57,420,59.41427999149678
2024-10-03 19:44:03,83,60.21045673601875
2024-10-03 19:44:04,355,59.16171574036949
2024-10-03 19:44:11,324,61.02999449011827
2024-10-03 19:44:12,77,62.90259999628454
2024-10-03 19:44:19,400,64.11239694919833
2024-10-03 19:44:26,246,63.595532968105175
2024-10-03 19:44:27,177,57.00732374518829
2024-10-03 19:44:33,44,60.14360087295752
2024-10-03 19:44:35,373,58.64374590726392
2024-10-03 19:44:41,288,58.973470219803175
2024-10-03 19:44:43,94,68.48137582454206
2024-10-03 19:44:47,259,48.21639239619589
2024-10-03 19:44:48,155,53.697797073691746
2024-10-03 19:44:53,30,73.99920245877145
2024-10-03 19:44:55,331,60.54419956755556
2024-10-03 19:45:01,424,55.187784856981494
2024-10-03 19:45:08,199,49.50008000206349
2024-10-03 19:45:09,234,52.445314266345676
2024-10-03 19:45:13,284,59.12079745609446
2024-10-03 19:45:14,132,56.54392214099399
2024-10-03 19:45:22,369,64.89437427682832
2024-10-03 19:45:29,418,54.167196652451324
2024-10-03 19:45:36,364,68.14826078235508
2024-10-03 19:45:45,372,62.040468728949655
2024-10-03 19:45:46,7,59.42539892231034
2024-10-03 19:45:52,262,54.01397804031202
2024-10-03 19:45:53,144,57.7069945196927
2024-10-03 19:45:59,106,53.23115606429129
2024-10-03 19:46:00,314,51.682898069270024
2024-10-03 19:46:06,160,49.70552071822186
2024-10-03 19:46:07,309,54.550559688880504
2024-10-03 19:46:10,293,52.293146741866806
2024-10-03 19:46:12,154,45.788488379809195
2024-10-03 19:46:16,251,68.08020555309656
2024-10-03 19:46:18,213,38.6491495345644
2024-10-03 19:46:23,388,63.69171931428165
2024-10-03 19:46:32,7,59.203743517691414
2024-10-03 19:46:33,362,63.91341418679353
2024-10-03 19:46:39,391,67.17382390881889
2024-10-03 19:46:47,453,53.86710312689197
2024-10-03 19:46:54,395,53.829508716746474
2024-10-03 19:47:00,67,45.25386499642201
2024-10-03 19:47:01,342,51.87136408043212
2024-10-03 19:47:04,85,57.73837210387624
2024-10-03 19:47:06,338,57.07247626243269
2024-10-03 19:47:13,376,65.50753102212646
2024-10-03 19:47:20,404,66.16428259589165
2024-10-03 19:47:29,364,66.74942186643506
2024-10-03 19:47:37,12,39.07183309775737
2024-10-03 19:47:39,422,60.54270574517868
2024-10-03 19:47:43,280,46.09022690293004
2024-10-03 19:47:44,184,51.023958257551385
2024-10-03 19:47:50,366,61.50260172958528
2024-10-03 19:47:57,409,53.71596643680027
2024-10-03 19:47:58,24,89.12947116970612
2024-10-03 19:48:04,302,56.63883490157824
2024-10-03 19:48:05,83,58.491009052240365
2024-10-03 19:48:11,403,54.58544060287409
2024-10-03 19:48:19,85,67.20592748415982
2024-10-03 19:48:20,285,71.23268807595271
2024-10-03 19:48:27,117,62.316302965912826
2024-10-03 19:48:28,312,55.60262596932518
2024-10-03 19:48:35,406,63.888323088048836
2024-10-03 19:48:42,420,61.59801865247016
2024-10-03 19:48:50,419,57.80763922063654
2024-10-03 19:48:58,316,64.11682058932597
2024-10-03 19:48:59,51,57.86010217822209
2024-10-03 19:49:06,354,62.4018617157964
2024-10-03 19:49:07,66,56.18861326461675
2024-10-03 19:49:14,402,62.25206088897712
2024-10-03 19:49:22,116,62.594114426239386
2024-10-03 19:49:24,311,52.9203219798655
2024-10-03 19:49:27,47,48.406196024766686
2024-10-03 19:49:30,388,52.87959956074717
2024-10-03 19:49:35,209,68.5251361524047
2024-10-03 19:49:36,181,65.2577706005626
2024-10-03 19:49:43,45,68.59710095842472
2024-10-03 19:49:45,286,69.95334169928202
2024-10-03 19:49:49,370,54.13526865446545
2024-10-03 19:49:51,71,55.045435974013216
2024-10-03 19:49:57,377,66.38396447033475
2024-10-03 19:50:05,393,62.09596385638328
2024-10-03 19:50:13,53,59.50806205161646
2024-10-03 19:50:14,360,61.706954998016805
2024-10-03 19:50:20,76,74.93159436854035
2024-10-03 19:50:21,361,52.656970768360885
2024-10-03 19:50:28,117,63.799088004035006
2024-10-03 19:50:29,312,61.2699701550027
2024-10-03 19:50:35,193,62.787041652779244
2024-10-03 19:50:37,204,57.340282784139134
2024-10-03 19:50:44,453,49.35805527175849
2024-10-03 19:50:50,466,48.11685973591258
2024-10-03 19:50:55,11,61.837021315626934
2024-10-03 19:50:57,413,58.826806139065816
2024-10-03 19:51:03,432,57.01321863437983
2024-10-03 19:51:10,257,58.77771176701287
2024-10-03 19:51:11,83,53.69661894630102
2024-10-03 19:51:17,328,52.4956796291233
2024-10-03 19:51:18,101,57.31854629163222
2024-10-03 19:51:21,150,46.26176305393555
2024-10-03 19:51:23,309,48.26943374287847
2024-10-03 19:51:29,384,57.014978696576826
2024-10-03 19:51:36,113,63.45972803545835
2024-10-03 19:51:37,337,54.767689595875645
2024-10-03 19:51:44,258,69.89487065418993
2024-10-03 19:51:45,142,53.30369773850408
2024-10-03 19:51:51,115,63.06592330345118
2024-10-03 19:51:52,308,52.56898998528275
2024-10-03 19:52:00,114,75.37259955261797
2024-10-03 19:52:01,289,59.748756482126865
2024-10-03 19:52:07,405,60.721979069593644
2024-10-03 19:52:14,146,50.93253708817905
2024-10-03 19:52:15,298,62.43943015210436
2024-10-03 19:52:20,361,53.20304393164712
2024-10-03 19:52:21,66,46.60580944116453
2024-10-03 19:52:27,472,50.84117230779475
2024-10-03 19:52:33,348,57.136893728155734
2024-10-03 19:52:35,94,51.65345689775573
2024-10-03 19:52:40,397,56.48168289033398
2024-10-03 19:52:48,439,58.146246421907655
2024-10-03 19:52:55,386,62.06264944571392
2024-10-03 19:53:02,123,57.17208854012226
2024-10-03 19:53:03,285,61.129455684402124
2024-10-03 19:53:09,180,50.599885958320336
2024-10-03 19:53:10,267,54.299309673855866
2024-10-03 19:53:17,199,65.4825915368492
2024-10-03 19:53:18,195,59.91567604526135
2024-10-03 19:53:26,344,62.93758824471931
2024-10-03 19:53:28,73,47.32568229793249
2024-10-03 19:53:31,114,52.46500362514116
2024-10-03 19:53:33,363,49.58471946166986
2024-10-03 19:53:39,353,62.30347079078372
2024-10-03 19:53:40,59,60.98860124776578
2024-10-03 19:53:46,415,54.9888423443056
2024-10-03 19:53:50,48,33.012363622701585
2024-10-03 19:53:53,381,54.04201478375763
2024-10-03 19:53:58,96,59.22378132979122
2024-10-03 19:53:59,324,60.52646656687224
2024-10-03 19:54:07,410,55.92181063943495
2024-10-03 19:54:13,427,61.843127315641794
2024-10-03 19:54:21,385,58.16884201860608
2024-10-03 19:54:29,64,79.30882819696275
2024-10-03 19:54:30,283,65.4220477633915
2024-10-03 19:54:36,377,56.601788213907106
2024-10-03 19:54:37,75,50.9087308389745
2024-10-03 19:54:44,368,66.42633449494946
2024-10-03 19:54:52,34,53.042292145264085
2024-10-03 19:54:53,372,59.622430513894244
2024-10-03 19:54:59,380,55.86014847776774
2024-10-03 19:55:06,452,55.69255829875912
2024-10-03 19:55:15,398,64.01187411368662
2024-10-03 19:55:22,366,67.89494632849006
2024-10-03 19:55:30,412,60.823798982432045
2024-10-03 19:55:37,426,64.04248347051953
2024-10-03 19:55:46,165,66.92212083543367
2024-10-03 19:55:47,253,59.94378876095608
2024-10-03 19:55:53,460,50.32446730758765
2024-10-03 19:56:00,259,65.22398732983251
2024-10-03 19:56:01,123,63.686974868072106
2024-10-03 19:56:08,434,55.8733091949632
2024-10-03 19:56:15,390,61.065581007226896
2024-10-03 19:56:24,417,63.557910524153634
2024-10-03 19:56:32,389,61.89511868246265
2024-10-03 19:56:36,20,49.65660303556493
2024-10-03 19:56:39,491,40.71190249602157
2024-10-03 19:56:43,15,69.14514793844528
2024-10-03 19:56:44,416,52.707102051005066
2024-10-03 19:56:51,372,62.94518303793954
2024-10-03 19:56:56,405,53.768462523014875
2024-10-03 19:56:58,34,97.24267706928286
2024-10-03 19:57:05,387,68.59397083612033
2024-10-03 19:57:13,19,62.3798766047553
2024-10-03 19:57:14,366,64.48038134707558
2024-10-03 19:57:19,446,53.361002821118205
2024-10-03 19:57:20,37,57.52765586348042
2024-10-03 19:57:28,410,62.030826835466804
2024-10-03 19:57:35,439,58.37717242993505
2024-10-03 19:57:43,207,65.58208145240951
2024-10-03 19:57:45,154,73.10566271664607
2024-10-03 19:57:50,162,52.94076812313517
2024-10-03 19:57:52,294,46.38085410389141
2024-10-03 19:57:57,433,58.10739462019294
2024-10-03 19:58:04,223,63.43097242470938
2024-10-03 19:58:05,203,56.383336603327926
2024-10-03 19:58:12,313,57.608309753035265
2024-10-03 19:58:13,99,51.11393478783662
2024-10-03 19:58:21,350,66.55461038690758
2024-10-03 19:58:29,390,62.85086848864351
2024-10-03 19:58:35,253,58.43606523755957
2024-10-03 19:58:37,182,55.315889076016454
2024-10-03 19:58:43,238,58.50589291309866
2024-10-03 19:58:44,168,71.20028534526374
2024-10-03 19:58:50,404,55.6529278833414
2024-10-03 19:58:52,43,55.328418058809646
2024-10-03 19:58:59,372,62.68845311607095
2024-10-03 19:59:00,57,53.46466077958324
2024-10-03 19:59:05,355,51.99318305225469
2024-10-03 19:59:07,73,52.28012715529349
2024-10-03 19:59:11,148,53.233118608191
2024-10-03 19:59:12,277,60.256280509803375
2024-10-03 19:59:18,34,43.722444145132
2024-10-03 19:59:20,384,56.881482842636665
2024-10-03 19:59:27,406,62.283611125753275
2024-10-03 19:59:34,123,64.41277010856132
2024-10-03 19:59:35,275,66.53884794357306
2024-10-03 19:59:42,413,62.04143760246168
2024-10-03 19:59:49,398,63.61339413312833
2024-10-03 19:59:58,421,60.518644507809945
2024-10-03 20:00:06,403,63.56300937965221
2024-10-03 20:00:13,386,59.84089180079923
2024-10-03 20:00:21,356,62.90763553306241
2024-10-03 20:00:22,42,82.98235365114463
2024-10-03 20:00:29,241,70.6914509970467
2024-10-03 20:00:30,170,59.872776137956876
2024-10-03 20:00:36,373,61.063190629111546
2024-10-03 20:00:37,50,63.20586530599065
2024-10-03 20:00:44,114,69.29161172542089
2024-10-03 20:00:45,318,48.1203074071443
2024-10-03 20:00:51,70,69.64914748043141
2024-10-03 20:00:53,338,66.69437809353802
2024-10-03 20:00:59,338,59.36131239413065
2024-10-03 20:01:00,77,48.28506846355617
2024-10-03 20:01:08,401,64.56142985592349
2024-10-03 20:01:15,323,53.86561010000253
2024-10-03 20:01:16,128,59.238863629860546
2024-10-03 20:01:22,378,57.6350388967695
2024-10-03 20:01:29,382,60.1157693516305
2024-10-03 20:01:30,10,87.80103110572651
2024-10-03 20:01:36,135,56.92390055803581
2024-10-03 20:01:37,277,62.723841227318516
2024-10-03 20:01:44,48,62.223736036019716
2024-10-03 20:01:45,349,66.9194522913852
2024-10-03 20:01:52,355,68.13203085091757
2024-10-03 20:01:59,375,57.754479461489275
2024-10-03 20:02:00,76,51.83354439721451
2024-10-03 20:02:07,410,63.2785686924337
2024-10-03 20:02:15,404,62.170994932970686
2024-10-03 20:02:22,424,60.87854386649661
2024-10-03 20:02:30,72,72.42514859391595
2024-10-03 20:02:33,332,65.10517902476501
2024-10-03 20:02:37,397,46.112993937833735
2024-10-03 20:02:38,44,67.15168657930472
2024-10-03 20:02:44,75,82.55365892521293
2024-10-03 20:02:45,313,64.50767100193029
2024-10-03 20:02:53,394,65.24132135889504
2024-10-03 20:03:00,377,64.0273011869038
2024-10-03 20:03:09,320,64.78525462996274
2024-10-03 20:03:11,71,62.9270147474435
2024-10-03 20:03:15,110,51.99785745741554
2024-10-03 20:03:17,355,47.749616085122845
2024-10-03 20:03:22,412,63.21159771852871
2024-10-03 20:03:30,91,46.93148619015152
2024-10-03 20:03:31,344,56.78879369148678
2024-10-03 20:03:38,379,66.22665750361274
2024-10-03 20:03:47,354,66.31392959337143
2024-10-03 20:03:54,4,96.01251096572372
2024-10-03 20:03:55,319,60.599831330101516
2024-10-03 20:04:02,388,65.09731649202088
2024-10-03 20:04:03,21,35.69349182351136
2024-10-03 20:04:10,18,52.28125874594777
2024-10-03 20:04:11,372,60.80709520868937
2024-10-03 20:04:17,104,69.27119518109606
2024-10-03 20:04:18,274,57.88959893140524
2024-10-03 20:04:24,350,56.416125293433026
2024-10-03 20:04:25,7,45.83241951761392
2024-10-03 20:04:31,19,52.68409020776452
2024-10-03 20:04:32,368,53.34604505125938
2024-10-03 20:04:37,249,53.17724083224204
2024-10-03 20:04:38,24,75.5710701594369
2024-10-03 20:04:42,242,52.541265233347666
2024-10-03 20:04:44,54,48.25009017439501
2024-10-03 20:04:48,356,39.28648485605199
2024-10-03 20:04:51,299,48.625751049388064
2024-10-03 20:04:52,75,40.32474624317015
2024-10-03 20:04:54,200,57.28913252578556
2024-10-03 20:04:56,246,53.10423368160321
2024-10-03 20:04:59,109,41.88264414278486
2024-10-03 20:05:00,125,55.74937705102526
2024-10-03 20:05:02,246,49.50781946988597
2024-10-03 20:05:03,10,31.621403676321627
2024-10-03 20:05:06,160,53.38305193099099
2024-10-03 20:05:07,88,53.225374092635754
2024-10-03 20:05:10,222,49.62946587778071
2024-10-03 20:05:13,239,45.1768173274817
2024-10-03 20:05:16,254,52.41192535042886
2024-10-03 20:05:19,213,57.384468616162245
2024-10-03 20:05:23,215,54.04286723442335
2024-10-03 20:05:26,113,46.316735085639515
2024-10-03 20:05:27,176,49.2354289550346
2024-10-03 20:05:30,227,63.28446780808989
2024-10-03 20:05:35,237,56.42944741468007
2024-10-03 20:05:38,248,58.011731134935125
2024-10-03 20:05:43,240,56.22614411000434
2024-10-03 20:05:46,3,56.27960580619514
2024-10-03 20:05:48,308,44.44677652097603
2024-10-03 20:05:51,156,66.87661809590344
2024-10-03 20:05:52,74,59.30549192726033
2024-10-03 20:05:56,82,65.86764732607817
2024-10-03 20:05:57,199,48.281114697979554
2024-10-03 20:06:00,298,57.29279940326301
2024-10-03 20:06:04,231,57.22872342805216
2024-10-03 20:06:05,41,77.70308218425369
2024-10-03 20:06:09,260,61.050972105588016
2024-10-03 20:06:14,250,53.61075081148234
2024-10-03 20:06:16,24,45.83023632093179
2024-10-03 20:06:19,138,62.38508198267938
2024-10-03 20:06:20,170,51.315152007914925
2024-10-03 20:06:25,266,66.06296239003156
2024-10-03 20:06:30,316,56.70948467181088
2024-10-03 20:06:35,313,58.87090470817421
2024-10-03 20:06:41,320,61.478289804525744
2024-10-03 20:06:46,285,63.996712877711914
2024-10-03 20:06:52,233,61.73411387826824
2024-10-03 20:06:55,72,70.76669559999907
2024-10-03 20:06:58,361,53.732025877366034
2024-10-03 20:07:01,342,48.126085908240135
2024-10-03 20:07:03,52,48.958223264645284
2024-10-03 20:07:08,348,60.60298451622384
2024-10-03 20:07:12,185,59.34560087465626
2024-10-03 20:07:15,126,66.89212397758934
2024-10-03 20:07:19,172,61.66788743173774
2024-10-03 20:07:22,160,72.42270444720103
2024-10-03 20:07:27,379,51.28074701858435
2024-10-03 20:07:33,209,62.82061874866987
2024-10-03 20:07:34,138,54.61126543212133
2024-10-03 20:07:41,380,58.314516375152785
2024-10-03 20:07:43,97,47.70100692865717
2024-10-03 20:07:46,288,44.184817362816034
2024-10-03 20:07:50,134,63.817508838296206
2024-10-03 20:07:51,214,62.41450061469088
2024-10-03 20:07:57,363,65.03312520729752
2024-10-03 20:08:03,220,53.86811578619579
2024-10-03 20:08:04,192,56.8326476972051
2024-10-03 20:08:12,346,67.29305755389112
2024-10-03 20:08:19,150,74.54806949853477
2024-10-03 20:08:20,240,63.36231455542989
2024-10-03 20:08:27,193,58.059805569386164
2024-10-03 20:08:28,195,64.03079591922504
2024-10-03 20:08:35,72,60.602794001115754
2024-10-03 20:08:36,314,69.74204010933227
2024-10-03 20:08:42,114,61.19763504042351
2024-10-03 20:08:43,238,68.37602410205301
2024-10-03 20:08:49,373,53.16797282245925
2024-10-03 20:08:50,67,63.988121643693304
2024-10-03 20:08:57,329,56.98566576235919
2024-10-03 20:08:58,59,44.70310008379446
2024-10-03 20:09:02,366,52.87130294647985
2024-10-03 20:09:03,65,49.355693943927776
2024-10-03 20:09:07,417,50.32139644928499
2024-10-03 20:09:13,400,53.86864326457384
2024-10-03 20:09:20,397,59.86401657442182
2024-10-03 20:09:21,8,78.75385100688946
2024-10-03 20:09:26,284,54.009603183973645
2024-10-03 20:09:27,152,50.097878395911835
2024-10-03 20:09:33,289,59.56229305165156
2024-10-03 20:09:34,125,51.04300599041385
2024-10-03 20:09:40,365,52.80031881147704
2024-10-03 20:09:41,46,71.49051408505338
2024-10-03 20:09:48,373,61.140218221613594
2024-10-03 20:09:54,232,62.395800713944126
2024-10-03 20:09:55,177,53.5624135448384
2024-10-03 20:10:02,246,46.83123511576837
2024-10-03 20:10:03,184,52.742343885755346
2024-10-03 20:10:05,349,43.79595536152561
2024-10-03 20:10:07,72,48.63340276870505
2024-10-03 20:10:11,140,63.44443693122443
2024-10-03 20:10:12,246,67.54879117141161
2024-10-03 20:10:19,147,51.44118916510189
2024-10-03 20:10:20,230,53.82369308826031
2024-10-03 20:10:25,136,50.8940057225111
2024-10-03 20:10:26,271,52.21979608286969
2024-10-03 20:10:29,353,47.69533247660741
2024-10-03 20:10:31,82,58.04432218437219
2024-10-03 20:10:37,376,60.3964284444559
2024-10-03 20:10:44,163,50.583311751824304
2024-10-03 20:10:45,246,60.98716241704038
2024-10-03 20:10:49,298,44.939319654351266
2024-10-03 20:10:51,117,44.355936598798486
2024-10-03 20:10:54,141,62.361373501953054
2024-10-03 20:10:56,232,53.322915886339025
2024-10-03 20:11:01,55,69.50617274937484
2024-10-03 20:11:02,360,45.101251605960016
2024-10-03 20:11:05,100,52.417508441788556
2024-10-03 20:11:07,282,54.46404913985558
2024-10-03 20:11:10,127,58.48754291318843
2024-10-03 20:11:12,248,50.196144062174625
2024-10-03 20:11:16,58,54.74492640032508
2024-10-03 20:11:18,320,53.69723155891713
2024-10-03 20:11:24,424,45.603940773017285
2024-10-03 20:11:28,437,42.537397437920845
2024-10-03 20:11:31,378,49.92461492275594
2024-10-03 20:11:32,43,40.547824462611
2024-10-03 20:11:34,362,50.93657609593252
2024-10-03 20:11:37,65,59.32409629817792
2024-10-03 20:11:41,21,37.6159947406382
2024-10-03 20:11:42,351,59.90364268604715
2024-10-03 20:11:48,387,52.884417078814025
2024-10-03 20:11:52,202,38.87176746716726
2024-10-03 20:11:53,220,51.64926948587516
2024-10-03 20:11:56,353,53.093033537516014
2024-10-03 20:12:02,346,56.58176119698206
2024-10-03 20:12:07,366,55.882774121925316
2024-10-03 20:12:14,370,52.12926767187424
2024-10-03 20:12:15,14,57.06193561959007
2024-10-03 20:12:18,238,46.72717758353784
2024-10-03 20:12:19,134,58.97214809869996
2024-10-03 20:12:23,357,51.92004545316113
2024-10-03 20:12:28,303,65.33640618251641
2024-10-03 20:12:35,351,57.30171448102942
2024-10-03 20:12:40,218,66.67873166327948
2024-10-03 20:12:41,95,58.41286790838827
2024-10-03 20:12:47,124,51.70984493922383
2024-10-03 20:12:48,260,48.28290075790402
2024-10-03 20:12:51,413,48.60475815066351
2024-10-03 20:12:56,15,43.36425822526132
2024-10-03 20:12:57,359,53.76437735809031
2024-10-03 20:13:00,11,36.697454812371085
2024-10-03 20:13:02,377,46.351383988329005
2024-10-03 20:13:05,358,45.65546832369306
2024-10-03 20:13:09,211,50.60054141719029
2024-10-03 20:13:10,195,52.05111683182687
2024-10-03 20:13:13,220,55.53187998470799
2024-10-03 20:13:15,114,53.340638831743085
2024-10-03 20:13:19,346,60.54612171851768
2024-10-03 20:13:26,322,55.862397979252066
2024-10-03 20:13:30,40,38.756889548338634
2024-10-03 20:13:31,347,48.71690545423148
2024-10-03 20:13:35,267,57.97825416791404
2024-10-03 20:13:36,66,52.142548428282055
2024-10-03 20:13:41,168,61.685603048239855
2024-10-03 20:13:44,168,58.26711893361113
2024-10-03 20:13:47,385,47.29492640901642
2024-10-03 20:13:52,347,59.48151564454899
2024-10-03 20:13:58,28,49.208987271157234
2024-10-03 20:14:00,513,51.48580269583603
2024-10-03 20:14:02,301,34.76686417131727
2024-10-03 20:14:05,353,56.378111972116415
2024-10-03 20:14:11,182,52.68062208184807
2024-10-03 20:14:12,154,59.100793753299065
2024-10-03 20:14:14,243,45.954618126491276
2024-10-03 20:14:16,145,40.493630462398755
2024-10-03 20:14:19,322,53.038372153959735
2024-10-03 20:14:20,8,59.11079866050119
2024-10-03 20:14:25,207,56.91352520727791
2024-10-03 20:14:26,125,48.03220633567088
2024-10-03 20:14:29,108,51.95168878845958
2024-10-03 20:14:30,197,49.52678351589083
2024-10-03 20:14:34,331,58.47867248965465
2024-10-03 20:14:39,200,52.401296675573924
2024-10-03 20:14:40,107,55.458848123533166
2024-10-03 20:14:45,272,57.300278833916245
2024-10-03 20:14:46,85,35.25095547783152
2024-10-03 20:14:48,183,53.76738940341465
2024-10-03 20:14:50,182,35.15304891206229
2024-10-03 20:14:53,8,28.451246702193085
2024-10-03 20:14:54,342,52.210473298567926
2024-10-03 20:14:56,334,43.70829588292722
2024-10-03 20:14:58,10,29.794964332887577
2024-10-03 20:15:01,267,59.036279580542
2024-10-03 20:15:02,17,50.945757478373906
2024-10-03 20:15:05,304,53.33360462182966
2024-10-03 20:15:11,312,52.966688786063294
2024-10-03 20:15:15,284,55.472200890209706
2024-10-03 20:15:19,116,61.012217062336134
2024-10-03 20:15:20,195,43.604453914082
2024-10-03 20:15:24,22,39.30032433723118
2024-10-03 20:15:25,302,53.49875118563415
2024-10-03 20:15:27,134,47.98860600806587
2024-10-03 20:15:28,203,58.07049995138506
2024-10-03 20:15:31,211,54.584128390600114
2024-10-03 20:15:32,74,59.4150308536699
2024-10-03 20:15:36,208,47.40199294274357
2024-10-03 20:15:37,91,58.17485426205413
2024-10-03 20:15:40,326,44.31287527240412
2024-10-03 20:15:45,308,50.64643414553753
2024-10-03 20:15:48,271,47.72047084443446
2024-10-03 20:15:49,43,44.74166988884689
2024-10-03 20:15:53,346,44.49261707299385
2024-10-03 20:15:55,317,49.60236205800081
2024-10-03 20:15:59,310,46.99757501337784
2024-10-03 20:16:02,175,46.1743686745946
2024-10-03 20:16:04,136,48.290448349623034
2024-10-03 20:16:05,63,43.90267085882322
2024-10-03 20:16:07,328,43.56401079370945
2024-10-03 20:16:09,301,46.670394056423135
2024-10-03 20:16:10,32,63.90519427231959
2024-10-03 20:16:12,44,50.75827602543639
2024-10-03 20:16:14,242,52.43232929742028
2024-10-03 20:16:16,306,48.202832057176956
2024-10-03 20:16:20,57,56.76171330446977
2024-10-03 20:16:21,262,52.393665375573406
2024-10-03 20:16:22,6,32.60384923315267
2024-10-03 20:16:24,332,42.72404132459
2024-10-03 20:16:27,310,44.700762223905876
2024-10-03 20:16:29,267,45.0499923079932
2024-10-03 20:16:30,81,41.528614434126624
2024-10-03 20:16:32,14,55.55115348524745
2024-10-03 20:16:33,318,47.48380351301258
2024-10-03 20:16:37,341,47.83199688866005
2024-10-03 20:16:39,28,42.795514685781754
2024-10-03 20:16:40,330,49.93315755753243
2024-10-03 20:16:42,364,42.45030330723236
2024-10-03 20:16:46,328,45.326326038956395
2024-10-03 20:16:48,339,42.12424513054618
2024-10-03 20:16:50,363,47.85647825985154
2024-10-03 20:16:54,317,46.899680718624815
2024-10-03 20:16:56,336,41.704650780457804
2024-10-03 20:16:58,209,46.75830055322949
2024-10-03 20:16:59,100,41.07420735553778
2024-10-03 20:17:01,104,48.44954838308872
2024-10-03 20:17:02,200,38.19188554346578
2024-10-03 20:17:04,83,53.82346913219203
2024-10-03 20:17:05,197,50.25508304554655
2024-10-03 20:17:07,287,49.20869377470438
2024-10-03 20:17:10,304,50.493872151457154
2024-10-03 20:17:13,302,48.70396905896712
2024-10-03 20:17:17,291,48.591503127134025
2024-10-03 20:17:19,135,39.04849312874458
2024-10-03 20:17:20,157,45.84646754932878
2024-10-03 20:17:22,265,55.356028136969684
2024-10-03 20:17:24,262,52.04217647903705
2024-10-03 20:17:27,26,51.62205071096196
2024-10-03 20:17:28,259,43.20753125598307
2024-10-03 20:17:29,316,46.065492341401686
2024-10-03 20:17:32,273,50.66486396847986
2024-10-03 20:17:34,31,62.6764082005463
2024-10-03 20:17:36,231,53.385633781424026
2024-10-03 20:17:38,325,41.10464228976095
2024-10-03 20:17:40,299,45.5365492664159
2024-10-03 20:17:42,252,44.598317775188086
2024-10-03 20:17:44,264,48.91633987466504
2024-10-03 20:17:47,279,45.64221317161933
2024-10-03 20:17:49,56,47.75945698634654
2024-10-03 20:17:50,218,38.513756241644074
2024-10-03 20:17:51,280,46.220122745954626
2024-10-03 20:17:53,296,37.940886530854655
2024-10-03 20:17:55,254,50.54846427676538
2024-10-03 20:17:57,297,43.08716066401572
2024-10-03 20:17:59,62,54.20364197543607
2024-10-03 20:18:00,166,53.30488343683542
2024-10-03 20:18:03,207,47.070358653235466
2024-10-03 20:18:04,120,38.59755988692314
2024-10-03 20:18:05,117,45.4749534970069
2024-10-03 20:18:06,289,40.19884842275873
2024-10-03 20:18:08,117,49.218032301353084
2024-10-03 20:18:09,109,53.4074809574596
2024-10-03 20:18:10,217,46.40172344244329
2024-10-03 20:18:12,222,47.846933783117635
2024-10-03 20:18:14,194,43.2070367874124
2024-10-03 20:18:16,29,48.853615293937054
2024-10-03 20:18:17,188,48.60019885416316
2024-10-03 20:18:18,151,40.73577812306288
2024-10-03 20:18:19,76,49.036128903132486
2024-10-03 20:18:20,209,46.9345209149846
2024-10-03 20:18:22,210,44.78079917969578
2024-10-03 20:18:24,135,38.962662065815195
2024-10-03 20:18:25,63,37.85632236230601
2024-10-03 20:18:26,199,44.52179637514868
2024-10-03 20:18:28,98,45.26292341897939
2024-10-03 20:18:29,105,37.310794726521856
2024-10-03 20:18:30,267,37.78851710039207
2024-10-03 20:18:31,189,45.31634882559587
2024-10-03 20:18:33,170,41.60150515353962
2024-10-03 20:18:34,32,58.14594051655631
2024-10-03 20:18:35,133,49.30909258035546
2024-10-03 20:18:36,80,47.9649295065308
2024-10-03 20:18:37,212,39.56974355673789
2024-10-03 20:18:38,194,42.29264182428247
2024-10-03 20:18:41,206,41.85402763246769
2024-10-03 20:18:42,230,43.96646991881502
2024-10-03 20:18:43,49,48.77440245121688
2024-10-03 20:18:44,131,43.33924994235562
2024-10-03 20:18:45,187,48.404220793510646
2024-10-03 20:18:47,207,42.70408471237303
2024-10-03 20:18:48,180,46.27811595733051
2024-10-03 20:18:50,181,42.50018734372885
2024-10-03 20:18:51,187,45.267423626561296
2024-10-03 20:18:52,26,48.71360087762696
2024-10-03 20:18:54,430,42.52324026011898
2024-10-03 20:18:56,189,43.532494040469466
2024-10-03 20:18:57,214,43.565883687643044
2024-10-03 20:18:58,151,36.03357104614645
2024-10-03 20:18:59,98,46.03049292602884
2024-10-03 20:19:01,391,45.028437136499804
2024-10-03 20:19:03,34,34.68245231135895
2024-10-03 20:19:04,378,44.00981749313077
2024-10-03 20:19:07,293,43.045028986289374
2024-10-03 20:19:08,117,45.122717157172644
2024-10-03 20:19:09,234,39.46133192194522
2024-10-03 20:19:10,189,41.206800305177524
2024-10-03 20:19:11,187,39.961051064934146
2024-10-03 20:19:13,188,48.187115018304134
2024-10-03 20:19:14,194,37.3651772392597
2024-10-03 20:19:16,207,40.29654309416178
2024-10-03 20:19:17,151,46.55258365160757
2024-10-03 20:19:18,52,50.99501252798749
2024-10-03 20:19:19,161,43.99177239783231
2024-10-03 20:19:21,377,43.20988552669874
2024-10-03 20:19:24,320,49.120395090412295
2024-10-03 20:19:25,109,44.612447042736385
2024-10-03 20:19:26,76,40.001351639506936
2024-10-03 20:19:28,180,45.96742421604567
2024-10-03 20:19:29,167,47.867990733044614
2024-10-03 20:19:30,83,38.92951718444061
2024-10-03 20:19:31,90,42.15544003499698
2024-10-03 20:19:32,179,44.27788203123253
2024-10-03 20:19:33,22,41.17413016915938
2024-10-03 20:19:34,126,47.215963739390176
2024-10-03 20:19:35,147,48.56184450026256
2024-10-03 20:19:37,281,49.159715477836855
2024-10-03 20:19:39,54,57.289245092153315
2024-10-03 20:19:40,227,51.5179739244395
2024-10-03 20:19:43,274,50.115654469291826
2024-10-03 20:19:46,313,42.81902066411979
2024-10-03 20:19:49,111,47.20263711866875
2024-10-03 20:19:50,160,50.59263104558279
2024-10-03 20:19:51,148,47.46169911672027
2024-10-03 20:19:53,118,53.482792353624866
2024-10-03 20:19:54,138,52.91154077249538
2024-10-03 20:19:56,143,49.11468592694548
2024-10-03 20:19:57,160,49.01485346507773
2024-10-03 20:19:59,109,38.39861000280197
2024-10-03 20:20:00,95,54.94578818590456
2024-10-03 20:20:01,248,49.15331782143339
2024-10-03 20:20:03,136,46.13209492391612
2024-10-03 20:20:04,16,58.304198589766855
2024-10-03 20:20:05,119,46.85324273635793
2024-10-03 20:20:07,287,49.619149233924695
2024-10-03 20:20:10,279,47.29114579568838
2024-10-03 20:20:12,110,55.01240215732138
2024-10-03 20:20:14,121,49.10115249321018
2024-10-03 20:20:15,99,53.7253677277575
2024-10-03 20:20:17,123,51.66895221120102
2024-10-03 20:20:18,106,61.754145776130095
2024-10-03 20:20:21,226,53.77263465525828
2024-10-03 20:20:23,25,67.11115342998659
2024-10-03 20:20:24,228,48.60523089809792
2024-10-03 20:20:26,138,49.406473846386746
2024-10-03 20:20:27,123,48.51472891189417
2024-10-03 20:20:28,104,41.72023520585561
2024-10-03 20:20:29,11,72.73871152754258
2024-10-03 20:20:31,234,49.81857737681625
2024-10-03 20:20:33,146,42.72335984509041
2024-10-03 20:20:35,150,54.271827560913366
2024-10-03 20:20:37,202,45.38510106528207
2024-10-03 20:20:39,91,58.239705025836486
2024-10-03 20:20:40,98,56.66522894254404
2024-10-03 20:20:42,130,39.28500166154959
2024-10-03 20:20:43,4,74.15855135556575
2024-10-03 20:20:44,164,52.80858224582714
2024-10-03 20:20:45,52,56.36411538200269
2024-10-03 20:20:47,131,52.135196691594004
2024-10-03 20:20:48,59,60.655541452638154
2024-10-03 20:20:49,112,46.91963245061453
2024-10-03 20:20:50,148,47.96193366997871
2024-10-03 20:20:53,102,47.70687629285066
2024-10-03 20:20:54,90,52.17669958603395
2024-10-03 20:20:55,171,39.03714906125822
2024-10-03 20:20:57,88,64.26309133999395
2024-10-03 20:20:58,95,55.90634983964073
2024-10-03 20:20:59,50,55.51658413269781
2024-10-03 20:21:00,62,48.370851068185004
2024-10-03 20:21:01,75,60.51082806718339
2024-10-03 20:21:03,90,51.12765817204944
2024-10-03 20:21:04,98,57.51125888579985
2024-10-03 20:21:06,100,60.50826812799519
2024-10-03 20:21:08,244,52.52894844901125
2024-10-03 20:21:11,178,53.35243710183521
2024-10-03 20:21:13,2,22.025184552924195
2024-10-03 20:21:14,247,42.03051065372037
2024-10-03 20:21:16,122,47.640449792386484
2024-10-03 20:21:17,136,42.46946154896156
2024-10-03 20:21:18,8,56.596141893620356
2024-10-03 20:21:19,190,42.716949588926795
2024-10-03 20:21:20,126,58.006401957726546
2024-10-03 20:21:21,150,45.788733035090175
2024-10-03 20:21:22,76,44.73903574412943
2024-10-03 20:21:23,36,56.3322014117926
2024-10-03 20:21:24,24,59.03025688604091
2024-10-03 20:21:25,127,58.40171018912966
2024-10-03 20:21:26,32,66.88202768910928
2024-10-03 20:21:28,229,51.26304502388581
2024-10-03 20:21:30,85,50.784970722945275
2024-10-03 20:21:31,68,51.16338669250902
2024-10-03 20:21:32,168,49.1096023071274
2024-10-03 20:21:35,265,52.40597322600288
2024-10-03 20:21:37,131,43.57757488569016
2024-10-03 20:21:38,55,34.421156304549726
2024-10-03 20:21:39,87,55.559596229235844
2024-10-03 20:21:40,127,51.88457597279419
2024-10-03 20:21:41,113,47.73469774241874
2024-10-03 20:21:42,58,44.89556056104628
2024-10-03 20:21:43,312,39.49520369934081
2024-10-03 20:21:44,76,40.93625731505995
2024-10-03 20:21:45,157,42.7928539437729
2024-10-03 20:21:47,225,51.79721367062854
2024-10-03 20:21:49,164,49.99724751082933
2024-10-03 20:21:51,309,44.17816427748494
2024-10-03 20:21:53,123,55.87226488255383
2024-10-03 20:21:55,225,44.641546909335545
2024-10-03 20:21:56,274,45.51382039902878
2024-10-03 20:21:58,152,46.554973939950024
2024-10-03 20:21:59,129,47.30081072523726
2024-10-03 20:22:01,154,45.40896255982869
2024-10-03 20:22:02,143,47.36612775361687
2024-10-03 20:22:03,129,52.02343630089637
2024-10-03 20:22:05,102,52.818313739229104
2024-10-03 20:22:06,43,53.917365425816804
2024-10-03 20:22:07,238,54.21653584801774
2024-10-03 20:22:08,80,59.59508677486364
2024-10-03 20:22:09,15,59.002751337176115
2024-10-03 20:22:10,162,36.621216016142284
2024-10-03 20:22:11,10,41.64583951104648
2024-10-03 20:22:12,274,44.19871115480842
2024-10-03 20:22:13,141,39.59439351941169
2024-10-03 20:22:15,138,45.741079178831924
2024-10-03 20:22:17,219,52.114762611095635
2024-10-03 20:22:19,141,44.924489420998135
2024-10-03 20:22:20,82,51.024428897435726
2024-10-03 20:22:21,69,49.202599509346506
2024-10-03 20:22:22,139,53.06661650660987
2024-10-03 20:22:23,36,54.91212422360053
2024-10-03 20:22:24,190,52.89608657361378
2024-10-03 20:22:26,108,52.66974593556588
2024-10-03 20:22:28,271,42.79633947815285
2024-10-03 20:22:29,152,46.34025869445774
2024-10-03 20:22:31,129,51.56510473141276
2024-10-03 20:22:32,44,53.88918984489185
2024-10-03 20:22:33,297,42.625161874395495
2024-10-03 20:22:34,79,56.56968697510976
2024-10-03 20:22:35,76,48.31877283630612
2024-10-03 20:22:36,50,46.8497698127952
2024-10-03 20:22:37,87,49.92218480113638
2024-10-03 20:22:38,264,44.9008900095786
2024-10-03 20:22:39,11,54.365482954088456
2024-10-03 20:22:40,193,38.39539502276684
2024-10-03 20:22:41,144,43.62883798614634
2024-10-03 20:22:43,134,59.157693213108836
2024-10-03 20:22:44,123,51.5419866827433
2024-10-03 20:22:45,132,49.49936465122131
2024-10-03 20:22:47,143,44.849358941423056
2024-10-03 20:22:48,215,37.56763053013719
2024-10-03 20:22:50,296,44.033202054063956
2024-10-03 20:22:51,128,49.130800685830714
2024-10-03 20:22:54,344,45.68011548574202
2024-10-03 20:22:55,107,52.071240369359714
2024-10-03 20:22:58,172,44.294124581667674
2024-10-03 20:22:59,291,45.78790052806237
2024-10-03 20:23:00,121,59.88840904766316
2024-10-03 20:23:02,128,47.65725778357383
2024-10-03 20:23:04,115,50.179179558236626
2024-10-03 20:23:05,141,54.133383136605794
2024-10-03 20:23:06,130,51.00970110018104
2024-10-03 20:23:07,112,46.25772501357043
2024-10-03 20:23:09,170,38.49066907606112
2024-10-03 20:23:10,50,44.16224918754274
2024-10-03 20:23:11,179,50.45942036072313
2024-10-03 20:23:12,198,38.71266415117853
2024-10-03 20:23:14,116,56.56648744964637
2024-10-03 20:23:15,113,47.09113668568249
2024-10-03 20:23:16,145,44.527044394069854
2024-10-03 20:23:19,138,51.19846495830331
2024-10-03 20:23:20,237,51.30299745468244
2024-10-03 20:23:23,132,48.16993299789063
2024-10-03 20:23:24,115,52.26174076810144
2024-10-03 20:23:25,14,56.33330243891809
2024-10-03 20:23:26,173,58.310385615062266
2024-10-03 20:23:28,105,48.66861517535172
2024-10-03 20:23:29,129,54.76094837013755
2024-10-03 20:23:30,82,44.88832336676573
2024-10-03 20:23:31,52,53.46596593348626
2024-10-03 20:23:33,253,47.18802251669764
2024-10-03 20:23:35,123,48.01844609534551
2024-10-03 20:23:37,246,51.7618715885673
2024-10-03 20:23:39,15,40.83905965222113
2024-10-03 20:23:40,129,47.282238120532945
2024-10-03 20:23:41,248,47.952804732605166
2024-10-03 20:23:44,172,54.69123969625367
2024-10-03 20:23:45,77,50.01402309314228
2024-10-03 20:23:46,85,56.80435673155435
2024-10-03 20:23:47,129,43.46086561221371
2024-10-03 20:23:49,152,46.95451211487915
2024-10-03 20:23:50,121,47.0312160578444
2024-10-03 20:23:51,138,44.57002456379542
2024-10-03 20:23:54,234,51.9180600659505
2024-10-03 20:23:57,237,51.82342330446421
2024-10-03 20:23:59,86,42.51931427208317
2024-10-03 20:24:00,172,49.10676241127926
2024-10-03 20:24:02,98,48.538872643173676
2024-10-03 20:24:03,121,49.405843018318876
2024-10-03 20:24:05,131,58.1368924287006
2024-10-03 20:24:07,99,55.16769149859772
2024-10-03 20:24:08,10,53.24245063471477
2024-10-03 20:24:09,215,47.09955571151809
2024-10-03 20:24:11,100,63.253224634851264
2024-10-03 20:24:12,167,44.190574108886025
2024-10-03 20:24:14,127,52.856300911810244
2024-10-03 20:24:15,44,58.161544816516425
2024-10-03 20:24:16,227,40.84088425921655
2024-10-03 20:24:19,148,55.739195189394735
2024-10-03 20:24:20,60,51.593364395756076
2024-10-03 20:24:22,251,51.73109049571966
2024-10-03 20:24:25,159,54.524750502838344
2024-10-03 20:24:26,18,48.18231771322607
2024-10-03 20:24:27,128,53.10131187911872
2024-10-03 20:24:29,142,55.970102435529206
2024-10-03 20:24:30,153,53.92293233849745
2024-10-03 20:24:32,106,56.51801709761088
2024-10-03 20:24:33,135,56.540129893716475
2024-10-03 20:24:35,134,49.91718985683395
2024-10-03 20:24:36,102,57.79988687054446
2024-10-03 20:24:39,305,46.21538166106897
2024-10-03 20:24:42,260,48.28219957767013
2024-10-03 20:24:45,261,49.79579795398969
2024-10-03 20:24:48,137,46.78471036102504
2024-10-03 20:24:49,131,51.592070842405484
2024-10-03 20:24:51,104,58.88807334822764
2024-10-03 20:24:52,107,49.13996170861784
2024-10-03 20:24:53,46,51.843285770204524
2024-10-03 20:24:54,70,56.003728374002264
2024-10-03 20:24:55,112,63.38804849886954
2024-10-03 20:24:57,129,50.49523874285653
2024-10-03 20:24:58,125,57.57091935798903
2024-10-03 20:25:01,118,55.4762751083522
2024-10-03 20:25:02,130,52.034241525259354
2024-10-03 20:25:03,11,65.45140249297935
2024-10-03 20:25:04,102,52.22650807911918
2024-10-03 20:25:05,22,65.97000880042505
2024-10-03 20:25:06,172,47.453384410150775
2024-10-03 20:25:08,247,52.88456784986759
2024-10-03 20:25:10,126,49.042524466129244
2024-10-03 20:25:11,122,47.18057552398112
2024-10-03 20:25:13,100,57.88482063101615
2024-10-03 20:25:15,120,53.04172355581784
2024-10-03 20:25:16,114,64.16026525022106
2024-10-03 20:25:18,95,57.81446497852716
2024-10-03 20:25:20,153,51.71874710370581
2024-10-03 20:25:21,125,46.428186731835304
2024-10-03 20:25:24,239,48.76184002170716
2024-10-03 20:25:26,112,62.281518312629125
2024-10-03 20:25:29,238,53.219858598260714
2024-10-03 20:25:32,85,54.02365427606904
2024-10-03 20:25:33,145,40.67571570424431
2024-10-03 20:25:35,123,55.1783274461695
2024-10-03 20:25:37,112,51.14877158803143
2024-10-03 20:25:38,122,46.85313769527694
2024-10-03 20:25:40,23,54.74466573859364
2024-10-03 20:25:41,68,55.93638377368763
2024-10-03 20:25:42,90,70.43459500594263
2024-10-03 20:25:43,109,58.32969085397068
2024-10-03 20:25:45,116,55.8790432135234
2024-10-03 20:25:48,246,49.50787388894455
2024-10-03 20:25:49,15,68.40184531196853
2024-10-03 20:25:50,4,23.393555465076954
2024-10-03 20:25:51,104,58.796314866917434
2024-10-03 20:25:53,121,52.072259551800386
2024-10-03 20:25:54,7,61.20063391254481
2024-10-03 20:25:55,99,58.428097210076096
2024-10-03 20:25:56,126,52.664112164635114
2024-10-03 20:25:58,89,60.70450990444285
2024-10-03 20:26:01,114,60.990427224065584
2024-10-03 20:26:02,70,69.76516881268623
2024-10-03 20:26:03,93,48.00145986951817
2024-10-03 20:26:04,96,39.60331144153376
2024-10-03 20:26:05,112,50.13607046370511
2024-10-03 20:26:07,70,65.39270899930817
2024-10-03 20:26:09,75,52.33205068341299
2024-10-03 20:26:10,18,76.37007024295399
2024-10-03 20:26:12,132,51.56211006102385
2024-10-03 20:26:14,99,76.41638539799516
2024-10-03 20:26:15,179,41.78314148435754
2024-10-03 20:26:17,129,47.19903281557031
2024-10-03 20:26:19,149,51.032034835113706
2024-10-03 20:26:20,47,56.6122098030568
2024-10-03 20:26:21,54,51.574551464137635
2024-10-03 20:26:22,90,71.52038970035854
2024-10-03 20:26:23,15,65.57671700816003
2024-10-03 20:26:24,94,55.063384149105644
2024-10-03 20:26:25,19,65.16601387819343
2024-10-03 20:26:26,59,50.58862165034464
2024-10-03 20:26:27,56,51.52935433330772
2024-10-03 20:26:29,119,53.89817786216548
2024-10-03 20:26:30,26,44.59862801511204
2024-10-03 20:26:31,229,58.373659395123404
2024-10-03 20:26:33,99,73.13642762640755
2024-10-03 20:26:36,97,68.24241970272891
2024-10-03 20:26:38,118,65.53620772148996
2024-10-03 20:26:40,125,55.248150610160195
2024-10-03 20:26:42,74,72.98639436753956
2024-10-03 20:26:43,28,52.05755276319886
2024-10-03 20:26:44,129,55.036620775182406
2024-10-03 20:26:46,133,51.206826916068586
2024-10-03 20:26:48,94,61.38392504422159
2024-10-03 20:26:49,57,43.6997797138996
2024-10-03 20:26:50,113,51.788850468912415
2024-10-03 20:26:51,38,76.84483009398133
2024-10-03 20:26:53,153,55.11010926298847
2024-10-03 20:26:54,49,67.79031519296812
2024-10-03 20:26:55,70,52.8518806775715
2024-10-03 20:26:56,62,58.30481713418589
2024-10-03 20:26:58,119,60.66887253969699
2024-10-03 20:26:59,7,76.94157192885699
2024-10-03 20:27:00,102,46.64360645649339
2024-10-03 20:27:01,33,79.19782175852502
2024-10-03 20:27:02,156,56.54336591845038
2024-10-03 20:27:04,114,57.49872031729349
2024-10-03 20:27:06,87,54.42496075188865
2024-10-03 20:27:07,61,62.22702611415555
2024-10-03 20:27:09,95,57.16970815306304
2024-10-03 20:27:10,116,67.0540146010956
2024-10-03 20:27:13,147,56.50858301677828
2024-10-03 20:27:14,124,63.9996771109662
2024-10-03 20:27:16,127,57.22441546285905
2024-10-03 20:27:19,133,50.8484161986122
2024-10-03 20:27:21,98,69.68318517822125
2024-10-03 20:27:23,181,37.58155534162711
2024-10-03 20:27:24,234,44.30044848686783
2024-10-03 20:27:25,2,84.93794771463
2024-10-03 20:27:27,105,67.76919567517848
2024-10-03 20:27:29,82,70.7303776175419
2024-10-03 20:27:30,15,54.27675853381356
2024-10-03 20:27:31,90,56.117856909626326
2024-10-03 20:27:32,29,53.27076800588624
2024-10-03 20:27:33,120,62.594999535006686
2024-10-03 20:27:36,95,52.95605604293821
2024-10-03 20:27:37,79,57.66240929672101
2024-10-03 20:27:39,110,42.80324074973932
2024-10-03 20:27:40,112,65.73989966900503
2024-10-03 20:27:42,6,52.4063448330018
2024-10-03 20:27:43,102,66.4406251146687
2024-10-03 20:27:44,146,43.26051286677832
2024-10-03 20:27:45,52,47.737510336538584
2024-10-03 20:27:47,148,61.52526407363521
2024-10-03 20:27:49,47,76.29444460336185
2024-10-03 20:27:50,132,39.46859178987502
2024-10-03 20:27:51,90,73.19503927643913
2024-10-03 20:27:52,212,35.092840942246035
2024-10-03 20:27:53,30,58.25672854047263
2024-10-03 20:27:55,95,68.55705153789212
2024-10-03 20:27:58,3,100.25301831778033
2024-10-03 20:27:59,99,69.12531474550428
2024-10-03 20:28:00,20,56.91920098924324
2024-10-03 20:28:01,86,68.0137881168087
2024-10-03 20:28:03,103,60.81967390918973
2024-10-03 20:28:05,48,61.64251872956769
2024-10-03 20:28:06,74,47.631158415837284
2024-10-03 20:28:07,112,62.05447995724556
2024-10-03 20:28:11,113,61.63833320802574
2024-10-03 20:28:12,21,77.40852033464134
2024-10-03 20:28:13,95,67.76514585018265
2024-10-03 20:28:16,156,50.5879141629675
2024-10-03 20:28:17,130,71.48909653384949
2024-10-03 20:28:19,173,50.07163191259256
2024-10-03 20:28:22,127,67.317531896187
2024-10-03 20:28:25,138,56.650383779736536
2024-10-03 20:28:27,189,49.817497365838385
2024-10-03 20:28:29,159,60.610881508813264
2024-10-03 20:28:32,133,64.32634334292428
2024-10-03 20:28:34,177,52.76620208929531
2024-10-03 20:28:36,11,72.116459321849
2024-10-03 20:28:37,154,51.807046450038335
2024-10-03 20:28:40,179,54.10755937093284
2024-10-03 20:28:41,153,56.351004664067375
2024-10-03 20:28:44,167,53.408712084776916
2024-10-03 20:28:47,108,65.43900406975492
2024-10-03 20:28:49,146,53.40925370071125
2024-10-03 20:28:51,40,59.936019020064144
2024-10-03 20:28:52,87,72.5498288224555
2024-10-03 20:28:54,51,64.97040953237958
2024-10-03 20:28:55,64,66.8960049740323
2024-10-03 20:28:57,121,72.13606623451047
2024-10-03 20:28:58,14,54.28430528579838
2024-10-03 20:28:59,137,59.97059014511684
2024-10-03 20:29:02,102,60.90830211854285
2024-10-03 20:29:03,50,53.96126983915122
2024-10-03 20:29:04,123,52.29093643390101
2024-10-03 20:29:05,70,38.858989113152816
2024-10-03 20:29:07,115,57.54508979871406
2024-10-03 20:29:10,89,64.9721579885085
2024-10-03 20:29:11,53,56.68422864010869
2024-10-03 20:29:12,43,70.55390299876954
2024-10-03 20:29:13,118,57.38589866204183
2024-10-03 20:29:15,182,55.35904851469578
2024-10-03 20:29:17,153,64.86667607373259
2024-10-03 20:29:20,167,58.029455057518874
2024-10-03 20:29:24,176,58.99015763183626
2024-10-03 20:29:26,137,64.01357437851686
2024-10-03 20:29:29,137,61.78838761368304
2024-10-03 20:29:32,135,66.81075953294544
2024-10-03 20:29:33,7,88.32054764519602
2024-10-03 20:29:35,87,38.219291536073406
2024-10-03 20:29:36,71,46.698443505644555
2024-10-03 20:29:37,89,51.58099731961967
2024-10-03 20:29:38,47,62.87313457975274
2024-10-03 20:29:40,46,48.20966502597326
2024-10-03 20:29:42,105,60.21632541633924
2024-10-03 20:29:43,205,51.59447704734471
2024-10-03 20:29:44,13,85.35158426822326
2024-10-03 20:29:47,130,63.16659016799861
2024-10-03 20:29:49,183,57.42169023202995
2024-10-03 20:29:52,158,56.55972944500011
2024-10-03 20:29:55,149,60.031310248634306
2024-10-03 20:29:58,161,67.49536457154984
2024-10-03 20:30:01,168,52.88042509542087
2024-10-03 20:30:04,65,64.10210027252496
2024-10-03 20:30:05,85,70.65044711650988
2024-10-03 20:30:07,43,54.714432376397475
2024-10-03 20:30:08,116,57.00002166333315
2024-10-03 20:30:11,168,60.590427969699
2024-10-03 20:30:14,49,84.16643542793923
2024-10-03 20:30:15,107,57.97618250381273
2024-10-03 20:30:17,172,59.26732192457936
2024-10-03 20:30:18,27,57.052114811530224
2024-10-03 20:30:20,175,65.53718522070193
2024-10-03 20:30:23,139,64.58014003063278
2024-10-03 20:30:28,148,75.41340528325954
2024-10-03 20:30:31,148,68.96781628873666
2024-10-03 20:30:34,116,60.060730392730925
2024-10-03 20:30:35,41,78.30530692873236
2024-10-03 20:30:37,46,80.42013873943608
2024-10-03 20:30:38,127,64.38890518383985
2024-10-03 20:30:42,75,61.23958565962542
2024-10-03 20:30:43,84,64.32916545424476
2024-10-03 20:30:44,86,50.78185906742796
2024-10-03 20:30:45,181,45.95890379440893
2024-10-03 20:30:46,72,59.07965419962669
2024-10-03 20:30:48,154,44.1937296061499
2024-10-03 20:30:50,66,72.21520473542114
2024-10-03 20:30:51,102,58.14124286753023
2024-10-03 20:30:54,185,61.312064509573126
2024-10-03 20:30:57,129,71.8165960562174
2024-10-03 20:30:58,44,78.62549732077949
2024-10-03 20:31:02,147,69.31511853781137
2024-10-03 20:31:04,160,66.57335278768765
2024-10-03 20:31:05,25,66.83951566288053
2024-10-03 20:31:09,165,63.5812556792345
2024-10-03 20:31:11,176,56.666425686687646
2024-10-03 20:31:15,167,55.61886931728565
2024-10-03 20:31:18,119,48.785290216348976
2024-10-03 20:31:19,103,60.75133849856394
2024-10-03 20:31:21,82,50.74336050339345
2024-10-03 20:31:22,187,43.34727982483824
2024-10-03 20:31:24,252,51.52612236109907
2024-10-03 20:31:28,222,51.77820921894786
2024-10-03 20:31:31,67,62.0357725675187
2024-10-03 20:31:32,113,59.109159957093325
2024-10-03 20:31:35,243,56.97661015279839
2024-10-03 20:31:38,186,65.0474919808912
2024-10-03 20:31:42,211,61.40847857403666
2024-10-03 20:31:45,21,39.180467765354656
2024-10-03 20:31:46,187,60.23609628273008
2024-10-03 20:31:48,80,74.26585432555208
2024-10-03 20:31:49,102,47.27073718206119
2024-10-03 20:31:52,52,59.48101726231169
2024-10-03 20:31:54,131,77.3468388654443
2024-10-03 20:31:57,196,62.016204548150604
2024-10-03 20:32:00,216,55.14233334693591
2024-10-03 20:32:03,213,52.667608139698885
2024-10-03 20:32:04,45,43.3743827704478
2024-10-03 20:32:07,210,59.654122657401444
2024-10-03 20:32:12,35,67.96470201051926
2024-10-03 20:32:13,212,54.125070382614304
2024-10-03 20:32:15,135,45.407159691677464
2024-10-03 20:32:16,154,53.580087133732846
2024-10-03 20:32:18,142,63.80217790955785
2024-10-03 20:32:19,70,66.0151614439349
2024-10-03 20:32:22,25,81.65329532894347
2024-10-03 20:32:23,225,56.015710810835635
2024-10-03 20:32:26,219,61.21951539223434
2024-10-03 20:32:30,191,65.1722290847193
2024-10-03 20:32:33,165,53.16808831603089
2024-10-03 20:32:35,95,57.25694460917538
2024-10-03 20:32:38,152,67.4011098367787
2024-10-03 20:32:40,33,73.03567525410563
2024-10-03 20:32:43,232,51.38366922671003
2024-10-03 20:32:46,238,59.05622235915922
2024-10-03 20:32:50,228,58.79619822577112
2024-10-03 20:32:54,225,59.94025995507931
2024-10-03 20:32:59,212,66.80804053287525
2024-10-03 20:33:02,235,53.78609651761731
2024-10-03 20:33:05,35,54.06261092703313
2024-10-03 20:33:06,265,50.39874803082598
2024-10-03 20:33:11,243,61.554627043297785
2024-10-03 20:33:14,42,58.28260633378551
2024-10-03 20:33:15,262,46.13729214023531
2024-10-03 20:33:18,11,64.34561383035631
2024-10-03 20:33:19,211,63.16710028685008
2024-10-03 20:33:24,225,65.42143058026272
2024-10-03 20:33:27,231,53.290779033234955
2024-10-03 20:33:28,46,53.24333708719714
2024-10-03 20:33:31,125,54.01572908251608
2024-10-03 20:33:32,84,68.99746960383848
2024-10-03 20:33:35,294,51.34734073221806
2024-10-03 20:33:38,153,49.88804198152746
2024-10-03 20:33:40,129,42.88029216186308
2024-10-03 20:33:43,256,54.286570182789845
2024-10-03 20:33:47,129,58.58541814404018
2024-10-03 20:33:48,124,68.53685329493592
2024-10-03 20:33:52,169,62.29049496021813
2024-10-03 20:33:53,61,54.95765019367668
2024-10-03 20:33:57,294,49.0852207831457
2024-10-03 20:34:00,60,54.44478830470482
2024-10-03 20:34:02,182,61.73129667376885
2024-10-03 20:34:05,276,51.01720694485398
2024-10-03 20:34:08,207,51.597516073558495
2024-10-03 20:34:09,86,47.160632565919656
2024-10-03 20:34:13,217,59.92039841910101
2024-10-03 20:34:14,23,82.11788669775824
2024-10-03 20:34:18,246,67.16822457975297
2024-10-03 20:34:23,200,54.8807518125981
2024-10-03 20:34:24,65,76.44193825971243
2024-10-03 20:34:29,268,55.537735060210025
2024-10-03 20:34:33,244,64.74857663161838
2024-10-03 20:34:34,39,57.376714476950696
2024-10-03 20:34:38,54,56.65833774801216
2024-10-03 20:34:39,276,51.658105857479626
2024-10-03 20:34:42,227,63.94728362022315
2024-10-03 20:34:48,192,57.91446550637918
2024-10-03 20:34:49,66,64.2200032770993
2024-10-03 20:34:53,121,61.38890644179363
2024-10-03 20:34:54,151,57.23602510828951
2024-10-03 20:34:58,141,63.64512796856064
2024-10-03 20:34:59,139,71.61072033018401
2024-10-03 20:35:02,94,59.24054340971847
2024-10-03 20:35:04,192,55.15190732285931
2024-10-03 20:35:08,200,56.35938420247258
2024-10-03 20:35:09,50,70.13722640072463
2024-10-03 20:35:13,280,58.37340546240381
2024-10-03 20:35:18,174,65.77449716330827
2024-10-03 20:35:19,75,75.25480868038845
2024-10-03 20:35:23,208,63.75661849890131
2024-10-03 20:35:25,59,58.74045594885191
2024-10-03 20:35:29,29,47.441722057736484
2024-10-03 20:35:30,261,54.850850679717084
2024-10-03 20:35:34,251,61.68205307770298
2024-10-03 20:35:38,239,51.769811263206584
2024-10-03 20:35:40,89,75.46621472120032
2024-10-03 20:35:44,265,65.59491588964777
2024-10-03 20:35:49,125,60.52930200749972
2024-10-03 20:35:50,142,60.13793165254142
2024-10-03 20:35:55,43,48.46096373101452
2024-10-03 20:35:56,318,55.40969015865561
2024-10-03 20:36:00,317,54.53553483712187
2024-10-03 20:36:05,296,58.9684685295788
2024-10-03 20:36:10,205,69.11528822534261
2024-10-03 20:36:11,62,55.272597718627964
2024-10-03 20:36:17,252,62.76510445187373
2024-10-03 20:36:18,9,41.05901625614501
2024-10-03 20:36:22,103,63.87840000240572
2024-10-03 20:36:23,210,60.77123537736592
2024-10-03 20:36:29,279,64.96732318383864
2024-10-03 20:36:30,19,37.10986595727779
2024-10-03 20:36:34,321,54.63869209366937
2024-10-03 20:36:39,305,58.2782633754415
2024-10-03 20:36:43,194,54.64893539726461
2024-10-03 20:36:45,129,62.88067411639354
2024-10-03 20:36:49,303,61.30963034974846
2024-10-03 20:36:50,7,63.17747729126721
2024-10-03 20:36:55,313,57.07713482409952
2024-10-03 20:37:00,310,62.117996994622935
2024-10-03 20:37:06,266,59.9148983442866
2024-10-03 20:37:07,37,69.97833564564192
2024-10-03 20:37:13,342,54.960539078869864
2024-10-03 20:37:18,331,63.70980980484996
2024-10-03 20:37:25,161,59.38717879533946
2024-10-03 20:37:26,159,59.834823557700744
2024-10-03 20:37:31,369,53.61962995926938
2024-10-03 20:37:35,137,55.18508980462255
2024-10-03 20:37:36,231,49.33984431602639
2024-10-03 20:37:39,159,50.06734889401625
2024-10-03 20:37:41,159,62.583700784371615
2024-10-03 20:37:47,117,70.20038139738206
2024-10-03 20:37:49,204,59.79399061664205
2024-10-03 20:37:51,59,41.07570388307329
2024-10-03 20:37:53,322,43.81563513466992
2024-10-03 20:37:58,313,64.46156981006398
2024-10-03 20:38:04,338,50.497455001753906
2024-10-03 20:38:09,67,56.75688456768303
2024-10-03 20:38:11,257,59.14472673860683
2024-10-03 20:38:15,341,52.94417205059198
2024-10-03 20:38:20,300,58.779839564292644
2024-10-03 20:38:21,45,64.54767877460463
2024-10-03 20:38:27,368,55.35906660960614
2024-10-03 20:38:32,320,64.78890936471707
2024-10-03 20:38:38,91,60.08423688518932
2024-10-03 20:38:39,231,53.99981904102912
2024-10-03 20:38:45,350,56.027215656971755
2024-10-03 20:38:49,111,52.82846389865555
2024-10-03 20:38:51,261,51.64544202206746
2024-10-03 20:38:56,16,80.28140800333325
2024-10-03 20:38:58,342,59.09072040171957
2024-10-03 20:39:03,363,56.64965586145607
2024-10-03 20:39:09,84,63.77740566391552
2024-10-03 20:39:10,246,60.842328431849886
2024-10-03 20:39:15,339,63.40750066517775
2024-10-03 20:39:22,360,59.85622766103259
2024-10-03 20:39:28,157,57.54728434469141
2024-10-03 20:39:30,217,51.71580173736589
2024-10-03 20:39:35,248,50.771858753467306
2024-10-03 20:39:36,137,58.71026470441293
2024-10-03 20:39:40,294,64.1804626981163
2024-10-03 20:39:41,37,47.667397779919995
2024-10-03 20:39:47,6,97.79413849593944
2024-10-03 20:39:48,376,58.00369292482398
2024-10-03 20:39:54,191,49.65678232719206
2024-10-03 20:39:55,179,71.60839102330183
2024-10-03 20:40:01,366,60.88033449332745
2024-10-03 20:40:09,329,59.55925605232103
2024-10-03 20:40:16,362,62.926670288060734
2024-10-03 20:40:22,72,42.257912563792694
2024-10-03 20:40:23,313,56.84261105360814
2024-10-03 20:40:28,348,55.91626259670525
2024-10-03 20:40:29,32,52.46184861557375
2024-10-03 20:40:35,376,64.3309153109276
2024-10-03 20:40:43,403,57.505986530668785
2024-10-03 20:40:49,162,56.07246953353498
2024-10-03 20:40:51,205,67.71484432133379
2024-10-03 20:40:55,368,55.05674885556283
2024-10-03 20:40:57,35,48.670125536936524
2024-10-03 20:41:02,217,56.97143993800958
2024-10-03 20:41:05,130,54.83898810651745
2024-10-03 20:41:09,451,44.279842662716725
2024-10-03 20:41:14,259,54.70484163614798
2024-10-03 20:41:15,120,58.11626446205137
2024-10-03 20:41:21,392,57.37179946476653
2024-10-03 20:41:22,20,65.48679006796755
2024-10-03 20:41:27,84,65.85408704390447
2024-10-03 20:41:28,274,59.41016037706663
2024-10-03 20:41:34,143,49.709331123242244
2024-10-03 20:41:35,257,59.12221399166005
2024-10-03 20:41:41,187,67.70561089260995
2024-10-03 20:41:42,168,64.58332698533759
2024-10-03 20:41:50,367,64.82990667280268
2024-10-03 20:41:56,130,62.11050613906231
2024-10-03 20:42:00,568,52.45834757331909
2024-10-03 20:42:03,83,36.78602304159621
2024-10-03 20:42:07,399,52.79043471645578
2024-10-03 20:42:12,346,51.75627206037806
2024-10-03 20:42:13,27,81.61428716769167
2024-10-03 20:42:19,387,61.18050696949009
2024-10-03 20:42:26,237,60.16577662220051
2024-10-03 20:42:27,153,56.9368309606452
2024-10-03 20:42:33,133,69.74324129646106
2024-10-03 20:42:35,234,62.210768320726594
2024-10-03 20:42:41,400,55.17851915997195
2024-10-03 20:42:47,190,67.45321544358255
2024-10-03 20:42:48,175,56.40748147863506
2024-10-03 20:42:56,144,60.89911134169001
2024-10-03 20:42:57,241,77.17549674128914
2024-10-03 20:43:02,277,58.04593366734884
2024-10-03 20:43:03,113,48.25367196866472
2024-10-03 20:43:10,352,61.468059410753796
2024-10-03 20:43:17,25,56.43087037380315
2024-10-03 20:43:18,341,64.84305864630615
2024-10-03 20:43:26,346,72.18157152846729
2024-10-03 20:43:34,361,57.60066412946266
2024-10-03 20:43:40,388,51.3572908106128
2024-10-03 20:43:42,25,62.78584720876461
2024-10-03 20:43:46,428,52.094049016391494
2024-10-03 20:43:52,320,61.09321494348353
2024-10-03 20:43:53,55,76.96122295977607
2024-10-03 20:43:59,167,54.44883707402862
2024-10-03 20:44:00,227,66.13212512739581
2024-10-03 20:44:06,437,56.65326878902773
2024-10-03 20:44:12,416,59.2233820011433
2024-10-03 20:44:21,8,61.16441128782195
2024-10-03 20:44:22,395,59.48936633657836
2024-10-03 20:44:27,115,63.43327143255617
2024-10-03 20:44:29,304,51.301481588132994
2024-10-03 20:44:34,230,60.7359934050294
2024-10-03 20:44:36,171,60.133287996853724
2024-10-03 20:44:42,7,69.33794416564122
2024-10-03 20:44:43,381,60.83834026074215
2024-10-03 20:44:49,86,59.57718618920478
2024-10-03 20:44:50,319,57.25877377233857
2024-10-03 20:44:56,164,58.901503773509056
2024-10-03 20:44:59,218,57.942326770825616
2024-10-03 20:45:02,435,42.39179326681744
2024-10-03 20:45:06,256,48.600246730532064
2024-10-03 20:45:07,209,53.10415311767973
2024-10-03 20:45:13,335,56.23540177372811
2024-10-03 20:45:14,75,64.89907339516365
2024-10-03 20:45:18,404,53.88123943292332
2024-10-03 20:45:19,62,51.292090496408036
2024-10-03 20:45:26,288,57.171113017697635
2024-10-03 20:45:27,108,66.5248316710922
2024-10-03 20:45:31,85,62.847610995917364
2024-10-03 20:45:33,393,43.134481854582475
2024-10-03 20:45:38,177,67.05370438665095
2024-10-03 20:45:39,256,53.31390027587777
2024-10-03 20:45:46,419,53.99062741153894
2024-10-03 20:45:53,387,67.05085469204393
2024-10-03 20:46:01,411,57.89834543061508
2024-10-03 20:46:08,258,62.93528185966947
2024-10-03 20:46:09,172,56.264895247674005
2024-10-03 20:46:13,59,40.16554331255671
2024-10-03 20:46:15,383,52.21238784577658
2024-10-03 20:46:21,12,72.31922469116195
2024-10-03 20:46:22,328,64.15346185024747
2024-10-03 20:46:28,14,75.41443256898977
2024-10-03 20:46:30,431,53.925149593345274
2024-10-03 20:46:33,226,51.47249913377049
2024-10-03 20:46:36,223,44.10030116304426
2024-10-03 20:46:40,323,62.04368515031244
2024-10-03 20:46:41,100,71.72878422330668
2024-10-03 20:46:47,260,55.80197305467677
2024-10-03 20:46:48,172,60.92490023233255
2024-10-03 20:46:54,81,58.07791483174069
2024-10-03 20:46:56,331,50.08161892379158
2024-10-03 20:47:01,10,62.153484801573335
2024-10-03 20:47:02,405,63.3567786862
2024-10-03 20:47:08,404,62.86648534336635
2024-10-03 20:47:17,459,48.74837635502348
2024-10-03 20:47:23,424,51.68485509731683
2024-10-03 20:47:29,409,65.01137836595203
2024-10-03 20:47:36,16,34.543571252002735
2024-10-03 20:47:37,381,69.03253812504681
2024-10-03 20:47:44,365,64.2692904207471
2024-10-03 20:47:53,406,61.633010152838416
2024-10-03 20:48:01,445,59.722384463154626
2024-10-03 20:48:07,272,59.241824485860285
2024-10-03 20:48:08,121,62.665237553928016
2024-10-03 20:48:15,188,65.47404211516013
2024-10-03 20:48:17,257,48.303129730414895
2024-10-03 20:48:22,80,42.56493532801855
2024-10-03 20:48:23,375,49.95016780831546
2024-10-03 20:48:27,309,56.93397890639006
2024-10-03 20:48:28,155,40.54616289827436
2024-10-03 20:48:32,35,54.53745157805243
2024-10-03 20:48:34,399,55.0055881533536
2024-10-03 20:48:40,396,59.65373290158027
2024-10-03 20:48:48,71,56.579106966943584
2024-10-03 20:48:50,349,60.128487825055316
2024-10-03 20:48:55,27,68.06422027034122
2024-10-03 20:48:56,394,55.947990631276134
2024-10-03 20:49:02,438,54.440330743813284
2024-10-03 20:49:09,164,68.34811951490997
2024-10-03 20:49:11,203,59.13624663231104
2024-10-03 20:49:17,418,62.21004822564334
2024-10-03 20:49:25,361,66.20794111235466
2024-10-03 20:49:32,176,63.4890775635728
2024-10-03 20:49:35,170,70.32744734055044
2024-10-03 20:49:36,434,47.55646471731926
2024-10-03 20:49:40,11,64.9939145029074
2024-10-03 20:49:43,359,57.42096233656198
2024-10-03 20:49:44,77,49.33294306739473
2024-10-03 20:49:51,40,52.59377026013781
2024-10-03 20:49:52,348,68.34670038587159
2024-10-03 20:49:59,21,73.60671916353851
2024-10-03 20:50:00,367,61.65323954303805
2024-10-03 20:50:07,405,56.24690605519585
2024-10-03 20:50:14,25,51.978315568820264
2024-10-03 20:50:15,393,59.652750644378266
2024-10-03 20:50:22,380,64.76569195672982
2024-10-03 20:50:31,273,58.30908179195491
2024-10-03 20:50:32,147,59.104817314616085
2024-10-03 20:50:37,153,56.267387662893455
2024-10-03 20:50:38,277,57.47336607039034
2024-10-03 20:50:46,401,63.73290363165073
2024-10-03 20:50:53,58,40.11290333880086
2024-10-03 20:50:55,352,64.98101385618867
2024-10-03 20:51:00,341,52.554176236186336
2024-10-03 20:51:02,112,58.78328220854779
2024-10-03 20:51:08,364,63.109098496256834
2024-10-03 20:51:15,409,54.42111425979339
2024-10-03 20:51:22,430,59.62805301088537
2024-10-03 20:51:30,152,59.57535780371038
2024-10-03 20:51:31,221,61.528698175588694
2024-10-03 20:51:38,188,51.10596881862407
2024-10-03 20:51:39,225,63.32561214404694
2024-10-03 20:51:47,219,63.09074976190298
2024-10-03 20:51:48,158,60.46134915160199
2024-10-03 20:51:53,186,59.12493846582374
2024-10-03 20:51:54,236,54.41335458731227
2024-10-03 20:52:02,437,57.701431241030484
2024-10-03 20:52:10,107,65.87068367086198
2024-10-03 20:52:12,287,55.31807661569237
2024-10-03 20:52:14,143,45.901602047517216
2024-10-03 20:52:16,270,47.31196832678572
2024-10-03 20:52:20,316,57.60735642217999
2024-10-03 20:52:21,123,45.62170712827407
2024-10-03 20:52:28,66,52.32793866990389
2024-10-03 20:52:29,371,57.58159766051045
2024-10-03 20:52:36,401,61.43207333270344
2024-10-03 20:52:43,299,62.30270022977826
2024-10-03 20:52:46,70,57.970287473470776
2024-10-03 20:52:50,48,39.2812092273495
2024-10-03 20:52:52,373,54.99664784298373
2024-10-03 20:52:57,212,59.951937751503095
2024-10-03 20:52:59,188,50.53684392514157
2024-10-03 20:53:03,337,50.649725752489985
2024-10-03 20:53:04,81,47.50937703550925
2024-10-03 20:53:08,441,45.48639509606483
2024-10-03 20:53:12,46,55.52066498261318
2024-10-03 20:53:13,351,48.465081481172405
2024-10-03 20:53:17,34,56.31719865258217
2024-10-03 20:53:18,389,47.14914240710875
2024-10-03 20:53:22,328,44.86470155566624
2024-10-03 20:53:23,200,50.298116023746616
2024-10-03 20:53:27,342,37.54508595711495
2024-10-03 20:53:30,110,62.54257859365514
2024-10-03 20:53:32,262,57.66729452860867
2024-10-03 20:53:37,166,47.551311062732964
2024-10-03 20:53:38,251,55.23162466144228
2024-10-03 20:53:44,386,59.34751869298729
2024-10-03 20:53:51,397,58.40428286941755
2024-10-03 20:53:59,207,63.089932763070664
2024-10-03 20:54:01,215,60.600254579434
2024-10-03 20:54:06,434,55.52810347955692
2024-10-03 20:54:12,49,48.602253953176444
2024-10-03 20:54:13,380,58.77693219288316
2024-10-03 20:54:18,255,57.3218309005641
2024-10-03 20:54:20,167,71.93762627403869
2024-10-03 20:54:27,89,65.40452986987071
2024-10-03 20:54:28,307,67.58219537329127
2024-10-03 20:54:34,89,69.21325092412134
2024-10-03 20:54:36,280,64.32608201145065
2024-10-03 20:54:42,396,59.03738595936253
2024-10-03 20:54:47,224,50.72434246496618
2024-10-03 20:54:48,192,65.16433101928028
2024-10-03 20:54:55,47,68.87586675870833
2024-10-03 20:54:56,326,61.3142604838953
2024-10-03 20:55:03,431,55.62552323690509
2024-10-03 20:55:10,78,50.946910821875555
2024-10-03 20:55:11,326,59.25526863503787
2024-10-03 20:55:17,122,64.98122179450651
2024-10-03 20:55:19,231,67.42660446592049
2024-10-03 20:55:25,422,58.83078275459019
2024-10-03 20:55:33,413,60.90888544140006
2024-10-03 20:55:39,109,60.740943995262846
2024-10-03 20:55:40,284,56.80980144602808
2024-10-03 20:55:45,263,50.5130406846465
2024-10-03 20:55:46,157,53.97060887947182
2024-10-03 20:55:53,411,62.37906075576945
2024-10-03 20:56:00,129,60.646341897678155
2024-10-03 20:56:01,272,58.648603496449255
2024-10-03 20:56:07,311,67.72968425082306
2024-10-03 20:56:09,68,56.535687035642795
2024-10-03 20:56:14,89,57.88196287264885
2024-10-03 20:56:16,376,53.34958246483481
2024-10-03 20:56:20,181,49.89250159070972
2024-10-03 20:56:21,259,56.519829487885886
2024-10-03 20:56:27,99,59.17879960162512
2024-10-03 20:56:30,295,56.880861057008005
2024-10-03 20:56:32,28,31.617742093314735
2024-10-03 20:56:34,466,49.5392813553475
2024-10-03 20:56:39,260,65.71495493749393
2024-10-03 20:56:41,117,62.44307377525566
2024-10-03 20:56:47,340,53.96840034468815
2024-10-03 20:56:48,106,68.40868237583945
2024-10-03 20:56:55,346,67.4759148973592
2024-10-03 20:56:56,50,67.11582162326361
2024-10-03 20:57:04,30,56.00945842706544
2024-10-03 20:57:05,372,60.355515772285436
2024-10-03 20:57:10,375,52.27760434361394
2024-10-03 20:57:11,58,61.556237765134476
2024-10-03 20:57:17,379,57.31812594377323
2024-10-03 20:57:23,353,51.396758567700566
2024-10-03 20:57:25,51,52.37574011006631
2024-10-03 20:57:28,161,66.38190298535557
2024-10-03 20:57:31,234,48.00787595706766
2024-10-03 20:57:36,264,56.83013359366386
2024-10-03 20:57:37,100,59.92995956288495
2024-10-03 20:57:43,425,60.636497702258346
2024-10-03 20:57:49,168,62.96721800370407
2024-10-03 20:57:51,278,56.68505469332928
2024-10-03 20:57:57,399,63.319502677904175
2024-10-03 20:58:05,387,65.88977758297692
2024-10-03 20:58:12,233,64.21264589644443
2024-10-03 20:58:13,161,46.573835956227356
2024-10-03 20:58:21,275,65.38213815900848
2024-10-03 20:58:22,116,65.57950383334558
2024-10-03 20:58:28,32,72.70063523709821
2024-10-03 20:58:31,338,61.03773839963184
2024-10-03 20:58:36,278,62.94193219607299
2024-10-03 20:58:37,148,49.966800943661454
2024-10-03 20:58:40,329,38.26446071962389
2024-10-03 20:58:42,169,58.47619974720223
2024-10-03 20:58:46,329,55.78572310215609
2024-10-03 20:58:47,95,60.730508198139525
2024-10-03 20:58:53,91,54.86550400691355
2024-10-03 20:58:55,324,63.66570587931049
2024-10-03 20:59:00,13,30.834464007025524
2024-10-03 20:59:01,405,58.385857767737804
2024-10-03 20:59:08,367,65.58070444917347
2024-10-03 20:59:15,301,68.31815241633254
2024-10-03 20:59:16,102,45.21666164158275
2024-10-03 20:59:23,107,60.60042191018148
2024-10-03 20:59:24,310,60.4696178873265
2024-10-03 20:59:31,70,56.63179554004822
2024-10-03 20:59:32,348,66.92454489071483
2024-10-03 20:59:38,201,70.4658262630038
2024-10-03 20:59:39,189,63.283767522730415
2024-10-03 20:59:47,218,53.73305546796787
2024-10-03 20:59:49,185,60.73632122799238
2024-10-03 20:59:52,10,30.387881410029507
2024-10-03 20:59:55,431,45.47842121010003
2024-10-03 20:59:59,95,66.34820190061481
2024-10-03 21:00:01,308,64.87889295050606
2024-10-03 21:00:08,421,61.19104823108945
2024-10-03 21:00:15,470,51.32772402508771
2024-10-03 21:00:20,254,58.69953507145361
2024-10-03 21:00:21,166,58.2295892033154
2024-10-03 21:00:28,244,55.69961340985096
2024-10-03 21:00:29,148,55.33574451189108
2024-10-03 21:00:35,196,55.845063688235044
2024-10-03 21:00:37,181,67.66346856190992
2024-10-03 21:00:43,388,65.22374772499707
2024-10-03 21:00:51,147,53.439080249961734
2024-10-03 21:00:52,264,59.731014844875745
2024-10-03 21:00:59,318,60.204267619645925
2024-10-03 21:01:00,108,49.195993245488566
2024-10-03 21:01:07,378,65.18343363312675
2024-10-03 21:01:15,249,61.90451908345716
2024-10-03 21:01:16,143,54.01494409788108
2024-10-03 21:01:22,369,57.40353626265688
2024-10-03 21:01:25,84,55.16318982227811
2024-10-03 21:01:27,84,51.75983201576537
2024-10-03 21:01:30,350,50.47829629414358
2024-10-03 21:01:35,420,64.47527699957543
2024-10-03 21:01:44,333,70.14220106978364
2024-10-03 21:01:51,398,62.52369813612258
2024-10-03 21:01:59,276,63.591917957335525
2024-10-03 21:02:03,103,64.20454731556917
2024-10-03 21:02:04,104,51.470085119651586
2024-10-03 21:02:08,363,43.06544225913039
2024-10-03 21:02:12,428,64.90550041475657
2024-10-03 21:02:20,95,68.55988265433588
2024-10-03 21:02:21,277,66.37889099834106
2024-10-03 21:02:29,423,56.505033986847266
2024-10-03 21:02:35,234,49.33913452328428
2024-10-03 21:02:36,222,60.05937712243241
2024-10-03 21:02:42,398,55.04837620709582
2024-10-03 21:02:49,255,59.24230287305216
2024-10-03 21:02:50,164,51.38006246846465
2024-10-03 21:02:55,399,58.27801512240198
2024-10-03 21:03:02,407,60.799538967850395
2024-10-03 21:03:09,352,67.14198234918575
2024-10-03 21:03:11,47,45.692509568511205
2024-10-03 21:03:17,76,52.87829111919684
2024-10-03 21:03:18,376,59.17881574765585
2024-10-03 21:03:24,388,62.42207291357232
2024-10-03 21:03:31,25,59.43297064759204
2024-10-03 21:03:32,384,51.93135620714776
2024-10-03 21:03:36,323,55.26133882883634
2024-10-03 21:03:38,84,55.78024852478103
2024-10-03 21:03:44,353,66.48874215821671
2024-10-03 21:03:52,246,66.21350208743415
2024-10-03 21:03:53,93,58.72782810325103
2024-10-03 21:04:00,390,65.05640469333842
2024-10-03 21:04:07,397,63.09201554291633
2024-10-03 21:04:16,413,62.676921539812454
2024-10-03 21:04:23,381,62.70306981623163
2024-10-03 21:04:31,279,63.95573282775647
2024-10-03 21:04:32,103,49.25243156380039
2024-10-03 21:04:39,103,65.75904352541912
2024-10-03 21:04:40,322,57.802208001133614
2024-10-03 21:04:46,244,50.87609490371346
2024-10-03 21:04:47,162,60.23461129267965
2024-10-03 21:04:53,145,69.807157187983
2024-10-03 21:04:55,239,55.24501516043237
2024-10-03 21:05:01,410,57.55645838369988
2024-10-03 21:05:02,20,45.63550982500473
2024-10-03 21:05:09,451,54.41748972537957
2024-10-03 21:05:16,112,74.54368021924037
2024-10-03 21:05:17,240,60.1076997716472
2024-10-03 21:05:24,218,62.37376032908463
2024-10-03 21:05:26,175,46.821299883450536
2024-10-03 21:05:30,262,48.35583327040303
2024-10-03 21:05:31,235,37.88757571917556
2024-10-03 21:05:37,458,50.45043363688374
2024-10-03 21:05:39,8,79.57666453581737
2024-10-03 21:05:42,463,47.92673893687845
2024-10-03 21:05:47,382,60.96437752788112
2024-10-03 21:05:55,330,67.81282112611348
2024-10-03 21:06:02,394,63.76208644296785
2024-10-03 21:06:10,369,59.43821115847642
2024-10-03 21:06:19,403,55.96384593551415
2024-10-03 21:06:26,446,57.272910171811354
2024-10-03 21:06:32,44,64.62749393905042
2024-10-03 21:06:33,371,58.78537486390452
2024-10-03 21:06:38,375,57.16539078805523
2024-10-03 21:06:40,37,45.52640466670884
2024-10-03 21:06:46,354,72.1392559931701
2024-10-03 21:06:54,196,69.32854663227133
2024-10-03 21:06:55,220,60.46696023828683
2024-10-03 21:07:01,438,58.88240781525206
2024-10-03 21:07:09,236,60.35816663692415
2024-10-03 21:07:10,155,74.09614845116893
2024-10-03 21:07:17,402,62.13305361891854
2024-10-03 21:07:25,376,60.67127541997199
2024-10-03 21:07:33,413,55.45041603453075
2024-10-03 21:07:40,450,57.690483465167674
2024-10-03 21:07:46,117,54.95634427139944
2024-10-03 21:07:48,299,55.91402216103433
2024-10-03 21:07:54,237,66.8914951585226
2024-10-03 21:07:55,151,60.8456403423745
2024-10-03 21:08:02,278,53.916001968520604
2024-10-03 21:08:03,137,56.85652572510825
2024-10-03 21:08:08,247,56.03491258597136
2024-10-03 21:08:09,184,62.71832077926501
2024-10-03 21:08:17,392,58.091488588309
2024-10-03 21:08:25,193,56.89860308575712
2024-10-03 21:08:26,178,64.26420528604255
2024-10-03 21:08:33,399,62.69530646596436
2024-10-03 21:08:40,380,57.931616795468365
2024-10-03 21:08:41,39,53.268657921103646
2024-10-03 21:08:48,123,69.56955563655512
2024-10-03 21:08:49,271,51.4752055413582
2024-10-03 21:08:52,282,42.05116323814184
2024-10-03 21:08:55,184,52.41615422868775
2024-10-03 21:09:01,224,56.56219107653586
2024-10-03 21:09:02,203,63.55539570171732
2024-10-03 21:09:06,427,53.14409804211385
2024-10-03 21:09:08,16,70.72753814009995
2024-10-03 21:09:12,221,60.53446159722307
2024-10-03 21:09:13,195,60.665908531563495
2024-10-03 21:09:20,343,70.37726769886895
2024-10-03 21:09:28,371,68.23998403272093
2024-10-03 21:09:37,225,52.89081963177483
2024-10-03 21:09:38,166,60.599314133142435
2024-10-03 21:09:44,423,57.55102645715077
2024-10-03 21:09:52,312,62.09744197200767
2024-10-03 21:09:53,100,51.642401469274944
2024-10-03 21:09:59,483,48.62170833021819
2024-10-03 21:10:03,286,48.48112099085869
2024-10-03 21:10:04,164,50.99376368309902
2024-10-03 21:10:10,112,63.861280218913706
2024-10-03 21:10:11,283,56.900734719785625
2024-10-03 21:10:18,150,65.53170532905166
2024-10-03 21:10:19,283,42.90315571497541
2024-10-03 21:10:25,399,57.507229934519344
2024-10-03 21:10:31,367,52.56864723672872
2024-10-03 21:10:32,40,71.45084188003125
2024-10-03 21:10:38,105,48.019168857820944
2024-10-03 21:10:39,268,51.34446214761012
2024-10-03 21:10:42,361,43.8325654495967
2024-10-03 21:10:44,162,37.83301326438075
2024-10-03 21:10:48,43,47.02663227907539
2024-10-03 21:10:49,349,50.6677125557214
2024-10-03 21:10:56,354,66.43537773258228
2024-10-03 21:11:02,89,54.10545058089137
2024-10-03 21:11:04,356,55.07510711355942
2024-10-03 21:11:09,57,61.21526486549796
2024-10-03 21:11:11,375,58.383687674813125
2024-10-03 21:11:16,417,52.944987586242384
2024-10-03 21:11:22,352,60.241051512121
2024-10-03 21:11:23,49,55.80179204162022
2024-10-03 21:11:30,277,59.84920269747635
2024-10-03 21:11:31,133,48.55607590417265
2024-10-03 21:11:35,172,35.09975222112366
2024-10-03 21:11:36,272,53.5166396486421
2024-10-03 21:11:43,330,76.68632292475438
2024-10-03 21:11:50,116,60.5548489636691
2024-10-03 21:11:51,297,56.328223781207654
2024-10-03 21:11:58,407,58.14909346694479
2024-10-03 21:12:06,370,70.8691614658959
2024-10-03 21:12:14,412,57.883211468824314
2024-10-03 21:12:15,11,63.83335584243202
2024-10-03 21:12:20,57,67.26628813630575
2024-10-03 21:12:21,369,57.41457948157387
2024-10-03 21:12:29,218,60.472267042323104
2024-10-03 21:12:30,147,68.47376531836962
2024-10-03 21:12:37,428,59.09889436569184
2024-10-03 21:12:42,77,68.96974011027393
2024-10-03 21:12:44,387,51.21013637609704
2024-10-03 21:12:50,316,61.901055950035364
2024-10-03 21:12:52,94,58.832074805786995
2024-10-03 21:12:57,445,51.73957348881353
2024-10-03 21:13:03,23,64.20571212528706
2024-10-03 21:13:04,417,56.63800890265977
2024-10-03 21:13:11,327,63.328847432528946
2024-10-03 21:13:12,76,63.44268502147587
2024-10-03 21:13:18,123,61.172554955246014
2024-10-03 21:13:19,277,53.884247165646926
2024-10-03 21:13:26,57,62.55915124539079
2024-10-03 21:13:29,346,60.433222777350394
2024-10-03 21:13:33,370,53.39238940794486
2024-10-03 21:13:34,71,46.66296475168646
2024-10-03 21:13:41,229,66.0852926548176
2024-10-03 21:13:42,214,52.555332117008334
2024-10-03 21:13:46,431,50.57725708768401
2024-10-03 21:13:48,59,54.57560841794804
2024-10-03 21:13:52,222,59.90782946278985
2024-10-03 21:13:53,182,62.08498991529057
2024-10-03 21:13:59,429,60.53819269298313
2024-10-03 21:14:07,194,56.94238467491887
2024-10-03 21:14:08,175,70.5747646575928
2024-10-03 21:14:15,205,72.24695344394685
2024-10-03 21:14:16,197,58.700747660585854
2024-10-03 21:14:23,408,55.33140849362095
2024-10-03 21:14:29,269,57.94214066552691
2024-10-03 21:14:31,123,78.71152829688565
2024-10-03 21:14:36,286,48.990373978111606
2024-10-03 21:14:37,124,58.55158783611686
2024-10-03 21:14:44,386,61.653959637521226
2024-10-03 21:14:50,276,52.87641403345738
2024-10-03 21:14:51,113,66.85252181967654
2024-10-03 21:14:57,437,53.47777034736715
2024-10-03 21:15:04,266,48.22163561385287
2024-10-03 21:15:05,188,49.47712206143006
2024-10-03 21:15:10,399,55.94015953226126
2024-10-03 21:15:17,417,57.6248317965169
2024-10-03 21:15:24,166,55.588730432796545
2024-10-03 21:15:25,207,70.82805603190864
2024-10-03 21:15:32,170,60.80658545127912
2024-10-03 21:15:33,235,62.06166838744485
2024-10-03 21:15:40,393,63.81014037614812
2024-10-03 21:15:47,240,54.83956442183191
2024-10-03 21:15:48,179,60.015665826600426
2024-10-03 21:15:55,217,62.95823197769544
2024-10-03 21:15:56,141,62.32352536175389
2024-10-03 21:16:02,379,62.462858379446416
2024-10-03 21:16:10,19,48.72930954597762
2024-10-03 21:16:12,404,61.28371360890146
2024-10-03 21:16:18,64,55.837467857509225
2024-10-03 21:16:19,303,59.810501622155165
2024-10-03 21:16:25,425,54.942104727496265
2024-10-03 21:16:32,347,60.30109864030572
2024-10-03 21:16:34,93,65.31913258282914
2024-10-03 21:16:39,88,68.09521291584674
2024-10-03 21:16:41,351,51.91241004966617
2024-10-03 21:16:46,431,51.735128039041925
2024-10-03 21:16:52,286,59.63958604035395
2024-10-03 21:16:53,112,62.366574296318866
2024-10-03 21:17:00,416,57.830441460020715
2024-10-03 21:17:07,346,61.18171021837775
2024-10-03 21:17:15,127,60.58875935327
2024-10-03 21:17:17,254,62.50301839962084
2024-10-03 21:17:22,277,55.910014260030486
2024-10-03 21:17:24,127,55.36008896257672
2024-10-03 21:17:29,440,51.129833374155965
2024-10-03 21:17:35,137,66.75001113182063
2024-10-03 21:17:36,260,59.81220815756615
2024-10-03 21:17:44,454,56.753675291550316
2024-10-03 21:17:51,418,64.69284071805195
2024-10-03 21:18:00,406,58.959997255801596
2024-10-03 21:18:08,360,65.84118126461799
2024-10-03 21:18:15,426,60.517738764376055
2024-10-03 21:18:24,101,66.81348821020397
2024-10-03 21:18:25,323,64.87227981747687
2024-10-03 21:18:31,455,53.9008026703183
2024-10-03 21:18:38,35,54.954398587443805
2024-10-03 21:18:39,339,64.2752667786714
2024-10-03 21:18:45,389,55.91871632869234
2024-10-03 21:18:53,382,67.41042109608541
2024-10-03 21:19:01,409,59.04580849448683
2024-10-03 21:19:08,242,56.94412854667818
2024-10-03 21:19:10,195,60.13524796847343
2024-10-03 21:19:16,129,64.79468384164929
2024-10-03 21:19:17,325,47.44653010101116
2024-10-03 21:19:23,410,59.31950518006302
2024-10-03 21:19:32,333,67.64553487034503
2024-10-03 21:19:39,8,58.113127337843
2024-10-03 21:19:42,392,59.48799891922064
2024-10-03 21:19:45,138,49.1334633039231
2024-10-03 21:19:48,278,50.128261353575084
2024-10-03 21:19:52,418,56.30340567527043
2024-10-03 21:20:00,124,48.19990353328619
2024-10-03 21:20:02,291,57.41048206718465
2024-10-03 21:20:06,160,45.3780243992491
2024-10-03 21:20:08,234,60.55623721491294
2024-10-03 21:20:14,403,63.33678569122673
2024-10-03 21:20:21,390,58.12799640861874
2024-10-03 21:20:29,58,70.63319962770977
2024-10-03 21:20:30,308,69.06870960928374
2024-10-03 21:20:36,72,72.75467477064478
2024-10-03 21:20:38,340,58.02214521525906
2024-10-03 21:20:43,52,42.51316792464516
2024-10-03 21:20:44,392,51.11515554670554
2024-10-03 21:20:50,371,58.702000865675096
2024-10-03 21:20:57,251,54.08667575392225
2024-10-03 21:20:59,172,67.63897649263886
2024-10-03 21:21:06,393,61.92007260494651
2024-10-03 21:21:13,126,63.90733184345912
2024-10-03 21:21:14,241,67.85417084170948
2024-10-03 21:21:21,382,56.644037383400395
2024-10-03 21:21:28,140,77.3168803884262
2024-10-03 21:21:30,251,56.96090052538554
2024-10-03 21:21:35,310,49.717797083768446
2024-10-03 21:21:36,140,65.10735841519
2024-10-03 21:21:42,404,56.168487489796355
2024-10-03 21:21:49,152,45.03832715008693
2024-10-03 21:21:50,293,55.34889803548301
2024-10-03 21:21:55,143,46.18183968478572
2024-10-03 21:21:57,324,63.27827652350461
2024-10-03 21:22:02,372,55.844823816105624
2024-10-03 21:22:11,400,61.717941923441096
2024-10-03 21:22:19,364,68.46059667646695
2024-10-03 21:22:27,438,57.219457209736476
2024-10-03 21:22:34,443,55.71357956100321
2024-10-03 21:22:40,343,56.844060301412775
2024-10-03 21:22:42,68,66.83160274682206
2024-10-03 21:22:48,421,57.05529353732841
2024-10-03 21:22:56,120,64.5675711755516
2024-10-03 21:22:58,293,62.15330560386993
2024-10-03 21:23:04,128,51.89045032397011
2024-10-03 21:23:05,322,55.86129286171408
2024-10-03 21:23:09,55,48.76614428230746
2024-10-03 21:23:12,451,48.91784686285925
2024-10-03 21:23:17,324,68.11673298127775
2024-10-03 21:23:18,22,84.265430538562
2024-10-03 21:23:25,412,59.77727202685437
2024-10-03 21:23:26,35,67.59103816788837
2024-10-03 21:23:33,406,59.94838715225531
2024-10-03 21:23:40,94,67.83568214123672
2024-10-03 21:23:42,308,57.466637910266066
2024-10-03 21:23:48,442,59.166839117440894
2024-10-03 21:23:56,65,65.23488426867794
2024-10-03 21:23:57,364,59.015441845651594
2024-10-03 21:24:03,470,59.01573858046824
2024-10-03 21:24:11,418,62.10051048359345
2024-10-03 21:24:17,232,61.57964230074391
2024-10-03 21:24:18,177,64.30759160165279
2024-10-03 21:24:25,286,64.81510674569218
2024-10-03 21:24:27,81,74.58149818340941
2024-10-03 21:24:34,426,55.297499888387705
2024-10-03 21:24:41,407,56.14729378970502
2024-10-03 21:24:49,55,91.6989531799979
2024-10-03 21:24:50,305,71.70170877837671
2024-10-03 21:24:56,389,56.07531861053985
2024-10-03 21:25:02,67,75.27128812464368
2024-10-03 21:25:04,364,52.853777684563944
2024-10-03 21:25:09,385,59.340968235935875
2024-10-03 21:25:11,23,64.35876957062239
2024-10-03 21:25:18,410,65.27350638461584
2024-10-03 21:25:25,366,62.49754452590236
2024-10-03 21:25:26,39,55.44490099683247
2024-10-03 21:25:34,418,62.23304771299328
2024-10-03 21:25:40,105,59.00295618803395
2024-10-03 21:25:41,331,56.24565336495612
2024-10-03 21:25:48,413,62.94407740924962
2024-10-03 21:25:55,13,79.81830400268247
2024-10-03 21:25:56,440,57.35644745943037
2024-10-03 21:26:03,55,77.63869837380184
2024-10-03 21:26:04,305,67.89851672682305
2024-10-03 21:26:09,408,55.23988386976637
2024-10-03 21:26:11,53,49.201974335681136
2024-10-03 21:26:18,431,55.47535467338632
2024-10-03 21:26:25,370,59.671159884628004
2024-10-03 21:26:34,248,59.68433150060434
2024-10-03 21:26:35,157,66.37299973389102
2024-10-03 21:26:41,224,55.36020383914699
2024-10-03 21:26:42,173,72.16251839073567
2024-10-03 21:26:49,429,56.48213966649495
2024-10-03 21:26:53,43,59.984293823511656
2024-10-03 21:26:54,424,53.52202368476087
2024-10-03 21:27:00,382,61.315693609690086
2024-10-03 21:27:03,30,73.37147124045
2024-10-03 21:27:07,231,56.578445895923494
2024-10-03 21:27:09,230,45.22443089136607
2024-10-03 21:27:15,402,60.50545477636913
2024-10-03 21:27:21,352,59.08306567836664
2024-10-03 21:27:22,65,44.65633867683939
2024-10-03 21:27:29,386,63.216452747378646
2024-10-03 21:27:36,82,49.19438094460562
2024-10-03 21:27:37,323,56.59947247455962
2024-10-03 21:27:43,422,55.44108981713779
2024-10-03 21:27:49,392,48.69412777020713
2024-10-03 21:27:50,102,43.83121893841081
2024-10-03 21:27:56,434,54.905880269113034
2024-10-03 21:28:02,198,53.245391687021794
2024-10-03 21:28:05,220,54.66501001662999
2024-10-03 21:28:10,432,52.62318184840119
2024-10-03 21:28:16,446,47.246740497967664
2024-10-03 21:28:23,386,57.39310292700215
2024-10-03 21:28:24,33,47.66117425116309
2024-10-03 21:28:30,437,50.66006709068287
2024-10-03 21:28:36,82,53.17484062620791
2024-10-03 21:28:37,291,55.149775513706196
2024-10-03 21:28:43,12,53.34550887937024
2024-10-03 21:28:44,437,52.15462780792373
2024-10-03 21:28:50,201,62.0374214079951
2024-10-03 21:28:51,214,59.303661787455596
2024-10-03 21:28:56,142,57.707318264994065
2024-10-03 21:28:57,274,52.444755262716974
2024-10-03 21:29:03,253,58.62114569998577
2024-10-03 21:29:04,138,68.40422610867047
2024-10-03 21:29:11,424,55.00704958561916
2024-10-03 21:29:19,83,62.70882713993421
2024-10-03 21:29:21,333,62.41389768852534
2024-10-03 21:29:25,40,37.71341562217826
2024-10-03 21:29:26,409,51.91998638177444
2024-10-03 21:29:32,265,58.239456457104495
2024-10-03 21:29:33,157,64.47301702894671
2024-10-03 21:29:40,169,68.62589580069604
2024-10-03 21:29:41,206,68.5443553849206
2024-10-03 21:29:49,150,54.19432500658354
2024-10-03 21:29:51,258,60.268486668534194
2024-10-03 21:29:54,441,42.87172140584324
2024-10-03 21:29:56,30,35.944817684060986
2024-10-03 21:30:01,174,65.44899268228019
2024-10-03 21:30:02,204,61.53453003874847
2024-10-03 21:30:09,187,56.23351282726952
2024-10-03 21:30:10,221,52.43319760342335
2024-10-03 21:30:16,190,54.29050035363506
2024-10-03 21:30:17,245,52.53747649527221
2024-10-03 21:30:24,150,67.02657623939047
2024-10-03 21:30:27,258,61.37226877186858
2024-10-03 21:30:29,189,60.89480634674722
2024-10-03 21:30:32,253,41.82915757735497
2024-10-03 21:30:38,426,60.5976742685392
2024-10-03 21:30:45,361,66.12180706337942
2024-10-03 21:30:53,30,57.620267850835916
2024-10-03 21:30:55,337,63.94307827117122
2024-10-03 21:31:01,43,41.18471187442075
2024-10-03 21:31:05,407,57.92167506084227
2024-10-03 21:31:06,244,55.113423424696066
2024-10-03 21:31:09,218,42.84571116474254
2024-10-03 21:31:14,360,61.923177884284684
2024-10-03 21:31:15,57,56.7392570172806
2024-10-03 21:31:22,250,60.326346522895385
2024-10-03 21:31:23,152,60.66232007632791
2024-10-03 21:31:29,253,57.19287857693367
2024-10-03 21:31:30,112,57.04630897361017
2024-10-03 21:31:36,401,59.718933457324226
2024-10-03 21:31:45,36,78.72461561714121
2024-10-03 21:31:46,357,62.36265453900362
2024-10-03 21:31:52,351,62.45354940854048
2024-10-03 21:31:53,73,67.03859273957333
2024-10-03 21:32:00,367,65.66095795293359
2024-10-03 21:32:08,292,57.716593372402116
2024-10-03 21:32:09,120,66.93931458356721
2024-10-03 21:32:16,155,54.48946216821956
2024-10-03 21:32:17,246,62.17838115802768
2024-10-03 21:32:23,108,58.80238512053115
2024-10-03 21:32:24,261,58.902351594342676
2024-10-03 21:32:30,90,61.18663326256418
2024-10-03 21:32:33,289,53.2699291412984
2024-10-03 21:32:38,447,47.263202950667505
2024-10-03 21:32:43,134,57.859874592283
2024-10-03 21:32:44,263,60.108333530051084
2024-10-03 21:32:51,403,59.55855589726443
2024-10-03 21:32:58,424,60.66303592413583
2024-10-03 21:33:07,159,61.18276330086994
2024-10-03 21:33:08,197,68.8658012522812
2024-10-03 21:33:13,258,51.80864249032325
2024-10-03 21:33:15,174,55.92624601214334
2024-10-03 21:33:20,408,58.117376350442626
2024-10-03 21:33:22,24,57.83134777634848
2024-10-03 21:33:29,330,66.30715619656908
2024-10-03 21:33:30,56,49.54374923218563
2024-10-03 21:33:34,310,53.30334522526413
2024-10-03 21:33:36,178,44.36927637558262
2024-10-03 21:33:42,26,89.28385440463063
2024-10-03 21:33:44,325,68.82818414924188
2024-10-03 21:33:50,36,66.8892063935492
2024-10-03 21:33:51,389,54.61346363382201
2024-10-03 21:33:57,256,52.592259915219266
2024-10-03 21:34:00,172,65.49231482269613
2024-10-03 21:34:03,341,47.372021634013855
2024-10-03 21:34:06,150,52.64322469350071
2024-10-03 21:34:11,432,60.167156417991826
2024-10-03 21:34:18,432,59.06995155268808
2024-10-03 21:34:25,422,55.609978507467616
2024-10-03 21:34:33,361,62.48602815188536
2024-10-03 21:34:34,44,57.28140652641792
2024-10-03 21:34:40,281,55.26864870879755
2024-10-03 21:34:41,163,67.83958627686773
2024-10-03 21:34:49,438,56.39700923603851
2024-10-03 21:34:54,372,50.299626369396165
2024-10-03 21:34:55,88,42.04131257636438
2024-10-03 21:35:01,35,58.51317941955107
2024-10-03 21:35:02,394,55.3616209448829
2024-10-03 21:35:07,325,58.52816225194243
2024-10-03 21:35:08,113,48.965999253613624
2024-10-03 21:35:13,265,49.50217786248545
2024-10-03 21:35:14,174,63.9201402443853
2024-10-03 21:35:21,268,69.26409331911685
2024-10-03 21:35:22,96,55.32993300697325
2024-10-03 21:35:28,95,64.27336699885339
2024-10-03 21:35:30,322,54.31089537582064
2024-10-03 21:35:37,377,64.49869390157419
2024-10-03 21:35:44,221,73.13165129664405
2024-10-03 21:35:45,119,61.72263800594789
2024-10-03 21:35:51,172,54.144954784789334
2024-10-03 21:35:52,268,60.12835629992588
2024-10-03 21:35:59,245,56.20347780947984
2024-10-03 21:36:00,154,76.28067630056005
2024-10-03 21:36:07,396,62.93685398350668
2024-10-03 21:36:16,369,67.27349834431882
2024-10-03 21:36:23,286,54.54879152498667
2024-10-03 21:36:26,163,53.06950345033921
2024-10-03 21:36:30,398,51.807152009629526
2024-10-03 21:36:31,80,40.86601158929937
2024-10-03 21:36:36,162,56.76709680993469
2024-10-03 21:36:37,237,49.27226264772739
2024-10-03 21:36:41,446,51.53213468727489
2024-10-03 21:36:45,24,37.98077431074845
2024-10-03 21:36:47,425,47.600645702389635
2024-10-03 21:36:51,445,55.95050782641015
2024-10-03 21:36:53,19,55.052658521525835
2024-10-03 21:36:59,405,64.87586666673529
2024-10-03 21:37:07,427,61.955326942595484
2024-10-03 21:37:14,36,62.92698105813989
2024-10-03 21:37:16,377,63.820598327927826
2024-10-03 21:37:22,405,52.37146860142684
2024-10-03 21:37:23,29,42.03015950241202
2024-10-03 21:37:28,108,58.76167497221709
2024-10-03 21:37:29,313,58.811984264309885
2024-10-03 21:37:35,376,54.28424910054227
2024-10-03 21:37:36,39,56.50533709484033
2024-10-03 21:37:43,248,58.76032714348294
2024-10-03 21:37:44,206,49.85226564546658
2024-10-03 21:37:47,106,40.89738209917308
2024-10-03 21:37:49,350,54.30583415715122
2024-10-03 21:37:55,413,60.49261136346578
2024-10-03 21:38:02,402,60.38398002703395
2024-10-03 21:38:10,349,58.73782039653891
2024-10-03 21:38:13,47,61.836430918053416
2024-10-03 21:38:16,56,48.10429689017682
2024-10-03 21:38:19,400,53.77331661233366
2024-10-03 21:38:24,347,55.95335504314882
2024-10-03 21:38:25,61,51.9582086329824
2024-10-03 21:38:32,395,63.96706262552421
2024-10-03 21:38:40,402,61.64932989790141
2024-10-03 21:38:48,93,65.4099804826426
2024-10-03 21:38:49,296,55.487565279472776
2024-10-03 21:38:55,278,58.123372777909395
2024-10-03 21:38:56,150,47.287813270489686
2024-10-03 21:39:03,400,63.90996516699179
2024-10-03 21:39:10,428,63.23330272337424
2024-10-03 21:39:18,426,56.291635057615935
2024-10-03 21:39:19,30,65.40246196314389
2024-10-03 21:39:26,423,59.509712498832066
2024-10-03 21:39:33,163,69.4401765732496
2024-10-03 21:39:34,224,60.44678342234069
2024-10-03 21:39:41,177,59.88673372321413
2024-10-03 21:39:43,238,58.98175716048182
2024-10-03 21:39:48,384,56.12038662527149
2024-10-03 21:39:55,409,50.1131739645286
2024-10-03 21:40:01,79,50.74656743244506
2024-10-03 21:40:04,289,52.65652417368695
2024-10-03 21:40:07,66,44.47649056348178
2024-10-03 21:40:08,287,44.319902896719874
2024-10-03 21:40:10,406,39.22104180768348
2024-10-03 21:40:11,340,40.5600081049705
2024-10-03 21:40:13,190,40.200349214520934
2024-10-03 21:40:14,150,44.95151182326295
2024-10-03 21:40:15,345,38.98951366878191
2024-10-03 21:40:16,163,36.214774148028496
2024-10-03 21:40:17,168,35.58837386877886
2024-10-03 21:40:19,635,38.98397252755356
2024-10-03 21:40:20,140,32.36664868731929
2024-10-03 21:40:21,193,33.320239993237784
2024-10-03 21:40:22,314,35.61392774026054
2024-10-03 21:40:23,161,38.60589523313605
2024-10-03 21:40:24,454,36.280251971228765
2024-10-03 21:40:25,301,32.500090903920814
2024-10-03 21:40:26,306,34.638697129034476
2024-10-03 21:40:27,300,33.68989484373581
2024-10-03 21:40:28,282,34.80773135235016
2024-10-03 21:40:29,297,32.89758492614134
2024-10-03 21:40:30,286,33.23533365469374
2024-10-03 21:40:32,624,33.96099016464261
2024-10-03 21:40:33,620,32.10626531902091
2024-10-03 21:40:34,308,32.77224318772763
2024-10-03 21:40:35,296,33.35191181101638
2024-10-03 21:40:36,597,33.14014996659887
2024-10-03 21:40:37,552,32.8866170852977
2024-10-03 21:40:38,258,33.76785212835432
2024-10-03 21:40:39,498,32.5109583161327
2024-10-03 21:40:40,240,31.01000349664552
2024-10-03 21:40:41,501,32.12342859371513
2024-10-03 21:40:42,250,31.883577680910594
2024-10-03 21:40:43,484,30.73555422093443
2024-10-03 21:40:45,744,31.18736815701918
2024-10-03 21:40:46,479,31.708446529064595
2024-10-03 21:40:47,219,31.26985952160007
2024-10-03 21:40:48,212,30.717201251898263
2024-10-03 21:40:49,699,30.951056410850196
2024-10-03 21:40:50,202,30.706232558347157
2024-10-03 21:40:51,408,33.380995221396944
2024-10-03 21:40:52,443,32.91110740261861
2024-10-03 21:40:53,206,32.9349731580515
2024-10-03 21:40:54,494,30.39940149905647
2024-10-03 21:40:55,388,35.05007723975247
2024-10-03 21:40:56,374,33.45090344403179
2024-10-03 21:40:58,534,34.263250069565764
2024-10-03 21:40:59,378,34.88923688042248
2024-10-03 21:41:00,168,34.48804543935903
2024-10-03 21:41:01,355,34.38418377887582
2024-10-03 21:41:02,137,33.66312006480522
2024-10-03 21:41:03,351,32.97418954485339
2024-10-03 21:41:05,476,35.43046692254486
2024-10-03 21:41:07,482,37.45149982617954
2024-10-03 21:41:09,481,35.07143785051846
2024-10-03 21:41:10,127,33.60604702521772
2024-10-03 21:41:11,207,36.46167225742732
2024-10-03 21:41:12,198,35.064059317503926
2024-10-03 21:41:13,106,41.05046418656155
2024-10-03 21:41:14,305,40.09093369566487
2024-10-03 21:41:15,362,35.653047190537364
2024-10-03 21:41:16,141,33.93084679223822
2024-10-03 21:41:17,64,36.2261921616484
2024-10-03 21:41:18,172,37.05116484956483
2024-10-03 21:41:19,290,34.144207065890754
2024-10-03 21:41:20,148,38.50335563494223
2024-10-03 21:41:21,123,37.82959315706265
2024-10-03 21:41:22,107,40.79032467823346
2024-10-03 21:41:24,114,39.89251239691789
2024-10-03 21:41:25,109,36.486759193048954
2024-10-03 21:41:26,264,34.11560108007163
2024-10-03 21:41:27,128,36.633191185647036
2024-10-03 21:41:28,241,38.01975123757993
2024-10-03 21:41:29,117,37.5616463848774
2024-10-03 21:41:30,117,46.419392865443285
2024-10-03 21:41:31,128,41.97418549577799
2024-10-03 21:41:32,122,45.63014722076419
2024-10-03 21:41:33,163,35.31394217130714
2024-10-03 21:41:34,123,43.530596007585466
2024-10-03 21:41:35,106,47.56426421254777
2024-10-03 21:41:37,104,43.666756559786215
2024-10-03 21:41:38,135,36.53112346089232
2024-10-03 21:41:39,105,43.58166033323277
2024-10-03 21:41:40,118,39.90587660196463
2024-10-03 21:41:41,55,40.49410628652602
2024-10-03 21:41:42,43,44.25845058369203
2024-10-03 21:41:43,214,46.62210284195503
2024-10-03 21:41:44,112,41.89132348003695
2024-10-03 21:41:45,160,36.861914376969565
2024-10-03 21:41:46,124,44.127336100769284
2024-10-03 21:41:48,262,36.548771429034765
2024-10-03 21:41:49,26,33.66491537047819
2024-10-03 21:41:50,40,59.53984187752345
2024-10-03 21:41:51,89,44.80411149403597
2024-10-03 21:41:52,153,40.36293896161555
2024-10-03 21:41:53,212,42.178774531248855
2024-10-03 21:41:54,45,56.25598701129238
2024-10-03 21:41:55,59,54.6152489878579
2024-10-03 21:41:56,45,47.58819551570945
2024-10-03 21:41:57,193,44.171899037137344
2024-10-03 21:41:58,148,38.42287323318928
2024-10-03 21:41:59,49,38.31147182873718
2024-10-03 21:42:00,96,50.38696173590299
2024-10-03 21:42:01,96,48.772394074389204
2024-10-03 21:42:02,140,44.5217924989775
2024-10-03 21:42:04,7,32.404457443264846
2024-10-03 21:42:05,211,45.841092854287965
2024-10-03 21:42:07,110,46.303234481161326
2024-10-03 21:42:09,258,57.16231636234426
2024-10-03 21:42:12,256,47.08932541966357
2024-10-03 21:42:15,267,46.716658531385114
2024-10-03 21:42:18,107,61.23326586795222
2024-10-03 21:42:19,111,47.37998956474641
2024-10-03 21:42:20,108,56.75526431693934
2024-10-03 21:42:22,103,48.099794232955794
2024-10-03 21:42:23,121,44.031129520727966
2024-10-03 21:42:25,124,60.15342791134202
2024-10-03 21:42:27,113,56.177706327357384
2024-10-03 21:42:28,59,37.9218256361216
2024-10-03 21:42:29,126,48.18678735887135
2024-10-03 21:42:30,143,50.2435907888673
2024-10-03 21:42:31,152,46.48960730761548
2024-10-03 21:42:33,44,44.50804854600657
2024-10-03 21:42:34,59,69.36692561284814
2024-10-03 21:42:35,68,50.566816691557825
2024-10-03 21:42:36,156,51.86149095541226
2024-10-03 21:42:38,141,53.22946897400565
2024-10-03 21:42:40,38,43.70737122508071
2024-10-03 21:42:41,97,49.06519426560351
2024-10-03 21:42:42,165,43.52324907883693
2024-10-03 21:42:44,109,65.65448774112078
2024-10-03 21:42:46,129,48.370869073650255
2024-10-03 21:42:48,102,59.04843977168516
2024-10-03 21:42:49,4,42.76468540718625
2024-10-03 21:42:51,112,60.775557400085674
2024-10-03 21:42:53,99,64.39859178687733
2024-10-03 21:42:54,28,42.60351196428562
2024-10-03 21:42:55,184,54.21454872423424
2024-10-03 21:42:56,69,51.9288713163956
2024-10-03 21:42:58,90,53.788023794904355
2024-10-03 21:42:59,13,50.799594777223966
2024-10-03 21:43:01,135,51.808371861338905
2024-10-03 21:43:02,142,40.323426969101824
2024-10-03 21:43:04,166,55.197804466524595
2024-10-03 21:43:06,94,65.009709123796
2024-10-03 21:43:07,35,66.50894305741726
2024-10-03 21:43:08,157,49.329675516045256
2024-10-03 21:43:10,23,57.7209185523773
2024-10-03 21:43:11,107,66.49199268910134
2024-10-03 21:43:13,129,48.49881033689786
2024-10-03 21:43:14,149,50.80536167324216
2024-10-03 21:43:15,20,57.12316281550652
2024-10-03 21:43:18,126,58.29773781106829
2024-10-03 21:43:19,156,57.2538094088026
2024-10-03 21:43:22,167,53.98905931075449
2024-10-03 21:43:24,81,59.749253688313686
2024-10-03 21:43:25,62,42.92223192421116
2024-10-03 21:43:27,131,57.065664050963086
2024-10-03 21:43:30,169,50.5349349600194
2024-10-03 21:43:32,166,53.94213085222903
2024-10-03 21:43:35,17,58.029024687900545
2024-10-03 21:43:36,119,70.24189087533166
2024-10-03 21:43:37,197,48.988803960071834
2024-10-03 21:43:41,180,46.99974311065972
2024-10-03 21:43:42,90,48.61404099141406
2024-10-03 21:43:44,122,57.80591203745978
2024-10-03 21:43:46,228,51.84634152674389
2024-10-03 21:43:48,153,56.265808780574396
2024-10-03 21:43:51,22,39.68481922416538
2024-10-03 21:43:52,124,62.24434175377495
2024-10-03 21:43:53,90,47.02615812679658
2024-10-03 21:43:54,170,39.1869167303627
2024-10-03 21:43:56,159,61.98421984541882
2024-10-03 21:44:00,40,61.81744944900744
2024-10-03 21:44:01,144,57.55474976759503
2024-10-03 21:44:02,222,48.416507646379785
2024-10-03 21:44:03,18,86.86104003630665
2024-10-03 21:44:06,192,56.83691572247445
2024-10-03 21:44:08,104,60.39587423879012
2024-10-03 21:44:09,66,51.14942182436268
2024-10-03 21:44:12,192,61.370819247326864
2024-10-03 21:44:15,134,59.988900762092165
2024-10-03 21:44:17,51,48.13107480851602
2024-10-03 21:44:19,28,68.60289363191112
2024-10-03 21:44:20,177,58.14655181596567
2024-10-03 21:44:22,168,60.1360921228622
2024-10-03 21:44:26,200,57.571770323817
2024-10-03 21:44:29,183,62.06068511830836
2024-10-03 21:44:33,224,60.137165594531375
2024-10-03 21:44:36,47,51.184977913663666
2024-10-03 21:44:38,173,60.43401271180732
2024-10-03 21:44:41,160,70.38152481755854
2024-10-03 21:44:42,29,58.63347922248874
2024-10-03 21:44:46,240,63.84876913761072
2024-10-03 21:44:50,55,52.63903359637989
2024-10-03 21:44:51,154,62.827709324100965
2024-10-03 21:44:54,108,43.787623200561534
2024-10-03 21:44:56,257,49.75748736831242
2024-10-03 21:44:58,198,52.68933522979682
2024-10-03 21:45:00,13,68.52129075348945
2024-10-03 21:45:01,231,57.23786564892812
2024-10-03 21:45:06,279,55.214911768087916
2024-10-03 21:45:09,230,54.465865766447735
2024-10-03 21:45:10,46,74.33365277596296
2024-10-03 21:45:14,261,59.124024677038825
2024-10-03 21:45:18,285,55.40400384927172
2024-10-03 21:45:19,5,51.69140470813661
2024-10-03 21:45:21,159,53.54008030153632
2024-10-03 21:45:22,164,42.25098803749825
2024-10-03 21:45:25,69,51.2182777689029
2024-10-03 21:45:27,218,58.23779450297775
2024-10-03 21:45:31,234,70.51028046294286
2024-10-03 21:45:36,267,55.023911894137115
2024-10-03 21:45:37,7,62.41108305488588
2024-10-03 21:45:40,311,52.19758448925333
2024-10-03 21:45:41,52,50.172276691563724
2024-10-03 21:45:45,284,55.30961182625529
2024-10-03 21:45:49,302,52.299284443640445
2024-10-03 21:45:55,305,60.53544992051707
2024-10-03 21:45:58,129,67.4009345678089
2024-10-03 21:46:00,134,53.24986280271043
2024-10-03 21:46:05,232,65.24304616390347
2024-10-03 21:46:07,17,66.38332108887295
2024-10-03 21:46:12,289,58.6292694221293
2024-10-03 21:46:16,227,56.51818085448727
2024-10-03 21:46:17,109,43.51184113145413
2024-10-03 21:46:21,343,61.443041304885966
2024-10-03 21:46:26,317,55.456515329542185
2024-10-03 21:46:27,25,71.91320534199475
2024-10-03 21:46:32,7,49.95551483725993
2024-10-03 21:46:33,313,67.27679692436215
2024-10-03 21:46:39,86,75.15303308814134
2024-10-03 21:46:40,220,65.13165982432795
2024-10-03 21:46:45,247,59.30015955651326
2024-10-03 21:46:46,92,59.344755115979524
2024-10-03 21:46:51,369,55.267186554843136
2024-10-03 21:46:58,319,63.911444680241424
2024-10-03 21:47:04,246,59.0756053047741
2024-10-03 21:47:05,93,52.56397094588283
2024-10-03 21:47:10,307,67.77140879960889
2024-10-03 21:47:17,348,54.72438765245265
2024-10-03 21:47:23,333,58.30320075545625
2024-10-03 21:47:30,331,61.873643079723635
2024-10-03 21:47:36,310,62.705652387678256
2024-10-03 21:47:42,252,54.32719196655341
2024-10-03 21:47:43,110,64.92484555242089
2024-10-03 21:47:49,367,58.17420526265674
2024-10-03 21:47:55,353,62.70005083761445
2024-10-03 21:48:01,145,60.15205042835912
2024-10-03 21:48:02,163,63.01681880613894
2024-10-03 21:48:08,294,55.52634693229381
2024-10-03 21:48:09,101,58.770078565842624
2024-10-03 21:48:15,380,56.65598253638847
2024-10-03 21:48:22,397,57.70351087347146
2024-10-03 21:48:29,320,54.05509646640731
2024-10-03 21:48:30,92,62.47240321958533
2024-10-03 21:48:35,76,63.0926938564748
2024-10-03 21:48:36,266,54.25049268485819
2024-10-03 21:48:41,151,53.44028881043962
2024-10-03 21:48:42,290,52.82827579325556
2024-10-03 21:48:49,272,60.8074321661983
2024-10-03 21:48:50,103,53.42710544107035
2024-10-03 21:48:56,357,66.57174419540111
2024-10-03 21:49:03,141,62.36135676060748
2024-10-03 21:49:04,206,65.66316522992045
2024-10-03 21:49:12,340,63.40264804562748
2024-10-03 21:49:20,391,63.274081538765586
2024-10-03 21:49:28,380,61.556001039139154
2024-10-03 21:49:35,397,58.51756411397543
2024-10-03 21:49:42,353,65.3963529464098
2024-10-03 21:49:44,25,54.56198027527122
2024-10-03 21:49:51,440,52.67418359070942
2024-10-03 21:49:56,245,64.68577256447527
2024-10-03 21:49:57,125,48.24281460673275
2024-10-03 21:50:04,422,60.814859978360865
2024-10-03 21:50:12,339,62.48457842925639
2024-10-03 21:50:13,21,57.90626350729024
2024-10-03 21:50:20,136,58.15524838541162
2024-10-03 21:50:23,221,60.5172838919448
2024-10-03 21:50:28,424,52.71309368801034
2024-10-03 21:50:33,358,56.581885435247216
2024-10-03 21:50:34,77,35.76394112635066
2024-10-03 21:50:39,133,59.59144586028992
2024-10-03 21:50:40,280,57.76347004635285
2024-10-03 21:50:48,306,49.6991463222267
2024-10-03 21:50:49,118,54.880284810642095
2024-10-03 21:50:56,406,56.48780113270443
2024-10-03 21:51:01,371,47.36335239791141
2024-10-03 21:51:02,39,57.8361489367998
2024-10-03 21:51:07,215,59.99856790087226
2024-10-03 21:51:08,212,57.5870704807761
2024-10-03 21:51:14,194,60.5595951811385
2024-10-03 21:51:15,204,50.523761635891184
2024-10-03 21:51:21,442,51.49100512490595
2024-10-03 21:51:23,15,66.80021424248542
2024-10-03 21:51:27,382,44.4336356483879
2024-10-03 21:51:30,63,76.21572133237746
2024-10-03 21:51:35,392,62.444228591642414
2024-10-03 21:51:43,120,63.589570670011184
2024-10-03 21:51:45,303,54.96917548178884
2024-10-03 21:51:49,243,33.96527578322558
2024-10-03 21:51:50,247,50.37877010887149
2024-10-03 21:51:55,443,51.374671037756514
2024-10-03 21:52:01,417,57.106606165116844
2024-10-03 21:52:08,417,56.924648745088284
2024-10-03 21:52:15,162,61.81265252941774
2024-10-03 21:52:16,288,60.247219681454794
2024-10-03 21:52:23,385,53.85186772323642
2024-10-03 21:52:25,59,68.77655227816851
2024-10-03 21:52:32,439,55.55172697252779
2024-10-03 21:52:36,326,50.12883136626196
2024-10-03 21:52:38,149,54.961881529306844
2024-10-03 21:52:42,284,55.623503368537406
2024-10-03 21:52:43,170,57.30383686043514
2024-10-03 21:52:50,38,85.24328486773004
2024-10-03 21:52:51,294,68.02629621547304
2024-10-03 21:52:57,387,59.01630641106361
2024-10-03 21:52:58,42,51.623075976630226
2024-10-03 21:53:06,15,59.27050727467721
2024-10-03 21:53:09,404,60.38754584400177
2024-10-03 21:53:12,160,47.4049553012343
2024-10-03 21:53:13,335,47.20718112755508
2024-10-03 21:53:19,390,56.52865694550866
2024-10-03 21:53:20,32,39.649930612084134
2024-10-03 21:53:26,416,52.01096184108056
2024-10-03 21:53:33,229,54.89558837247212
2024-10-03 21:53:36,222,59.332433399383106
2024-10-03 21:53:38,8,62.35209114088156
2024-10-03 21:53:40,474,44.327903473715764
2024-10-03 21:53:46,414,59.41400318469797
2024-10-03 21:53:55,413,56.85304864224442
2024-10-03 21:54:02,421,60.98653275980145
2024-10-03 21:54:10,214,56.09284294489936
2024-10-03 21:54:11,187,73.28290875766591
2024-10-03 21:54:19,202,62.587605814860176
2024-10-03 21:54:21,207,56.00652621259944
2024-10-03 21:54:26,423,46.35172893049933
2024-10-03 21:54:27,60,55.25472513396992
2024-10-03 21:54:31,209,41.74480912589171
2024-10-03 21:54:32,245,53.46745349641238
2024-10-03 21:54:37,25,55.11519229882476
2024-10-03 21:54:38,423,49.40628538010146
2024-10-03 21:54:44,286,53.02510229967021
2024-10-03 21:54:45,136,55.5731811918208
2024-10-03 21:54:52,480,49.9073082553479
2024-10-03 21:54:57,281,57.36880624807273
2024-10-03 21:54:58,117,56.18059095658065
2024-10-03 21:55:05,62,63.84338873193452
2024-10-03 21:55:06,341,60.60152975845059
2024-10-03 21:55:14,470,57.316407378156285
2024-10-03 21:55:20,364,54.933223780362056
2024-10-03 21:55:22,106,48.67029366840593
2024-10-03 21:55:27,355,51.876124148284354
2024-10-03 21:55:28,104,66.78040728350598
2024-10-03 21:55:33,91,70.19944467460223
2024-10-03 21:55:35,253,57.41603063285135
2024-10-03 21:55:41,362,62.550748000580676
2024-10-03 21:55:42,49,48.85490944652546
2024-10-03 21:55:48,383,61.49232770182058
2024-10-03 21:55:49,62,59.67500958860847
2024-10-03 21:55:57,354,63.696947386990075
2024-10-03 21:56:04,210,64.51067960693342
2024-10-03 21:56:06,224,59.09920055091014
2024-10-03 21:56:12,229,50.89164146149046
2024-10-03 21:56:13,241,52.69139288009864
2024-10-03 21:56:19,244,52.39069570406487
2024-10-03 21:56:21,174,49.499160178578016
2024-10-03 21:56:27,374,47.53120089028655
2024-10-03 21:56:28,39,64.01577259163159
2024-10-03 21:56:30,14,54.39680610745304
2024-10-03 21:56:32,437,49.971469694780765
2024-10-03 21:56:38,205,62.7372133511231
2024-10-03 21:56:39,201,66.16175480057782
2024-10-03 21:56:46,66,66.4532283741997
2024-10-03 21:56:48,308,68.45470903980569
2024-10-03 21:56:54,441,46.701636951285614
2024-10-03 21:56:55,60,57.295243436234195
2024-10-03 21:57:02,332,70.88114344415419
2024-10-03 21:57:03,71,60.07113974257153
2024-10-03 21:57:07,229,47.90416949977699
2024-10-03 21:57:08,236,60.78583473274165
2024-10-03 21:57:15,212,58.91104816317185
2024-10-03 21:57:16,236,57.850517441321635
2024-10-03 21:57:24,453,60.27151017059716
2024-10-03 21:57:29,206,54.65743197415201
2024-10-03 21:57:30,193,58.50424272395609
2024-10-03 21:57:37,415,55.04130524210239
2024-10-03 21:57:45,361,60.39631242139413
2024-10-03 21:57:52,65,63.58875432145802
2024-10-03 21:57:54,352,67.53660149544015
2024-10-03 21:57:59,127,67.90975097877003
2024-10-03 21:58:01,273,54.201307297812335
2024-10-03 21:58:07,383,66.51808042063922
2024-10-03 21:58:15,150,61.6611858214636
2024-10-03 21:58:16,239,68.16084155417289
2024-10-03 21:58:23,432,57.644509097402256
2024-10-03 21:58:30,227,57.55758255057652
2024-10-03 21:58:31,139,61.485830513455355
2024-10-03 21:58:38,230,51.97240724251737
2024-10-03 21:58:40,173,64.62146640671398
2024-10-03 21:58:46,152,66.8802271115079
2024-10-03 21:58:47,273,55.3780970284045
2024-10-03 21:58:53,432,61.29948383286681
2024-10-03 21:59:01,431,62.31639647815664
2024-10-03 21:59:09,335,66.88680066206767
2024-10-03 21:59:18,197,63.311294540152396
2024-10-03 21:59:19,158,69.79952073570408
2024-10-03 21:59:25,397,58.87352146951807
2024-10-03 21:59:32,305,70.5694908970849
2024-10-03 21:59:40,121,69.04435610910518
2024-10-03 21:59:41,323,56.27180454950439
2024-10-03 21:59:49,427,57.40499046813159
2024-10-03 21:59:55,413,62.17535967224581
2024-10-03 22:00:04,434,58.31191358501229
2024-10-03 22:00:10,396,58.748200615821276
2024-10-03 22:00:11,36,57.43568418031012
2024-10-03 22:00:18,398,59.73258389040813
2024-10-03 22:00:27,383,57.82656940688231
2024-10-03 22:00:34,434,59.82242187528868
2024-10-03 22:00:42,264,58.692144376507365
2024-10-03 22:00:44,111,58.92177250174192
2024-10-03 22:00:50,146,67.109664012285
2024-10-03 22:00:51,250,68.38058618686667
2024-10-03 22:00:59,72,65.82211896803537
2024-10-03 22:01:01,334,66.24046457627664
2024-10-03 22:01:05,363,54.870045415973095
2024-10-03 22:01:07,59,59.01628145464093
2024-10-03 22:01:12,64,70.80979393327131
2024-10-03 22:01:13,324,59.240177770160834
2024-10-03 22:01:19,220,70.7106873306669
2024-10-03 22:01:20,93,70.22868824268
2024-10-03 22:01:27,410,59.910301893587786
2024-10-03 22:01:35,179,57.84424254739655
2024-10-03 22:01:36,236,72.36736590671688
2024-10-03 22:01:43,443,49.32378442459228
2024-10-03 22:01:50,406,63.035931621736474
2024-10-03 22:01:56,182,65.20793003261454
2024-10-03 22:01:57,210,60.65133589277663
2024-10-03 22:02:05,299,56.35230685062757
2024-10-03 22:02:06,121,53.462715124443655
2024-10-03 22:02:12,227,59.37381028188619
2024-10-03 22:02:13,203,60.60318403531301
2024-10-03 22:02:19,255,62.332857122673126
2024-10-03 22:02:20,166,59.66469604161905
2024-10-03 22:02:27,332,53.24807970265435
2024-10-03 22:02:28,117,47.190872684679896
2024-10-03 22:02:35,418,62.12149599624687
2024-10-03 22:02:42,48,85.10129656485424
2024-10-03 22:02:43,342,56.87829425882514
2024-10-03 22:02:48,309,59.81049718891718
2024-10-03 22:02:49,109,60.1398492186249
2024-10-03 22:02:55,445,51.66312832464729
2024-10-03 22:02:59,356,47.54987137581441
2024-10-03 22:03:01,116,67.68934925540454
2024-10-03 22:03:08,396,65.52622951382281
2024-10-03 22:03:14,174,60.34178075393174
2024-10-03 22:03:17,230,63.58522372907382
2024-10-03 22:03:20,22,40.86331283751983
2024-10-03 22:03:22,418,48.8814145381157
2024-10-03 22:03:27,284,49.23974738761259
2024-10-03 22:03:29,159,65.06824543325213
2024-10-03 22:03:34,17,86.7007741504451
2024-10-03 22:03:36,462,47.86061086591483
2024-10-03 22:03:39,344,48.91679977154003
2024-10-03 22:03:41,108,59.97324392055185
2024-10-03 22:03:47,384,65.03955404255727
2024-10-03 22:03:55,245,69.19680692144615
2024-10-03 22:03:58,103,65.42483284657187
2024-10-03 22:04:01,142,52.95994876357956
2024-10-03 22:04:03,331,45.63645117601063
2024-10-03 22:04:08,39,61.80297024853068
2024-10-03 22:04:09,377,59.43208302470765
2024-10-03 22:04:15,413,60.059118602764734
2024-10-03 22:04:22,425,61.55091809802817
2024-10-03 22:04:29,104,55.1042949768478
2024-10-03 22:04:32,272,65.23012176885783
2024-10-03 22:04:37,489,49.03361501732632
2024-10-03 22:04:43,416,61.713127101912384
2024-10-03 22:04:50,419,63.10495835101984
2024-10-03 22:04:58,323,64.67150194505933
2024-10-03 22:04:59,73,50.43472500913232
2024-10-03 22:05:06,72,54.79815702561641
2024-10-03 22:05:07,359,53.99758514149272
2024-10-03 22:05:13,95,65.52967681647
2024-10-03 22:05:14,284,61.108649202752915
2024-10-03 22:05:22,434,52.86301967300824
2024-10-03 22:05:27,264,54.25279649696188
2024-10-03 22:05:28,163,53.55754649692854
2024-10-03 22:05:36,433,58.18951593680879
2024-10-03 22:05:43,422,53.24241203972505
2024-10-03 22:05:50,43,82.29598768574193
2024-10-03 22:05:51,356,56.483299374360634
2024-10-03 22:05:56,258,58.72964579384709
2024-10-03 22:05:57,190,45.08456031546691
2024-10-03 22:06:03,303,60.342880332384205
2024-10-03 22:06:04,123,55.78615641124272
2024-10-03 22:06:10,468,53.04238786997906
2024-10-03 22:06:15,102,47.50821907594234
2024-10-03 22:06:16,300,58.27705447363416
2024-10-03 22:06:23,375,66.38572753203702
2024-10-03 22:06:31,134,62.54633432344869
2024-10-03 22:06:32,229,67.74833447817956
2024-10-03 22:06:39,413,54.358399471021606
2024-10-03 22:06:46,429,56.16465754584206
2024-10-03 22:06:47,17,62.389788172016736
2024-10-03 22:06:52,241,46.637531546135484
2024-10-03 22:06:54,191,47.83530900800937
2024-10-03 22:06:59,349,52.049930955055174
2024-10-03 22:07:00,89,58.02645131632061
2024-10-03 22:07:06,54,71.61377651698528
2024-10-03 22:07:07,369,52.58043651246883
2024-10-03 22:07:12,386,60.39980877681191
2024-10-03 22:07:13,47,58.92094077432033
2024-10-03 22:07:20,228,54.39741219796044
2024-10-03 22:07:21,163,61.13450270963241
2024-10-03 22:07:28,467,52.353321801367315
2024-10-03 22:07:34,430,53.6644314573572
2024-10-03 22:07:40,70,56.26574604776367
2024-10-03 22:07:41,362,57.22097140224915
2024-10-03 22:07:47,376,66.10279421036847
2024-10-03 22:07:56,113,66.85538656587018
2024-10-03 22:07:57,293,61.05460951541379
2024-10-03 22:08:03,312,53.262336134456596
2024-10-03 22:08:04,105,47.179952006152035
2024-10-03 22:08:10,408,54.46248756816151
2024-10-03 22:08:18,309,61.98850822266826
2024-10-03 22:08:19,86,62.103058594158135
2024-10-03 22:08:25,227,55.03108040506676
2024-10-03 22:08:26,149,57.783244840909
2024-10-03 22:08:32,433,57.115924345987686
2024-10-03 22:08:40,442,57.33794606931261
2024-10-03 22:08:47,425,62.14770614096942
2024-10-03 22:08:55,175,68.14556064305758
2024-10-03 22:08:56,147,61.360232390686974
2024-10-03 22:09:03,395,60.53650569148919
2024-10-03 22:09:10,271,62.62885436516144
2024-10-03 22:09:11,154,55.321818837721494
2024-10-03 22:09:18,73,64.45803073075147
2024-10-03 22:09:19,328,65.86638740836045
2024-10-03 22:09:26,39,64.86296632449407
2024-10-03 22:09:28,365,62.07292656320542
2024-10-03 22:09:32,129,53.81853302313675
2024-10-03 22:09:35,307,42.33394576297718
2024-10-03 22:09:39,315,60.05036981905588
2024-10-03 22:09:41,88,61.08320969176302
2024-10-03 22:09:48,416,57.827765732953566
2024-10-03 22:09:54,463,53.044598045258255
2024-10-03 22:10:02,385,64.10598172625673
2024-10-03 22:10:09,256,54.02224113123102
2024-10-03 22:10:10,131,66.35356476562235
2024-10-03 22:10:18,247,54.38996859611272
2024-10-03 22:10:19,195,49.63792463718124
2024-10-03 22:10:25,390,56.04424116327705
2024-10-03 22:10:26,53,42.243297261372014
2024-10-03 22:10:29,61,41.40533851033716
2024-10-03 22:10:32,391,49.16295363296226
2024-10-03 22:10:35,163,62.600557840360985
2024-10-03 22:10:36,271,59.82440057614095
2024-10-03 22:10:44,412,61.6763306218812
2024-10-03 22:10:52,437,61.09064918909558
2024-10-03 22:10:58,316,60.66023420708176
2024-10-03 22:11:00,71,64.23950096135206
2024-10-03 22:11:05,394,58.56978159866789
2024-10-03 22:11:13,296,59.62934913647074
2024-10-03 22:11:14,98,54.07054042558373
2024-10-03 22:11:19,250,60.59897016561251
2024-10-03 22:11:21,144,67.97954827927157
2024-10-03 22:11:28,428,59.00471346180639
2024-10-03 22:11:36,21,62.393489855582004
2024-10-03 22:11:37,373,59.509346818452336
2024-10-03 22:11:43,418,54.69408526978311
2024-10-03 22:11:44,21,70.29894349957966
2024-10-03 22:11:49,385,58.69001780398715
2024-10-03 22:11:50,60,63.81682923633113
2024-10-03 22:11:56,215,55.48966623899144
2024-10-03 22:11:57,210,49.000556916334126
2024-10-03 22:12:03,235,59.700654410691406
2024-10-03 22:12:04,140,69.41043029892951
2024-10-03 22:12:11,426,59.339704189055034
2024-10-03 22:12:18,364,57.257448908515
2024-10-03 22:12:19,50,62.4184096398168
2024-10-03 22:12:26,129,51.95322616586752
2024-10-03 22:12:27,285,59.0519859685073
2024-10-03 22:12:33,438,51.74038040986453
2024-10-03 22:12:40,280,62.1664581879623
2024-10-03 22:12:41,168,43.03222310498407
2024-10-03 22:12:48,229,57.59243947122341
2024-10-03 22:12:49,175,57.19412227989305
2024-10-03 22:12:55,80,50.297318374835115
2024-10-03 22:12:57,358,55.07138787655607
2024-10-03 22:13:02,355,55.60692601127024
2024-10-03 22:13:10,375,69.40326303183285
2024-10-03 22:13:18,429,60.19247522558983
2024-10-03 22:13:25,393,59.74358291373419
2024-10-03 22:13:31,180,59.73607611561849
2024-10-03 22:13:33,218,61.4971699433955
2024-10-03 22:13:39,143,56.852916955581414
2024-10-03 22:13:40,248,60.200485703235394
2024-10-03 22:13:47,145,60.73594278635072
2024-10-03 22:13:48,268,56.81062554858993
2024-10-03 22:13:55,417,54.723122078993626
2024-10-03 22:14:00,343,57.646781038914966
2024-10-03 22:14:01,53,41.306030142337555
2024-10-03 22:14:08,10,81.2773162508071
2024-10-03 22:14:09,360,59.617036979157184
2024-10-03 22:14:15,19,63.133216700511746
2024-10-03 22:14:17,399,57.97801008683693
2024-10-03 22:14:23,136,78.26847057221725
2024-10-03 22:14:24,265,59.70027867399001
2024-10-03 22:14:31,137,53.53282664928761
2024-10-03 22:14:32,248,59.903116488252074
2024-10-03 22:14:38,434,62.02327224006889
2024-10-03 22:14:45,407,54.9768746519395
2024-10-03 22:14:46,19,47.30772315628507
2024-10-03 22:14:52,351,58.14814893109753
2024-10-03 22:14:53,102,66.10468690374277
2024-10-03 22:15:00,143,64.95632733306891
2024-10-03 22:15:01,211,63.66103280500595
2024-10-03 22:15:09,206,49.637083083714984
2024-10-03 22:15:11,222,58.63996906168043
2024-10-03 22:15:15,234,47.875818874372285
2024-10-03 22:15:16,157,46.94801975894639
2024-10-03 22:15:21,413,55.83443440152075
2024-10-03 22:15:28,440,56.84373988037366
2024-10-03 22:15:35,226,59.92188991537787
2024-10-03 22:15:36,139,67.8417809764068
2024-10-03 22:15:43,161,63.93746755977847
2024-10-03 22:15:45,235,50.41087517549232
2024-10-03 22:15:50,327,54.51628571321491
2024-10-03 22:15:51,126,38.294683124529065
2024-10-03 22:15:55,492,47.01209004537278
2024-10-03 22:15:58,93,41.77411890686207
2024-10-03 22:16:01,363,53.856622643456966
2024-10-03 22:16:06,421,53.863652269468794
2024-10-03 22:16:14,423,56.69537859324901
2024-10-03 22:16:21,382,56.14632380189629
2024-10-03 22:16:22,33,51.473244839038856
2024-10-03 22:16:29,116,66.51169383811303
2024-10-03 22:16:30,274,62.193387956087726
2024-10-03 22:16:37,402,61.26905457416902
2024-10-03 22:16:43,133,56.12827013115189
2024-10-03 22:16:45,277,61.8710611655625
2024-10-03 22:16:51,443,54.07838695710704
2024-10-03 22:16:52,22,58.534351569848695
2024-10-03 22:16:58,178,53.0616810447824
2024-10-03 22:16:59,265,46.1121168042639
2024-10-03 22:17:03,337,58.18508805953846
2024-10-03 22:17:04,104,44.66490352960916
2024-10-03 22:17:11,450,60.34860397083966
2024-10-03 22:17:19,430,58.22416698311302
2024-10-03 22:17:25,115,53.25067227258724
2024-10-03 22:17:26,311,57.056058006997716
2024-10-03 22:17:33,244,47.9143686571889
2024-10-03 22:17:35,193,74.30233733630396
2024-10-03 22:17:39,411,54.32597194954993
2024-10-03 22:17:41,27,68.21291746124845
2024-10-03 22:17:48,259,59.6915668111599
2024-10-03 22:17:49,160,64.64712677817991
2024-10-03 22:17:55,169,56.36132343217259
2024-10-03 22:17:56,258,54.974420956882746
2024-10-03 22:18:00,197,55.323684271614255
2024-10-03 22:18:01,203,53.19974778469358
2024-10-03 22:18:09,408,62.38081115869932
2024-10-03 22:18:10,16,66.45856846539468
2024-10-03 22:18:15,169,60.728770485944025
2024-10-03 22:18:16,275,47.98775699373515
2024-10-03 22:18:22,169,62.461762328670254
2024-10-03 22:18:23,281,51.79859658110301
2024-10-03 22:18:29,361,63.25648187606899
2024-10-03 22:18:30,18,87.48823615781572
2024-10-03 22:18:35,148,57.37821927551398
2024-10-03 22:18:36,252,66.40230581484711
2024-10-03 22:18:43,63,54.9547993673686
2024-10-03 22:18:45,333,67.97416657186925
2024-10-03 22:18:51,407,51.72031090688077
2024-10-03 22:18:52,37,72.92495997855646
2024-10-03 22:18:58,220,62.37014734599239
2024-10-03 22:18:59,206,54.641441842384005
2024-10-03 22:19:07,440,59.621383703363485
2024-10-03 22:19:12,343,51.07253593025452
2024-10-03 22:19:13,96,56.230390726702346
2024-10-03 22:19:21,453,57.56473670326455
2024-10-03 22:19:26,206,56.475726162296425
2024-10-03 22:19:27,181,51.62234087975164
2024-10-03 22:19:33,293,64.39420596523142
2024-10-03 22:19:35,50,79.2405666792657
2024-10-03 22:19:41,69,52.40642566705148
2024-10-03 22:19:42,350,57.81983836885328
2024-10-03 22:19:49,412,62.87147308102084
2024-10-03 22:19:58,387,63.34446068512975
2024-10-03 22:20:05,337,66.83475039202207
2024-10-03 22:20:14,161,55.15516922171857
2024-10-03 22:20:16,299,60.71650683246697
2024-10-03 22:20:21,445,50.3232003314822
2024-10-03 22:20:27,459,52.69132988149888
2024-10-03 22:20:34,449,59.091534114012084
2024-10-03 22:20:42,126,65.87894350482686
2024-10-03 22:20:43,230,65.98277049106356
2024-10-03 22:20:49,377,57.01134025957361
2024-10-03 22:20:50,60,56.82974096918083
2024-10-03 22:20:56,355,66.27082805117489
2024-10-03 22:21:05,398,64.5728894215097
2024-10-03 22:21:13,405,61.65570348292174
2024-10-03 22:21:20,393,57.12921084205169
2024-10-03 22:21:28,411,60.90929104133991
2024-10-03 22:21:35,357,72.11666145911568
2024-10-03 22:21:43,309,60.05713548118234
2024-10-03 22:21:44,113,54.98554923167552
2024-10-03 22:21:52,287,63.29721706895218
2024-10-03 22:21:53,95,55.80131485814904
2024-10-03 22:21:58,45,55.8557536293311
2024-10-03 22:21:59,375,58.87795377467776
2024-10-03 22:22:06,312,70.89658904174824
2024-10-03 22:22:07,68,56.76725473379488
2024-10-03 22:22:13,312,47.37555415694254
2024-10-03 22:22:14,127,67.48696203051574
2024-10-03 22:22:21,80,65.04604120638508
2024-10-03 22:22:22,276,68.30759765774945
2024-10-03 22:22:28,79,51.41324862103479
2024-10-03 22:22:29,350,55.77234457382579
2024-10-03 22:22:37,104,68.13654957825086
2024-10-03 22:22:38,312,67.10180914203995
2024-10-03 22:22:43,88,52.01912367357886
2024-10-03 22:22:44,378,47.569798114516985
2024-10-03 22:22:50,413,57.47208352693632
2024-10-03 22:22:57,389,58.366321124976004
2024-10-03 22:23:04,93,53.69803919852239
2024-10-03 22:23:05,303,57.55979916191559
2024-10-03 22:23:13,29,67.33428550425019
2024-10-03 22:23:14,333,65.31754795698514
2024-10-03 22:23:20,424,54.577945280277866
2024-10-03 22:23:21,14,74.50611176144932
2024-10-03 22:23:28,97,62.99835945607333
2024-10-03 22:23:32,545,57.03488647080544
2024-10-03 22:23:36,165,43.30280312653098
2024-10-03 22:23:40,51,51.04977285643967
2024-10-03 22:23:42,307,56.44172156619983
2024-10-03 22:23:48,386,58.33950803337529
2024-10-03 22:23:55,425,56.87917281836119
2024-10-03 22:24:02,466,61.23853796520201
2024-10-03 22:24:09,475,56.778869974748645
2024-10-03 22:24:15,60,67.1645941924763
2024-10-03 22:24:17,411,56.28630557986264
2024-10-03 22:24:23,406,63.403285341603336
2024-10-03 22:24:32,227,66.62619231547883
2024-10-03 22:24:35,189,66.08129702484153
2024-10-03 22:24:38,483,42.47821242321336
2024-10-03 22:24:39,35,47.09644610375204
2024-10-03 22:24:44,436,53.944447990422525
2024-10-03 22:24:51,415,58.268570128954984
2024-10-03 22:24:58,371,64.22996786216261
2024-10-03 22:25:05,122,56.01627332540148
2024-10-03 22:25:06,257,70.12599169156574
2024-10-03 22:25:13,416,56.579262479881784
2024-10-03 22:25:21,24,92.69660011199203
2024-10-03 22:25:22,404,59.06998650997532
2024-10-03 22:25:28,194,67.18560678391228
2024-10-03 22:25:29,221,55.01761334570494
2024-10-03 22:25:35,383,56.663935832585615
2024-10-03 22:25:37,37,75.54849534806867
2024-10-03 22:25:43,404,60.605555280457246
2024-10-03 22:25:51,373,59.32776144178457
2024-10-03 22:25:58,35,63.23256086220386
2024-10-03 22:25:59,385,56.34220672543938
2024-10-03 22:26:06,278,54.67922026091202
2024-10-03 22:26:09,142,64.07083335344926
2024-10-03 22:26:11,353,40.670504683425705
2024-10-03 22:26:14,102,57.95714878744318
2024-10-03 22:26:20,341,61.72285644736158
2024-10-03 22:26:22,41,58.61480650874868
2024-10-03 22:26:25,35,44.93894929309306
2024-10-03 22:26:27,457,47.51075505977322
2024-10-03 22:26:34,300,78.02722762538652
2024-10-03 22:26:41,282,53.28100047037054
2024-10-03 22:26:42,154,59.27312408069302
2024-10-03 22:26:49,349,55.27073830068842
2024-10-03 22:26:51,74,69.12938525519466
2024-10-03 22:26:56,393,56.4051493977889
2024-10-03 22:27:02,303,69.44452737328228
2024-10-03 22:27:03,34,68.67533124695757
2024-10-03 22:27:11,456,54.139032441811004
2024-10-03 22:27:17,251,48.53924385418424
2024-10-03 22:27:18,162,62.13950411046582
2024-10-03 22:27:24,180,73.08064206172062
2024-10-03 22:27:25,208,59.59000230225365
2024-10-03 22:27:32,243,59.470395499510055
2024-10-03 22:27:33,171,61.981062829406866
2024-10-03 22:27:40,399,58.92470291792654
2024-10-03 22:27:48,389,59.451051813302044
2024-10-03 22:27:55,20,44.32252019447364
2024-10-03 22:27:56,435,56.94707190554086
2024-10-03 22:28:02,83,49.14919423877332
2024-10-03 22:28:03,324,63.8495975999079
2024-10-03 22:28:10,119,69.62836275741364
2024-10-03 22:28:11,223,73.192064173547
2024-10-03 22:28:18,138,64.21272358139247
2024-10-03 22:28:22,283,61.875193671503254
2024-10-03 22:28:23,383,40.90499990380758
2024-10-03 22:28:27,89,57.931235422396306
2024-10-03 22:28:32,449,57.00146464243793
2024-10-03 22:28:39,351,67.60631475921727
2024-10-03 22:28:41,53,56.81404068354755
2024-10-03 22:28:46,271,52.00421453969584
2024-10-03 22:28:47,154,57.020816280780416
2024-10-03 22:28:52,394,61.402554950330305
2024-10-03 22:29:00,422,59.16427269728451
2024-10-03 22:29:07,340,60.19912503684415
2024-10-03 22:29:08,56,52.20620401554563
2024-10-03 22:29:16,395,60.40727574110182
2024-10-03 22:29:24,156,68.25711042169641
2024-10-03 22:29:25,249,56.28558898022606
2024-10-03 22:29:31,425,63.84460508189403
2024-10-03 22:29:39,309,74.81654380455826
2024-10-03 22:29:47,399,63.522767759048655
2024-10-03 22:29:56,429,56.91450319982256
2024-10-03 22:30:03,244,67.28040088346563
2024-10-03 22:30:04,103,62.93853788793681
2024-10-03 22:30:11,300,65.20013598966239
2024-10-03 22:30:12,98,59.41774808983753
2024-10-03 22:30:19,334,68.08724532774026
2024-10-03 22:30:27,343,64.1741121431694
2024-10-03 22:30:28,30,63.905897791759635
2024-10-03 22:30:35,392,54.65017581725902
2024-10-03 22:30:41,444,52.67477762542818
2024-10-03 22:30:47,116,48.66249578497285
2024-10-03 22:30:48,294,56.334456839744014
2024-10-03 22:30:54,412,56.072686541246156
2024-10-03 22:30:55,47,54.10302109553865
2024-10-03 22:31:02,295,60.76154609247206
2024-10-03 22:31:03,91,67.25037118753717
2024-10-03 22:31:10,121,58.01166177896638
2024-10-03 22:31:11,316,60.974540342694716
2024-10-03 22:31:17,370,61.78406340005588
2024-10-03 22:31:18,32,57.604518671896905
2024-10-03 22:31:25,155,67.44511906412141
2024-10-03 22:31:26,278,58.32299882407565
2024-10-03 22:31:32,295,53.48587835550659
2024-10-03 22:31:33,106,71.06457770904777
2024-10-03 22:31:41,372,59.07412390642366
2024-10-03 22:31:48,398,58.7143576816095
2024-10-03 22:31:57,361,63.73325603888311
2024-10-03 22:32:05,402,62.0011773614673
2024-10-03 22:32:11,381,57.70826399732136
2024-10-03 22:32:12,31,49.849334726656586
2024-10-03 22:32:19,133,66.95451353923806
2024-10-03 22:32:20,265,67.09945787740337
2024-10-03 22:32:27,316,56.84732827576501
2024-10-03 22:32:28,103,61.387257226167684
2024-10-03 22:32:34,435,54.082869580249074
2024-10-03 22:32:40,51,72.75118111540208
2024-10-03 22:32:41,402,54.58001211305226
2024-10-03 22:32:47,350,60.99446835806123
2024-10-03 22:32:49,45,54.45867336787624
2024-10-03 22:32:55,491,50.57345552949882
2024-10-03 22:33:00,433,58.23226558153186
2024-10-03 22:33:08,362,61.70176290606988
2024-10-03 22:33:15,378,65.34002947917928
2024-10-03 22:33:23,65,54.12567531483404
2024-10-03 22:33:24,345,60.451802559349204
2024-10-03 22:33:31,424,63.349117225459075
2024-10-03 22:33:39,396,57.687806123813175
2024-10-03 22:33:46,99,65.90340099639886
2024-10-03 22:33:47,324,56.18500797063752
2024-10-03 22:33:54,487,51.559014000494386
2024-10-03 22:34:02,366,56.10118054235353
2024-10-03 22:34:03,41,53.19011755066411
2024-10-03 22:34:08,444,47.18279638598274
2024-10-03 22:34:09,11,74.26953872080058
2024-10-03 22:34:14,418,60.854399586692054
2024-10-03 22:34:21,40,69.23821567513806
2024-10-03 22:34:22,394,58.90567164064455
2024-10-03 22:34:29,398,57.40208243304478
2024-10-03 22:34:37,432,52.49668867415947
2024-10-03 22:34:43,20,83.10334562170526
2024-10-03 22:34:44,413,56.04407009972187
2024-10-03 22:34:50,448,55.48540097266398
2024-10-03 22:34:58,425,56.44245523336894
2024-10-03 22:35:05,107,58.56304611098602
2024-10-03 22:35:06,313,55.026432129471985
2024-10-03 22:35:12,464,53.72815969342018
2024-10-03 22:35:19,219,57.056593114260394
2024-10-03 22:35:20,147,55.68076987849986
2024-10-03 22:35:25,302,56.91590815305638
2024-10-03 22:35:26,93,57.24594118097414
2024-10-03 22:35:31,124,48.920205531274455
2024-10-03 22:35:32,288,58.25437128888291
2024-10-03 22:35:39,404,65.57203438058872
2024-10-03 22:35:46,281,62.049065615643656
2024-10-03 22:35:48,139,58.74678600180669
2024-10-03 22:35:54,413,56.638735590715655
2024-10-03 22:35:58,191,59.59815656082402
2024-10-03 22:36:01,275,53.408812635466525
2024-10-03 22:36:07,293,55.22444947529293
2024-10-03 22:36:08,121,54.248156606211566
2024-10-03 22:36:14,209,62.87223447423849
2024-10-03 22:36:15,224,59.562951690761324
2024-10-03 22:36:22,113,58.162454594374154
2024-10-03 22:36:23,316,65.1730156045852
2024-10-03 22:36:28,242,58.6817045044933
2024-10-03 22:36:30,196,58.61096093603476
2024-10-03 22:36:37,370,64.00995024042291
2024-10-03 22:36:44,421,58.35135879646043
2024-10-03 22:36:45,7,74.26110427385437
2024-10-03 22:36:51,427,54.566728146506726
2024-10-03 22:36:58,452,60.994188656434076
2024-10-03 22:37:06,410,58.52728274582891
2024-10-03 22:37:08,14,72.81010782032668
2024-10-03 22:37:13,235,59.159850236687994
2024-10-03 22:37:15,176,62.07636513534196
2024-10-03 22:37:22,352,61.119117875184294
2024-10-03 22:37:28,60,71.86723169836128
2024-10-03 22:37:29,394,47.222798752189
2024-10-03 22:37:36,432,54.90091863450555
2024-10-03 22:37:43,130,41.775152979458355
2024-10-03 22:37:44,352,52.98824501575769
2024-10-03 22:37:48,18,96.30736059796963
2024-10-03 22:37:49,484,49.32914405275406
2024-10-03 22:37:55,378,68.76241944741315
2024-10-03 22:38:02,449,51.87706043355954
2024-10-03 22:38:10,374,59.00344343596305
2024-10-03 22:38:18,390,60.151610243745445
2024-10-03 22:38:25,272,50.3621781336579
2024-10-03 22:38:26,174,60.45917478317507
2024-10-03 22:38:33,387,56.760479840157004
2024-10-03 22:38:41,69,83.05316691831177
2024-10-03 22:38:42,375,53.077804072046504
2024-10-03 22:38:45,62,50.372813229130756
2024-10-03 22:38:47,400,50.6605604559888
2024-10-03 22:38:54,107,68.13242314525127
2024-10-03 22:38:55,279,65.34032140000942
2024-10-03 22:39:00,401,52.94918940514223
2024-10-03 22:39:01,74,57.062799050273696
2024-10-03 22:39:08,383,65.36428043832954
2024-10-03 22:39:10,35,66.33945563745183
2024-10-03 22:39:16,406,53.89233850419637
2024-10-03 22:39:22,322,47.684718817863114
2024-10-03 22:39:23,123,56.118238672292584
2024-10-03 22:39:28,219,51.00651164513357
2024-10-03 22:39:30,186,72.05416280912061
2024-10-03 22:39:36,423,57.000015330592284
2024-10-03 22:39:43,457,53.231846810016314
2024-10-03 22:39:49,415,57.470463781945
2024-10-03 22:39:57,414,64.19269846011102
2024-10-03 22:40:03,260,60.20628101625353
2024-10-03 22:40:04,216,49.8894248374327
2024-10-03 22:40:11,417,51.6194145955133
2024-10-03 22:40:14,265,51.72623609014833
2024-10-03 22:40:17,197,38.282472809588036
2024-10-03 22:40:22,156,56.459167186085146
2024-10-03 22:40:24,235,61.429188171840636
2024-10-03 22:40:29,165,56.316529105125454
2024-10-03 22:40:30,255,46.62015765729371
2024-10-03 22:40:35,23,41.90031876299363
2024-10-03 22:40:36,420,55.40185510013995
2024-10-03 22:40:41,106,50.45894293396603
2024-10-03 22:40:42,325,56.551217787558095
2024-10-03 22:40:48,376,58.08397872287291
2024-10-03 22:40:49,43,64.85382639742717
2024-10-03 22:40:56,411,57.270848226623336
2024-10-03 22:41:04,175,60.577667577096776
2024-10-03 22:41:05,274,56.269320920778995
2024-10-03 22:41:11,259,54.44542489748559
2024-10-03 22:41:12,214,56.21441741879539
2024-10-03 22:41:18,54,45.50711069604164
2024-10-03 22:41:19,348,61.235545356051595
2024-10-03 22:41:26,393,59.533085283513685
2024-10-03 22:41:33,455,49.59727118167651
2024-10-03 22:41:39,409,63.83019107925318
2024-10-03 22:41:46,65,53.328611480741735
2024-10-03 22:41:47,353,62.104926947457166
2024-10-03 22:41:55,415,55.462799641256396
2024-10-03 22:42:01,226,50.25883287701995
2024-10-03 22:42:02,221,59.67046913117434
2024-10-03 22:42:07,144,51.525733733413546
2024-10-03 22:42:08,294,65.6153736727651
2024-10-03 22:42:14,156,57.5584326530953
2024-10-03 22:42:16,262,65.311225975868
2024-10-03 22:42:23,388,60.32399977360178
2024-10-03 22:42:27,191,59.76576587801263
2024-10-03 22:42:29,270,44.60810766586865
2024-10-03 22:42:35,283,62.19355980658926
2024-10-03 22:42:36,93,58.36602480643487
2024-10-03 22:42:42,451,54.475397660159025
2024-10-03 22:42:48,323,52.209546277047785
2024-10-03 22:42:49,105,57.79021121659724
2024-10-03 22:42:56,445,62.18721135132441
2024-10-03 22:43:03,276,63.622094487284166
2024-10-03 22:43:04,144,65.27366812831912
2024-10-03 22:43:11,363,60.988233597397354
2024-10-03 22:43:15,43,85.28918971457738
2024-10-03 22:43:17,42,73.10690893617603
2024-10-03 22:43:19,457,45.41031745133738
2024-10-03 22:43:23,195,50.681075584895325
2024-10-03 22:43:25,241,51.235410075329476
2024-10-03 22:43:31,136,58.66002169106602
2024-10-03 22:43:32,287,53.803903462409366
2024-10-03 22:43:37,123,50.93902881862506
2024-10-03 22:43:38,325,50.006306580082956
2024-10-03 22:43:45,82,69.41524645576189
2024-10-03 22:43:46,300,64.82361906150535
2024-10-03 22:43:53,405,60.234828324042944
2024-10-03 22:44:01,306,66.46181282423039
2024-10-03 22:44:02,68,70.79298173141518
2024-10-03 22:44:09,256,64.12975036362054
2024-10-03 22:44:10,109,59.22721867977547
2024-10-03 22:44:17,412,56.53695658388467
2024-10-03 22:44:25,439,55.20643658854769
2024-10-03 22:44:30,402,55.4889172823734
2024-10-03 22:44:32,43,59.840004388984134
2024-10-03 22:44:36,256,56.343937450379734
2024-10-03 22:44:38,184,51.39781609840985
2024-10-03 22:44:45,394,59.66104577571666
2024-10-03 22:44:51,358,65.57072804806623
2024-10-03 22:44:54,68,70.53411978857429
2024-10-03 22:44:57,135,54.74372780919501
2024-10-03 22:44:59,293,49.252466655426154
2024-10-03 22:45:06,438,63.152965349855386
2024-10-03 22:45:13,290,56.19822133579413
2024-10-03 22:45:14,136,52.73816911714307
2024-10-03 22:45:18,374,53.15302982701561
2024-10-03 22:45:19,35,85.08850709094862
2024-10-03 22:45:26,431,56.39853834373297
2024-10-03 22:45:33,413,66.88194339767215
2024-10-03 22:45:42,385,64.41736280451636
2024-10-03 22:45:50,391,61.18059872802095
2024-10-03 22:45:52,30,73.36445735198893
2024-10-03 22:45:56,42,47.22231918813319
2024-10-03 22:45:58,421,51.07529650553746
2024-10-03 22:46:03,258,61.28610328783834
2024-10-03 22:46:05,105,78.1353030354868
2024-10-03 22:46:10,112,49.878401044214705
2024-10-03 22:46:12,336,46.50568268621108
2024-10-03 22:46:17,281,65.64689054701077
2024-10-03 22:46:18,110,67.66531390612312
2024-10-03 22:46:25,324,55.3362582474653
2024-10-03 22:46:26,108,55.0584680997054
2024-10-03 22:46:32,72,55.94236319760776
2024-10-03 22:46:33,361,59.24352810609457
2024-10-03 22:46:40,399,59.820153302542174
2024-10-03 22:46:48,184,61.287311183732605
2024-10-03 22:46:49,198,65.82195970427586
2024-10-03 22:46:55,183,66.84234608940002
2024-10-03 22:46:57,229,50.55945196060536
2024-10-03 22:47:03,453,57.17338144890976
2024-10-03 22:47:10,90,66.9658706731091
2024-10-03 22:47:11,344,54.75919336636094
2024-10-03 22:47:18,118,79.57842263858532
2024-10-03 22:47:19,231,66.85881878288002
2024-10-03 22:47:24,305,55.16348322721967
2024-10-03 22:47:26,148,56.212600590939964
2024-10-03 22:47:32,416,61.46809306500043
2024-10-03 22:47:40,269,62.85186738710103
2024-10-03 22:47:41,145,65.17453197827083
2024-10-03 22:47:48,145,55.24934173863292
2024-10-03 22:47:49,306,54.88416665690939
2024-10-03 22:47:56,62,55.35401384645573
2024-10-03 22:47:57,391,50.086900045746674
2024-10-03 22:48:02,344,58.17363479477133
2024-10-03 22:48:04,68,53.095069619697185
2024-10-03 22:48:10,321,70.84477295470852
2024-10-03 22:48:18,152,69.47388129270814
2024-10-03 22:48:20,221,62.056641242718946
2024-10-03 22:48:25,197,59.44525918669669
2024-10-03 22:48:27,186,60.55656142348525
2024-10-03 22:48:34,338,55.28378121312796
2024-10-03 22:48:35,74,56.90863817219819
2024-10-03 22:48:41,327,63.218151283130325
2024-10-03 22:48:42,123,55.2567961338888
2024-10-03 22:48:49,125,66.12477048262022
2024-10-03 22:48:50,243,54.076988303322516
2024-10-03 22:48:56,318,53.815304883764256
2024-10-03 22:48:58,107,63.93368161616482
2024-10-03 22:49:04,372,64.8040233492018
2024-10-03 22:49:13,419,63.5790939456388
2024-10-03 22:49:20,281,56.51249819446356
2024-10-03 22:49:22,154,66.56421755970837
2024-10-03 22:49:28,492,49.503170230053435
2024-10-03 22:49:34,304,58.898394873681795
2024-10-03 22:49:35,170,51.514799278432626
2024-10-03 22:49:42,241,65.65580918830881
2024-10-03 22:49:43,168,63.830901201668766
2024-10-03 22:49:48,342,52.826209970664536
2024-10-03 22:49:49,95,58.79018160862252
2024-10-03 22:49:56,378,59.09913602793946
2024-10-03 22:49:58,24,66.97718477000672
2024-10-03 22:50:03,42,50.61592625981874
2024-10-03 22:50:04,394,51.501918113393394
2024-10-03 22:50:10,303,56.91879601868975
2024-10-03 22:50:11,118,62.627024725846
2024-10-03 22:50:15,409,52.09182703015731
2024-10-03 22:50:18,39,49.654732875245216
2024-10-03 22:50:23,386,61.26783719590064
2024-10-03 22:50:32,437,57.82890493286624
2024-10-03 22:50:37,108,50.07857004977518
2024-10-03 22:50:40,328,53.378280472321755
2024-10-03 22:50:45,305,62.565124878371584
2024-10-03 22:50:46,80,59.69928681396143
2024-10-03 22:50:53,343,57.79721182049056
2024-10-03 22:50:54,101,59.32596470662527
2024-10-03 22:51:02,386,63.80536117927863
2024-10-03 22:51:09,205,78.37225290961706
2024-10-03 22:51:10,153,72.97536630383537
2024-10-03 22:51:16,230,65.7064812290884
2024-10-03 22:51:17,218,50.70354074605664
2024-10-03 22:51:24,269,57.642065362735835
2024-10-03 22:51:25,168,55.9444757110533
2024-10-03 22:51:32,279,56.28655253935875
2024-10-03 22:51:33,155,48.40791039151889
2024-10-03 22:51:39,398,63.39310361856834
2024-10-03 22:51:47,406,62.490779347170005
2024-10-03 22:51:54,398,58.90584465739235
2024-10-03 22:52:03,425,60.8420450612946
2024-10-03 22:52:11,424,64.67843959247227
2024-10-03 22:52:19,432,59.20693398819284
2024-10-03 22:52:24,21,58.47320759794576
2024-10-03 22:52:26,414,50.49751564574771
2024-10-03 22:52:32,429,59.54573777461431
2024-10-03 22:52:41,422,63.14112566326982
2024-10-03 22:52:46,121,54.24202870473319
2024-10-03 22:52:49,334,48.45122997042741
2024-10-03 22:52:55,351,61.03676484830625
2024-10-03 22:53:02,314,55.81401559963883
2024-10-03 22:53:03,95,53.63686214451374
2024-10-03 22:53:08,29,54.37797431769805
2024-10-03 22:53:09,422,50.53556694879221
2024-10-03 22:53:17,396,63.86792412798632
2024-10-03 22:53:25,382,64.08354955149066
2024-10-03 22:53:32,262,72.42883189813686
2024-10-03 22:53:34,45,67.13627270815374
2024-10-03 22:53:39,55,48.19662095536378
2024-10-03 22:53:41,348,60.40380958000046
2024-10-03 22:53:47,401,57.845980492003115
2024-10-03 22:53:55,102,72.71480626293969
2024-10-03 22:53:57,299,60.92623373737816
2024-10-03 22:54:02,376,46.117638538478126
2024-10-03 22:54:04,108,49.36510264310635
2024-10-03 22:54:09,366,60.68338744188308
2024-10-03 22:54:16,21,78.93789549317387
2024-10-03 22:54:17,377,57.80013156246677
2024-10-03 22:54:23,56,57.16374120430279
2024-10-03 22:54:24,346,60.46907921688903
2024-10-03 22:54:30,220,58.29147224400167
2024-10-03 22:54:31,227,48.94719322060142
2024-10-03 22:54:38,396,61.51768820473704
2024-10-03 22:54:46,104,52.768986510159955
2024-10-03 22:54:49,350,53.254689177385515
2024-10-03 22:54:53,457,48.28508841970749
2024-10-03 22:54:58,368,72.10602868052173
2024-10-03 22:55:06,70,60.64430373879839
2024-10-03 22:55:07,337,58.68804006467195
2024-10-03 22:55:14,373,54.1203849588042
2024-10-03 22:55:15,54,72.8447635059578
2024-10-03 22:55:22,325,55.30145061651256
2024-10-03 22:55:23,117,54.730368125435206
2024-10-03 22:55:30,164,52.065603897609066
2024-10-03 22:55:31,260,58.32854985430831
2024-10-03 22:55:35,146,54.85979576855132
2024-10-03 22:55:36,286,52.929451921587344
2024-10-03 22:55:41,146,64.40860525682105
2024-10-03 22:55:42,307,49.17501353179376
2024-10-03 22:55:50,401,61.08727998037943
2024-10-03 22:55:56,451,58.108219133369495
2024-10-03 22:55:57,5,30.099583585562936
2024-10-03 22:56:04,138,61.2059068070086
2024-10-03 22:56:06,276,59.63745949062924
2024-10-03 22:56:09,208,34.75020956878533
2024-10-03 22:56:11,252,62.63501027662516
2024-10-03 22:56:17,436,59.72550169984636
2024-10-03 22:56:24,399,64.73584051988395
2024-10-03 22:56:32,351,64.02485109163177
2024-10-03 22:56:41,276,59.931008635711834
2024-10-03 22:56:42,132,77.2401982249978
2024-10-03 22:56:48,239,67.90335906988363
2024-10-03 22:56:51,171,55.98019425997873
2024-10-03 22:56:55,319,49.671697159564616
2024-10-03 22:56:57,146,46.099692627009354
2024-10-03 22:57:02,384,58.193463293512416
2024-10-03 22:57:11,421,65.85067303527977
2024-10-03 22:57:19,409,56.808723575128326
2024-10-03 22:57:26,110,75.59061706919132
2024-10-03 22:57:27,234,65.20215258351955
2024-10-03 22:57:34,121,62.60653290738249
2024-10-03 22:57:35,314,46.85380483739982
2024-10-03 22:57:41,387,55.07898770589207
2024-10-03 22:57:42,30,61.1700923369635
2024-10-03 22:57:48,219,63.80538267284277
2024-10-03 22:57:49,185,55.90210703437329
2024-10-03 22:57:57,83,59.90036245527184
2024-10-03 22:57:58,270,62.81440721527147
2024-10-03 22:58:03,331,55.11368629393952
2024-10-03 22:58:04,92,52.158052770762
2024-10-03 22:58:11,370,63.848070164514176
2024-10-03 22:58:19,24,53.44567753730697
2024-10-03 22:58:20,373,56.33014746682956
2024-10-03 22:58:27,396,62.508273432051084
2024-10-03 22:58:34,240,53.491134932503954
2024-10-03 22:58:36,201,57.28380020222629
2024-10-03 22:58:40,379,47.57270723565294
2024-10-03 22:58:41,32,70.48946823649285
2024-10-03 22:58:48,444,57.17925619650354
2024-10-03 22:58:53,236,60.28740318430947
2024-10-03 22:58:54,184,59.96941313601703
2024-10-03 22:59:01,414,64.92846385380177
2024-10-03 22:59:09,375,66.02164028468371
2024-10-03 22:59:17,438,63.04880494602517
2024-10-03 22:59:26,290,58.282268352024225
2024-10-03 22:59:27,125,70.97548975341867
2024-10-03 22:59:32,96,58.67826298370881
2024-10-03 22:59:33,339,55.379520733030624
2024-10-03 22:59:39,100,60.25145672330194
2024-10-03 22:59:40,332,60.19752144173571
2024-10-03 22:59:48,18,50.55630605930716
2024-10-03 22:59:49,331,63.643642209423014
2024-10-03 22:59:54,356,61.24085123333827
2024-10-03 22:59:55,6,45.4727367021066
2024-10-03 23:00:02,268,61.58129921603245
2024-10-03 23:00:03,146,63.552510828214785
2024-10-03 23:00:09,243,46.250732760043014
2024-10-03 23:00:10,187,64.17587512908985
2024-10-03 23:00:17,375,58.48550593672317
2024-10-03 23:00:25,152,56.42750331658737
2024-10-03 23:00:26,283,53.33489072506625
2024-10-03 23:00:32,410,61.42763980802542
2024-10-03 23:00:39,44,64.30341083213175
2024-10-03 23:00:40,268,64.2287966077609
2024-10-03 23:00:46,351,57.21635880852822
2024-10-03 23:00:47,35,56.65116397995049
2024-10-03 23:00:55,367,67.05096672955123
2024-10-03 23:01:02,143,53.026556355959066
2024-10-03 23:01:03,290,61.10179633781378
2024-10-03 23:01:11,205,54.79101350315573
2024-10-03 23:01:12,209,50.101725535643624
2024-10-03 23:01:14,426,44.57747960991502
2024-10-03 23:01:17,35,66.46406091608485
2024-10-03 23:01:22,245,60.86796095401874
2024-10-03 23:01:23,157,65.9030507762538
2024-10-03 23:01:28,233,46.32509281733528
2024-10-03 23:01:29,207,54.42988460022121
2024-10-03 23:01:35,381,55.38401258171487
2024-10-03 23:01:36,16,58.68195866144329
2024-10-03 23:01:44,435,58.92618438075143
2024-10-03 23:01:52,400,66.56955268805196
2024-10-03 23:01:58,71,51.82862068968971
2024-10-03 23:01:59,385,56.54108792866145
2024-10-03 23:02:07,394,59.643333470225734
2024-10-03 23:02:15,412,62.30042827532495
2024-10-03 23:02:20,239,56.603946809394785
2024-10-03 23:02:22,195,49.35752620503615
2024-10-03 23:02:28,385,62.76525959069188
2024-10-03 23:02:37,188,58.61100769530722
2024-10-03 23:02:39,234,66.3680219374759
2024-10-03 23:02:42,263,51.91714354723781
2024-10-03 23:02:44,131,49.28748117118882
2024-10-03 23:02:49,350,63.73206228713602
2024-10-03 23:02:52,82,50.898311347043936
2024-10-03 23:02:58,480,49.61322838070408
2024-10-03 23:03:03,374,58.42113594360394
2024-10-03 23:03:12,363,65.64499894612703
2024-10-03 23:03:20,391,65.17468909754751
2024-10-03 23:03:26,74,56.61713640853547
2024-10-03 23:03:28,327,59.520195223785514
2024-10-03 23:03:35,52,59.5436528296295
2024-10-03 23:03:36,345,66.1706457980085
2024-10-03 23:03:41,196,44.676813764262505
2024-10-03 23:03:43,210,58.82843160394362
2024-10-03 23:03:48,48,73.67900603922847
2024-10-03 23:03:49,320,61.09387030944767
2024-10-03 23:03:55,347,54.60992818913626
2024-10-03 23:03:56,52,52.3052162949414
2024-10-03 23:04:04,403,68.304980400802
2024-10-03 23:04:11,140,59.81510039993961
2024-10-03 23:04:14,296,55.6740949757667
2024-10-03 23:04:19,416,50.6006375943535
2024-10-03 23:04:24,199,56.57465656342608
2024-10-03 23:04:25,260,53.90679823422208
2024-10-03 23:04:29,183,52.02729751225066
2024-10-03 23:04:32,221,63.59749829984878
2024-10-03 23:04:37,348,71.23140522547051
2024-10-03 23:04:46,108,65.40011473013435
2024-10-03 23:04:47,265,62.608647800166295
2024-10-03 23:04:51,408,47.122964593317505
2024-10-03 23:04:53,73,67.51966377428039
2024-10-03 23:05:00,285,62.25745252160225
2024-10-03 23:05:02,158,44.43662786557332
2024-10-03 23:05:06,296,46.3144372779453
2024-10-03 23:05:08,159,57.25181184451132
2024-10-03 23:05:12,438,52.91311334035257
2024-10-03 23:05:14,32,55.27051714179501
2024-10-03 23:05:19,425,57.3350168270856
2024-10-03 23:05:26,134,54.62929605078596
2024-10-03 23:05:28,302,55.54471598996296
2024-10-03 23:05:34,377,63.39931210634814
2024-10-03 23:05:42,356,65.53307954614955
2024-10-03 23:05:51,353,70.53473983620697
2024-10-03 23:05:54,55,62.51000982989253
2024-10-03 23:05:58,463,41.82661492670315
2024-10-03 23:06:00,365,38.005376198615004
2024-10-03 23:06:04,103,46.66866542667286
2024-10-03 23:06:07,362,58.14488410189998
2024-10-03 23:06:10,25,47.26848307082901
2024-10-03 23:06:15,35,50.25224222665774
2024-10-03 23:06:16,402,56.23494332369025
2024-10-03 23:06:23,402,59.602274358116084
2024-10-03 23:06:29,409,56.60720461548236
2024-10-03 23:06:36,411,50.11166864792191
2024-10-03 23:06:41,52,49.508412285296416
2024-10-03 23:06:42,370,51.72790116546468
2024-10-03 23:06:49,410,61.434525429924996
2024-10-03 23:06:56,287,59.22248202529535
2024-10-03 23:06:57,120,54.09685042121178
2024-10-03 23:07:04,412,56.63145844212496
2024-10-03 23:07:11,294,56.76081514441907
2024-10-03 23:07:12,159,54.854579136972916
2024-10-03 23:07:19,435,60.992560443473245
2024-10-03 23:07:27,52,54.26601690468735
2024-10-03 23:07:29,350,58.7049236006568
2024-10-03 23:07:34,439,52.37218729467295
2024-10-03 23:07:41,418,60.397529283789666
2024-10-03 23:07:48,423,57.40636932613072
2024-10-03 23:07:55,227,54.20369259642232
2024-10-03 23:07:56,228,58.787276234619554
2024-10-03 23:08:03,115,71.007693810592
2024-10-03 23:08:04,270,67.5536763855499
2024-10-03 23:08:10,305,56.30681500591288
2024-10-03 23:08:12,112,51.41102968932797
2024-10-03 23:08:17,374,64.38843276492214
2024-10-03 23:08:26,34,49.61649399738776
2024-10-03 23:08:27,379,62.64553744789657
2024-10-03 23:08:33,434,53.28283846547626
2024-10-03 23:08:41,431,62.500673170855244
2024-10-03 23:08:49,345,66.63966195243977
2024-10-03 23:08:55,394,61.75071609162065
2024-10-03 23:08:57,12,74.69465442651013
2024-10-03 23:09:03,408,62.24291159425608
2024-10-03 23:09:11,101,57.148003972936884
2024-10-03 23:09:13,315,58.96905643710232
2024-10-03 23:09:20,444,53.89204605194226
2024-10-03 23:09:24,93,54.5602779963814
2024-10-03 23:09:26,313,56.93668491255426
2024-10-03 23:09:32,187,59.80126438195845
2024-10-03 23:09:33,214,63.42122632328373
2024-10-03 23:09:41,463,47.64608548272213
2024-10-03 23:09:46,295,56.093356334753516
2024-10-03 23:09:47,167,49.68904625839901
2024-10-03 23:09:53,391,60.764199175276005
2024-10-03 23:10:00,394,54.691302777627655
2024-10-03 23:10:07,416,58.28096941004483
2024-10-03 23:10:15,260,60.21689935334092
2024-10-03 23:10:16,167,68.66492091790583
2024-10-03 23:10:21,369,53.795577620996404
2024-10-03 23:10:22,88,63.64488011098453
2024-10-03 23:10:28,382,56.64907272826137
2024-10-03 23:10:29,19,52.30558034026659
2024-10-03 23:10:36,24,63.47277680554848
2024-10-03 23:10:37,382,65.117296895881
2024-10-03 23:10:43,183,54.36325850448867
2024-10-03 23:10:44,259,51.83837928506848
2024-10-03 23:10:50,361,66.89405071636135
2024-10-03 23:10:51,9,70.33319360331616
2024-10-03 23:10:59,382,62.14443721306673
2024-10-03 23:11:05,411,61.24393932025815
2024-10-03 23:11:11,425,47.708186258777964
2024-10-03 23:11:12,30,74.44333348950744
2024-10-03 23:11:18,390,57.07602476086123
2024-10-03 23:11:22,393,50.83070093934502
2024-10-03 23:11:25,19,51.72697169402252
2024-10-03 23:11:31,388,63.71528694099057
2024-10-03 23:11:36,108,52.30147875987842
2024-10-03 23:11:38,324,54.59850073397834
2024-10-03 23:11:45,381,56.60995616525478
2024-10-03 23:11:46,9,102.89953250532605
2024-10-03 23:11:51,246,58.15545629183126
2024-10-03 23:11:53,174,49.41389770324882
2024-10-03 23:11:57,339,49.024663145410386
2024-10-03 23:11:58,97,62.14032328104127
2024-10-03 23:12:04,75,70.20861794915261
2024-10-03 23:12:05,326,59.44949170649976
2024-10-03 23:12:11,434,62.662216620078425
2024-10-03 23:12:19,126,56.044888316346075
2024-10-03 23:12:21,290,66.2948692672474
2024-10-03 23:12:25,311,49.17492556102619
2024-10-03 23:12:28,98,66.89641998186072
2024-10-03 23:12:34,316,56.75682791155713
2024-10-03 23:12:35,95,54.549250225792726
2024-10-03 23:12:41,208,57.547481653435334
2024-10-03 23:12:42,209,59.642140916099386
2024-10-03 23:12:48,280,50.53228477370581
2024-10-03 23:12:49,121,66.06398890689184
2024-10-03 23:12:54,113,51.15490704435172
2024-10-03 23:12:56,301,57.06486916596376
2024-10-03 23:13:02,216,50.98338106769231
2024-10-03 23:13:03,204,56.93743678557975
2024-10-03 23:13:09,405,57.439575889106045
2024-10-03 23:13:16,436,58.07696968789639
2024-10-03 23:13:24,419,66.3928700913742
2024-10-03 23:13:31,398,63.50885312334377
2024-10-03 23:13:39,101,65.722598236116
2024-10-03 23:13:41,245,63.81035514384356
2024-10-03 23:13:47,309,55.897326573684374
2024-10-03 23:13:48,122,65.9509445870714
2024-10-03 23:13:55,11,74.51538081390805
2024-10-03 23:13:56,373,66.36710348177876
2024-10-03 23:14:02,442,51.60577122669146
2024-10-03 23:14:03,19,65.32198870968814
2024-10-03 23:14:09,279,63.56125543757842
2024-10-03 23:14:10,133,57.38768711965459
2024-10-03 23:14:17,331,65.01411118412335
2024-10-03 23:14:18,27,44.56092934844177
2024-10-03 23:14:25,474,49.19212715216886
2024-10-03 23:14:32,113,60.95948557076727
2024-10-03 23:14:33,255,57.68740399770432
2024-10-03 23:14:40,139,60.391902670511996
2024-10-03 23:14:42,261,59.329656240874975
2024-10-03 23:14:48,301,51.490411419979615
2024-10-03 23:14:49,163,52.23233403155886
2024-10-03 23:14:51,165,45.37454598024567
2024-10-03 23:14:55,324,46.47297589300033
2024-10-03 23:14:59,345,60.58172038222044
2024-10-03 23:15:07,111,61.63389869666123
2024-10-03 23:15:10,277,61.638575591361835
2024-10-03 23:15:15,436,54.56573901259793
2024-10-03 23:15:21,54,35.23535726958207
2024-10-03 23:15:24,423,52.70249627963773
2024-10-03 23:15:26,398,49.46198163951531
2024-10-03 23:15:28,38,36.71350673284773
2024-10-03 23:15:33,429,54.970219094959496
2024-10-03 23:15:40,396,62.36159194056814
2024-10-03 23:15:48,367,61.20728812165938
2024-10-03 23:15:51,32,84.3719221733245
2024-10-03 23:15:55,68,47.05588042356278
2024-10-03 23:15:56,367,48.03075234837389
2024-10-03 23:16:02,242,62.257607474844654
2024-10-03 23:16:03,163,71.69206453034961
2024-10-03 23:16:10,293,71.0513473773394
2024-10-03 23:16:11,41,76.6545515785532
2024-10-03 23:16:18,343,61.14913885770516
2024-10-03 23:16:20,60,60.85756640410081
2024-10-03 23:16:23,418,49.658934711595364
2024-10-03 23:16:25,31,72.47026072050922
2024-10-03 23:16:32,427,59.969232234485354
2024-10-03 23:16:40,341,62.625534704476884
2024-10-03 23:16:41,74,49.50088800088473
2024-10-03 23:16:46,109,57.65097686008663
2024-10-03 23:16:47,338,51.45220545291884
2024-10-03 23:16:53,313,54.113947295334846
2024-10-03 23:16:54,117,64.49031589178696
2024-10-03 23:17:01,53,60.49031170241041
2024-10-03 23:17:03,346,60.725742348594444
2024-10-03 23:17:09,391,53.41340966858945
2024-10-03 23:17:10,27,74.01329284761354
2024-10-03 23:17:16,237,63.749302655059964
2024-10-03 23:17:18,146,58.0710113154798
2024-10-03 23:17:23,219,51.8185351313389
2024-10-03 23:17:25,255,48.227264941505084
2024-10-03 23:17:31,236,63.20964807731912
2024-10-03 23:17:32,221,50.10528179703167
2024-10-03 23:17:36,100,55.20306663086249
2024-10-03 23:17:38,357,53.780597794995714
2024-10-03 23:17:44,399,66.10951517319488
2024-10-03 23:17:52,367,61.457626619285485
2024-10-03 23:18:00,198,69.75425287262419
2024-10-03 23:18:01,181,55.33711044833268
2024-10-03 23:18:08,451,57.31411138128958
2024-10-03 23:18:15,266,58.149716088320005
2024-10-03 23:18:16,157,56.490655182956424
2024-10-03 23:18:21,21,57.83180217733356
2024-10-03 23:18:22,355,57.998316278978386
2024-10-03 23:18:28,431,58.283737490230344
2024-10-03 23:18:35,281,64.75442207457566
2024-10-03 23:18:37,118,68.88721142969514
2024-10-03 23:18:43,108,56.54503121587687
2024-10-03 23:18:44,322,50.917565325430886
2024-10-03 23:18:51,427,57.621782544315
2024-10-03 23:18:52,10,49.22855250956821
2024-10-03 23:18:59,64,66.11484202098862
2024-10-03 23:19:00,334,62.91948011525675
2024-10-03 23:19:07,421,56.62455561820805
2024-10-03 23:19:15,373,65.01926116683191
2024-10-03 23:19:23,398,64.05555623146071
2024-10-03 23:19:31,419,61.90498909322778
2024-10-03 23:19:39,285,56.90116240029576
2024-10-03 23:19:40,142,56.894194157250304
2024-10-03 23:19:44,221,49.21024723980236
2024-10-03 23:19:46,218,45.386799900652505
2024-10-03 23:19:53,398,60.36352591145991
2024-10-03 23:20:01,97,73.17365363848094
2024-10-03 23:20:02,283,55.15503501012693
2024-10-03 23:20:06,367,47.47076515279653
2024-10-03 23:20:08,70,61.48901386428577
2024-10-03 23:20:14,279,65.94549455418758
2024-10-03 23:20:15,99,58.828789236133915
2024-10-03 23:20:21,119,54.745530213444894
2024-10-03 23:20:22,271,60.08470613842649
2024-10-03 23:20:30,395,60.47150811678575
2024-10-03 23:20:31,17,103.31524839028428
2024-10-03 23:20:37,26,68.35758443205835
2024-10-03 23:20:38,383,62.15553172432533
2024-10-03 23:20:45,56,67.75552261177957
2024-10-03 23:20:46,364,60.138847380762314
2024-10-03 23:20:53,61,59.80050073033149
2024-10-03 23:20:54,391,57.528034832955875
2024-10-03 23:21:00,230,50.598881363732
2024-10-03 23:21:01,203,69.1189010575003
2024-10-03 23:21:08,409,65.44966461735532
2024-10-03 23:21:15,170,72.49481960564678
2024-10-03 23:21:16,240,62.87466523398778
2024-10-03 23:21:24,423,60.15028455565818
2024-10-03 23:21:31,417,62.483322050862675
2024-10-03 23:21:38,171,67.91907553167509
2024-10-03 23:21:39,226,59.88084107578717
2024-10-03 23:21:47,347,68.96662100447027
2024-10-03 23:21:54,129,70.98561640714324
2024-10-03 23:21:55,299,54.98352914956931
2024-10-03 23:22:03,424,64.45974805934328
2024-10-03 23:22:09,155,64.46811036753542
2024-10-03 23:22:10,279,61.81035744606266
2024-10-03 23:22:17,375,64.89324358342559
2024-10-03 23:22:25,458,56.15773623740205
2024-10-03 23:22:31,209,56.74834921721568
2024-10-03 23:22:32,228,62.03865475572042
2024-10-03 23:22:40,23,76.49640830342297
2024-10-03 23:22:42,326,68.5250294173606
2024-10-03 23:22:46,346,54.54092431854831
2024-10-03 23:22:48,53,46.45909950926155
2024-10-03 23:22:53,421,61.04038320723047
2024-10-03 23:22:55,11,75.46699094281692
2024-10-03 23:23:02,420,53.27307079337788
2024-10-03 23:23:06,182,73.3111948767546
2024-10-03 23:23:08,190,51.72252973007546
2024-10-03 23:23:14,367,63.126619520289104
2024-10-03 23:23:22,210,57.50062362393744
2024-10-03 23:23:23,199,62.673063461506025
2024-10-03 23:23:30,170,66.60175343019586
2024-10-03 23:23:32,236,59.62044038358216
2024-10-03 23:23:38,339,56.209816830321465
2024-10-03 23:23:39,67,66.55887095388016
2024-10-03 23:23:44,91,74.35201087051273
2024-10-03 23:23:45,352,49.10594942022838
2024-10-03 23:23:50,228,60.439663027502235
2024-10-03 23:23:52,189,50.744401087437474
2024-10-03 23:23:56,226,54.12903861816011
2024-10-03 23:23:59,260,43.93300462421153
2024-10-03 23:24:04,262,60.22766662588762
2024-10-03 23:24:06,175,55.65460935503064
2024-10-03 23:24:12,231,50.38498098034003
2024-10-03 23:24:14,251,49.33913672438738
2024-10-03 23:24:16,283,46.68305798507388
2024-10-03 23:24:17,159,47.89670100879074
2024-10-03 23:24:23,465,56.836134951927825
2024-10-03 23:24:30,213,51.17278483085511
2024-10-03 23:24:31,216,53.0679391788694
2024-10-03 23:24:35,181,38.7107436240155
2024-10-03 23:24:37,262,52.32102424747389
2024-10-03 23:24:42,347,70.70226651806031
2024-10-03 23:24:43,91,52.06104017958318
2024-10-03 23:24:50,430,56.33021116149638
2024-10-03 23:24:58,303,65.8784328921899
2024-10-03 23:25:06,429,58.75011108365399
2024-10-03 23:25:13,384,60.575867163253086
2024-10-03 23:25:14,53,64.663392985198
2024-10-03 23:25:19,373,47.544203284339346
2024-10-03 23:25:21,113,53.803156605707365
2024-10-03 23:25:27,65,58.7509592296364
2024-10-03 23:25:29,332,65.6603228929971
2024-10-03 23:25:34,131,57.22038763277587
2024-10-03 23:25:36,276,51.134757762695536
2024-10-03 23:25:41,249,62.35942375833613
2024-10-03 23:25:42,152,58.70894569772937
2024-10-03 23:25:49,390,57.554211468796225
2024-10-03 23:25:58,299,67.18582293902004
2024-10-03 23:26:00,73,58.719369164132445
2024-10-03 23:26:03,314,46.93933565017368
2024-10-03 23:26:06,118,65.87003694095259
2024-10-03 23:26:11,216,64.92200637755269
2024-10-03 23:26:12,172,68.21089538990783
2024-10-03 23:26:19,273,54.14025034793689
2024-10-03 23:26:21,167,60.17904296763044
2024-10-03 23:26:24,188,55.30573050693125
2024-10-03 23:26:26,191,52.67473979755929
2024-10-03 23:26:30,431,51.30418902269754
2024-10-03 23:26:36,56,42.729178466551595
2024-10-03 23:26:37,358,52.99757889519746
2024-10-03 23:26:42,156,45.03308026748719
2024-10-03 23:26:43,287,57.647137556977576
2024-10-03 23:26:48,79,48.67538737402539
2024-10-03 23:26:50,346,54.84689421620119
2024-10-03 23:26:54,290,52.098107516107135
2024-10-03 23:26:55,174,44.39045824536488
2024-10-03 23:26:59,452,47.945061241476516
2024-10-03 23:27:02,25,49.72659420090196
2024-10-03 23:27:03,387,53.75570952397549
2024-10-03 23:27:09,81,65.89391745400495
2024-10-03 23:27:10,312,53.265898785449224
2024-10-03 23:27:14,433,43.34998260401832
2024-10-03 23:27:16,371,41.59082491412453
2024-10-03 23:27:17,98,32.76303590566435
2024-10-03 23:27:19,463,43.58900342580312
2024-10-03 23:27:21,327,44.677136980581075
2024-10-03 23:27:22,122,39.66132848102951
2024-10-03 23:27:23,39,47.25002750496555
2024-10-03 23:27:24,677,43.58892158463349
2024-10-03 23:27:25,211,47.644689451580504
2024-10-03 23:27:27,421,48.150774324863015
2024-10-03 23:27:31,391,45.053573267841855
2024-10-03 23:27:35,200,54.31558202063047
2024-10-03 23:27:36,171,47.418064075951925
2024-10-03 23:27:39,287,49.24508328978934
2024-10-03 23:27:40,124,41.59808562072706
2024-10-03 23:27:44,388,45.616924716593815
2024-10-03 23:27:48,279,51.58301930546079
2024-10-03 23:27:49,93,39.65438278734954
2024-10-03 23:27:51,177,43.54382667261908
2024-10-03 23:27:53,214,48.3808807041848
2024-10-03 23:27:57,396,55.190282439530485
2024-10-03 23:28:01,299,56.3566234294423
2024-10-03 23:28:02,45,64.0461570440911
2024-10-03 23:28:07,132,51.664777374132434
2024-10-03 23:28:08,237,57.63325552106425
2024-10-03 23:28:15,371,63.909936078665055
2024-10-03 23:28:21,417,53.615797732060884
2024-10-03 23:28:27,111,67.63913154888253
2024-10-03 23:28:28,267,56.817983096772785
2024-10-03 23:28:34,117,60.918792291755196
2024-10-03 23:28:36,260,59.73191691602575
2024-10-03 23:28:42,422,51.854834655046595
2024-10-03 23:28:48,306,63.87415469733208
2024-10-03 23:28:49,66,61.366106331947314
2024-10-03 23:28:55,349,64.0026352646018
2024-10-03 23:29:04,328,67.00418513416739
2024-10-03 23:29:11,380,59.283278761909436
2024-10-03 23:29:18,65,56.24634240191943
2024-10-03 23:29:20,291,63.91219667204147
2024-10-03 23:29:26,338,73.60591347173981
2024-10-03 23:29:27,25,58.8365047908831
2024-10-03 23:29:34,53,60.992618789595426
2024-10-03 23:29:35,232,78.15683786749439
2024-10-03 23:29:42,408,65.09642901174996
2024-10-03 23:29:49,185,67.2125792210215
2024-10-03 23:29:52,221,63.18904351536094
2024-10-03 23:29:57,177,46.00919614526214
2024-10-03 23:29:58,270,54.733375269444814
2024-10-03 23:30:04,424,58.14902836266614
2024-10-03 23:30:11,421,55.37614199246849
2024-10-03 23:30:18,137,69.37955243260636
2024-10-03 23:30:19,282,52.05569024234443
2024-10-03 23:30:24,271,39.09869536373455
2024-10-03 23:30:26,198,53.208794072375184
2024-10-03 23:30:31,349,60.75096233878947
2024-10-03 23:30:32,99,49.79878448090746
2024-10-03 23:30:40,219,63.696550782097745
2024-10-03 23:30:41,154,67.37358602720347
2024-10-03 23:30:48,416,55.61831070302947
2024-10-03 23:30:54,262,50.65822997796235
2024-10-03 23:30:55,176,62.92105095745378
2024-10-03 23:31:00,452,56.009083119663146
2024-10-03 23:31:08,121,53.730856883952335
2024-10-03 23:31:09,326,57.119391255322604
2024-10-03 23:31:13,13,34.54211149096552
2024-10-03 23:31:15,476,48.74429935792836
2024-10-03 23:31:20,136,65.71234409804644
2024-10-03 23:31:21,509,29.52070951383506
2024-10-03 23:31:26,265,56.48995088325918
2024-10-03 23:31:28,173,42.43134748504934
2024-10-03 23:31:29,397,55.40618422593432
2024-10-03 23:31:36,375,62.67818232178836
2024-10-03 23:31:43,34,46.351953404361666
2024-10-03 23:31:44,391,59.80462705442116
2024-10-03 23:31:51,9,78.02229091205872
2024-10-03 23:31:52,428,57.78084404171648
2024-10-03 23:32:00,406,62.709467407262665
2024-10-03 23:32:06,200,50.181664943385016
2024-10-03 23:32:07,212,58.20231870103821
2024-10-03 23:32:14,260,52.113488188061616
2024-10-03 23:32:15,177,61.92415866890271
2024-10-03 23:32:21,60,74.88885293833889
2024-10-03 23:32:22,373,63.880440161465046
2024-10-03 23:32:29,47,58.401533224486975
2024-10-03 23:32:30,385,56.15457833508417
2024-10-03 23:32:36,261,58.58663694277991
2024-10-03 23:32:37,199,51.63019669085747
2024-10-03 23:32:45,388,58.62584186716548
2024-10-03 23:32:52,71,48.90751146485968
2024-10-03 23:32:53,340,70.47777173789093
2024-10-03 23:33:00,407,64.25574850195618
2024-10-03 23:33:08,350,62.90016726496708
2024-10-03 23:33:15,411,57.33105913109708
2024-10-03 23:33:21,339,56.93439829976641
2024-10-03 23:33:23,85,64.79300787860241
2024-10-03 23:33:29,229,61.939489802289195
2024-10-03 23:33:31,129,55.49838898187101
2024-10-03 23:33:37,125,70.53447441179506
2024-10-03 23:33:38,296,52.99566791153477
2024-10-03 23:33:45,404,64.38356551041554
2024-10-03 23:33:53,367,70.28102461212508
2024-10-03 23:34:01,387,58.09150406978197
2024-10-03 23:34:08,395,64.06290044320949
2024-10-03 23:34:16,189,68.33170520111301
2024-10-03 23:34:17,194,60.75181898457101
2024-10-03 23:34:24,387,59.685083263832496
2024-10-03 23:34:30,18,93.4663049357278
2024-10-03 23:34:32,338,54.814404996951794
2024-10-03 23:34:39,391,61.65780029707879
2024-10-03 23:34:47,363,57.89610653321514
2024-10-03 23:34:54,388,50.73792579313269
2024-10-03 23:34:56,53,72.03039569486077
2024-10-03 23:35:01,157,43.72194474434516
2024-10-03 23:35:02,284,50.049633180715006
2024-10-03 23:35:05,418,44.48701316973614
2024-10-03 23:35:06,476,41.74611568405344
2024-10-03 23:35:09,16,56.41431454339829
2024-10-03 23:35:13,219,66.36948653012257
2024-10-03 23:35:15,143,68.6226838797072
2024-10-03 23:35:21,118,38.96125635981581
2024-10-03 23:35:22,317,59.50836785016519
2024-10-03 23:35:27,24,42.781110952209474
2024-10-03 23:35:28,390,59.265284191594496
2024-10-03 23:35:35,225,61.580878338794896
2024-10-03 23:35:36,142,66.6912646171236
2024-10-03 23:35:43,112,71.46774551019033
2024-10-03 23:35:46,277,60.78097880574954
2024-10-03 23:35:50,82,40.185609244407416
2024-10-03 23:35:52,347,50.5021229780532
2024-10-03 23:35:56,8,93.28242484806658
2024-10-03 23:35:57,436,55.15195653343283
2024-10-03 23:36:02,280,46.165894532332246
2024-10-03 23:36:04,155,57.55420743511387
2024-10-03 23:36:09,392,60.81239342193766
2024-10-03 23:36:17,386,60.22669499500697
2024-10-03 23:36:24,387,55.69485004042983
2024-10-03 23:36:32,403,59.897399308202026
2024-10-03 23:36:40,415,64.71636955976001
2024-10-03 23:36:47,89,52.17434761536263
2024-10-03 23:36:48,287,65.87076358678225
2024-10-03 23:36:54,306,59.31953491899639
2024-10-03 23:36:55,61,42.00093964637118
2024-10-03 23:37:02,370,61.90810033991029
2024-10-03 23:37:04,55,51.72973369998624
2024-10-03 23:37:10,361,57.80884676466908
2024-10-03 23:37:11,66,63.54502562265145
2024-10-03 23:37:16,58,73.941593577504
2024-10-03 23:37:18,330,54.18184318426311
2024-10-03 23:37:24,160,67.65097272941954
2024-10-03 23:37:25,177,66.04883449651987
2024-10-03 23:37:32,374,62.31568738495906
2024-10-03 23:37:39,331,58.46770694520454
2024-10-03 23:37:41,41,71.66330163581918
2024-10-03 23:37:46,421,52.161043578063016
2024-10-03 23:37:47,8,75.58383572018192
2024-10-03 23:37:53,421,62.04530008527736
2024-10-03 23:38:00,431,54.82625066256233
2024-10-03 23:38:07,304,58.63941235419802
2024-10-03 23:38:08,131,53.14815391809802
2024-10-03 23:38:15,343,55.609607444886926
2024-10-03 23:38:16,61,58.847756781033745
2024-10-03 23:38:20,247,50.32132315472347
2024-10-03 23:38:21,166,50.88012395776974
2024-10-03 23:38:28,282,71.06178516079098
2024-10-03 23:38:29,15,54.55169021356712
2024-10-03 23:38:36,24,80.06508842617211
2024-10-03 23:38:37,381,59.82155893709589
2024-10-03 23:38:43,163,55.755521088149166
2024-10-03 23:38:45,262,55.27977176621967
2024-10-03 23:38:52,388,62.17628729581784
2024-10-03 23:38:59,56,70.68155403725474
2024-10-03 23:39:00,335,66.3048266871805
2024-10-03 23:39:07,72,63.26573120801356
2024-10-03 23:39:09,320,57.98633926625022
2024-10-03 23:39:13,237,51.38283580749455
2024-10-03 23:39:14,193,52.44310696695238
2024-10-03 23:39:21,420,59.88505249174355
2024-10-03 23:39:23,10,52.73465404653193
2024-10-03 23:39:28,400,58.528919287280225
2024-10-03 23:39:30,12,74.11130438661407
2024-10-03 23:39:36,78,76.43665269290872
2024-10-03 23:39:38,229,64.63186075260023
2024-10-03 23:39:42,367,51.07928312267325
2024-10-03 23:39:43,85,58.88519218224196
2024-10-03 23:39:49,190,63.504151720958056
2024-10-03 23:39:50,217,56.979296763844864
2024-10-03 23:39:56,396,57.23456366874553
2024-10-03 23:39:57,42,56.5409267932093
2024-10-03 23:40:04,29,56.267028293526224
2024-10-03 23:40:05,336,65.46755570101031
2024-10-03 23:40:11,398,59.15687287190381
2024-10-03 23:40:18,27,76.29363890771516
2024-10-03 23:40:19,412,58.61731538459348
2024-10-03 23:40:26,463,48.92405595010421
2024-10-03 23:40:32,289,56.17472032391682
2024-10-03 23:40:34,146,48.40489472530547
2024-10-03 23:40:39,358,53.0044805506629
2024-10-03 23:40:40,87,47.69056459553021
2024-10-03 23:40:46,45,63.133011567000274
2024-10-03 23:40:47,340,63.60594737558611
2024-10-03 23:40:52,370,56.3420154181407
2024-10-03 23:40:53,75,50.654023029319454
2024-10-03 23:41:00,366,58.451460409437544
2024-10-03 23:41:08,394,61.22784566153236
2024-10-03 23:41:16,142,50.154802930637324
2024-10-03 23:41:18,262,61.311885744591436
2024-10-03 23:41:24,313,48.46264235124362
2024-10-03 23:41:25,133,49.864775274500325
2024-10-03 23:41:30,442,55.98040955797097
2024-10-03 23:41:37,11,61.8187508950912
2024-10-03 23:41:38,384,63.509979375895504
2024-10-03 23:41:43,402,56.86268427204887
2024-10-03 23:41:50,207,63.61936914650513
2024-10-03 23:41:51,190,58.549994675681255
2024-10-03 23:41:58,373,57.80984750723778
2024-10-03 23:42:06,410,59.44765756906107
2024-10-03 23:42:12,235,54.3376759185637
2024-10-03 23:42:13,213,52.37411316506395
2024-10-03 23:42:18,340,51.526290361977935
2024-10-03 23:42:19,89,52.14778059192003
2024-10-03 23:42:25,421,54.79379178679432
2024-10-03 23:42:33,44,56.68939429691522
2024-10-03 23:42:34,362,57.186363710202066
2024-10-03 23:42:39,11,61.189447144140175
2024-10-03 23:42:41,411,51.404575173796054
2024-10-03 23:42:47,397,58.63839078090303
2024-10-03 23:42:52,82,47.240716241353944
2024-10-03 23:42:54,365,46.273332870057985
2024-10-03 23:43:00,77,54.628730102056664
2024-10-03 23:43:01,279,64.53209399024955
2024-10-03 23:43:06,331,55.5574086160459
2024-10-03 23:43:07,93,47.103531207202735
2024-10-03 23:43:14,324,60.34581912833784
2024-10-03 23:43:15,121,38.51654854074904
2024-10-03 23:43:20,133,61.366345853266544
2024-10-03 23:43:21,295,47.881707733439235
2024-10-03 23:43:27,212,65.0577000631621
2024-10-03 23:43:28,205,59.36108986402651
2024-10-03 23:43:35,383,65.57788356964971
2024-10-03 23:43:43,288,63.309674844899064
2024-10-03 23:43:45,31,59.09273997175278
2024-10-03 23:43:51,48,46.59158579153996
2024-10-03 23:43:52,392,54.543538671818446
2024-10-03 23:43:58,425,55.72454746469352
2024-10-03 23:44:05,394,60.12920343549904
2024-10-03 23:44:12,425,58.63283433689059
2024-10-03 23:44:20,386,59.15582689342879
2024-10-03 23:44:28,348,69.74106462169908
2024-10-03 23:44:36,47,54.342026268682496
2024-10-03 23:44:38,348,64.7203224669262
2024-10-03 23:44:44,456,56.708603836361505
2024-10-03 23:44:49,30,57.56795265160644
2024-10-03 23:44:50,388,55.434921651164856
2024-10-03 23:44:56,74,55.53200660365362
2024-10-03 23:44:59,304,62.17772435865102
2024-10-03 23:45:04,422,46.726075362494846
2024-10-03 23:45:05,47,55.2210573016985
2024-10-03 23:45:10,441,56.69402329796373
2024-10-03 23:45:16,328,71.29399072424096
2024-10-03 23:45:24,281,57.70764027219811
2024-10-03 23:45:25,126,60.10595206303891
2024-10-03 23:45:32,170,55.28553593317778
2024-10-03 23:45:33,279,56.36683426357544
2024-10-03 23:45:38,161,56.40547004753718
2024-10-03 23:45:39,273,56.92887218007369
2024-10-03 23:45:46,391,65.08589156190114
2024-10-03 23:45:54,39,62.0848681433761
2024-10-03 23:45:56,351,63.01238166193827
2024-10-03 23:46:02,78,57.110738049125466
2024-10-03 23:46:03,362,57.06796684917787
2024-10-03 23:46:08,374,47.21505769266815
2024-10-03 23:46:09,112,49.503166616061186
2024-10-03 23:46:15,431,55.67544153692216
2024-10-03 23:46:22,446,51.148620019842504
2024-10-03 23:46:23,25,64.24976932226781
2024-10-03 23:46:31,432,58.023112389855015
2024-10-03 23:46:36,136,59.10336767648824
2024-10-03 23:46:39,295,49.08345813175109
2024-10-03 23:46:44,216,62.98733755962366
2024-10-03 23:46:47,192,62.39978869807327
2024-10-03 23:46:51,152,63.882911532291985
2024-10-03 23:46:53,248,53.068365793638094
2024-10-03 23:46:59,385,62.68188586413313
2024-10-03 23:47:07,175,63.42520467093974
2024-10-03 23:47:10,211,50.14183847884007
2024-10-03 23:47:13,212,47.435414759955776
2024-10-03 23:47:15,230,51.56528197403029
2024-10-03 23:47:21,130,63.69591081753235
2024-10-03 23:47:22,249,58.60521100246098
2024-10-03 23:47:29,106,62.73949967379651
2024-10-03 23:47:30,358,54.75851267844539
2024-10-03 23:47:36,435,59.78694431314925
2024-10-03 23:47:43,256,64.25546121793758
2024-10-03 23:47:45,155,53.05133737197344
2024-10-03 23:47:49,125,46.928941405406746
2024-10-03 23:47:50,278,53.28462818456203
2024-10-03 23:47:56,236,62.67221431148884
2024-10-03 23:47:57,166,58.72369870588635
2024-10-03 23:48:04,410,60.4591601741354
2024-10-03 23:48:12,212,56.23849032156699
2024-10-03 23:48:13,202,66.3841025978895
2024-10-03 23:48:18,240,59.90018140352632
2024-10-03 23:48:20,145,60.24045603176421
2024-10-03 23:48:26,389,66.50425445173623
2024-10-03 23:48:34,149,61.54066149286828
2024-10-03 23:48:35,289,54.34486403169395
2024-10-03 23:48:42,179,56.52766331751679
2024-10-03 23:48:44,200,70.99150497907071
2024-10-03 23:48:50,57,65.50354963162357
2024-10-03 23:48:51,394,51.98605717092325
2024-10-03 23:48:55,171,47.38269224309981
2024-10-03 23:48:57,296,55.545758867400885
2024-10-03 23:49:02,141,54.62779370126405
2024-10-03 23:49:03,268,67.646684198636
2024-10-03 23:49:11,333,66.62539492896397
2024-10-03 23:49:18,272,60.64612180165568
2024-10-03 23:49:21,143,75.64835989497811
2024-10-03 23:49:24,181,59.86276479693882
2024-10-03 23:49:26,259,49.60807002344225
2024-10-03 23:49:32,382,60.63023844506717
2024-10-03 23:49:41,413,63.36445155614069
2024-10-03 23:49:48,441,55.575388394757205
2024-10-03 23:49:56,309,61.70003121006395
2024-10-03 23:49:57,101,50.00718041169488
2024-10-03 23:50:04,84,70.88790807296425
2024-10-03 23:50:05,294,64.52493844708295
2024-10-03 23:50:12,316,56.237530480080096
2024-10-03 23:50:13,116,52.017217342173105
2024-10-03 23:50:20,339,59.55767722770504
2024-10-03 23:50:28,317,57.40862901638467
2024-10-03 23:50:29,139,64.40241521681713
2024-10-03 23:50:35,349,61.45926919963908
2024-10-03 23:50:36,74,57.46151641372966
2024-10-03 23:50:43,358,51.30381002776932
2024-10-03 23:50:44,54,47.95146810511471
2024-10-03 23:50:50,392,51.23598743913962
2024-10-03 23:50:52,92,47.61601425664088
2024-10-03 23:50:55,282,42.95080318724443
2024-10-03 23:50:57,190,56.523282687868225
2024-10-03 23:51:02,158,52.57856958504377
2024-10-03 23:51:03,216,60.16720772792964
2024-10-03 23:51:09,185,51.79542184952065
2024-10-03 23:51:10,249,62.172032080652244
2024-10-03 23:51:16,15,33.3822191351111
2024-10-03 23:51:18,380,61.46072282977745
2024-10-03 23:51:25,9,80.35620684504744
2024-10-03 23:51:26,398,59.882575200705965
2024-10-03 23:51:32,412,55.33133458707692
2024-10-03 23:51:40,410,58.28473727258342
2024-10-03 23:51:47,159,65.13536072866657
2024-10-03 23:51:48,198,53.16293876566921
2024-10-03 23:51:55,271,51.593755465010645
2024-10-03 23:51:56,162,57.173149317511296
2024-10-03 23:52:02,368,58.96645308199511
2024-10-03 23:52:03,61,75.28939425000485
2024-10-03 23:52:09,119,53.2763656852485
2024-10-03 23:52:10,311,53.759109553781116
2024-10-03 23:52:17,460,54.66582795956281
2024-10-03 23:52:23,231,53.32842642701506
2024-10-03 23:52:25,172,61.3375273398882
2024-10-03 23:52:31,52,49.28686624849797
2024-10-03 23:52:32,300,75.1012472115273
2024-10-03 23:52:39,49,56.66726900043335
2024-10-03 23:52:40,374,59.39210465731806
2024-10-03 23:52:46,437,57.53290861390307
2024-10-03 23:52:54,407,63.27334588517714
2024-10-03 23:53:02,422,64.58476866301953
2024-10-03 23:53:10,376,63.92363717553055
2024-10-03 23:53:18,36,64.97805650895663
2024-10-03 23:53:19,386,57.7803521093585
2024-10-03 23:53:26,26,68.4539188815663
2024-10-03 23:53:27,385,61.11174928575227
2024-10-03 23:53:34,309,57.501007306603
2024-10-03 23:53:35,93,68.75887928650596
2024-10-03 23:53:41,426,50.90592500176029
2024-10-03 23:53:48,446,51.23146530345516
2024-10-03 23:53:51,276,47.72015481946461
2024-10-03 23:53:53,192,58.64493413616504
2024-10-03 23:53:59,437,55.245474449582346
2024-10-03 23:54:05,43,57.887271575229796
2024-10-03 23:54:06,401,51.2630206685912
2024-10-03 23:54:14,417,58.001689807829976
2024-10-03 23:54:21,375,58.10961774623088
2024-10-03 23:54:22,13,39.48906482956984
2024-10-03 23:54:29,60,87.68514435659355
2024-10-03 23:54:30,375,55.53041049492952
2024-10-03 23:54:35,412,55.57105868968531
2024-10-03 23:54:36,36,51.06492094064154
2024-10-03 23:54:41,264,51.87111194609683
2024-10-03 23:54:43,142,51.780340229087614
2024-10-03 23:54:50,208,56.13023182634029
2024-10-03 23:54:51,266,54.66559955553678
2024-10-03 23:54:56,279,48.51503704523135
2024-10-03 23:54:57,158,64.6529911950779
2024-10-03 23:55:04,368,61.96989790694217
2024-10-03 23:55:13,405,62.05504687638996
2024-10-03 23:55:19,53,55.40565753969379
2024-10-03 23:55:20,363,50.598889787253775
2024-10-03 23:55:28,348,68.34547062398073
2024-10-03 23:55:36,365,70.6252956496995
2024-10-03 23:55:42,324,53.751004254605945
2024-10-03 23:55:43,93,44.02604408588441
2024-10-03 23:55:49,97,53.543304822215035
2024-10-03 23:55:51,301,63.750655828685396
2024-10-03 23:55:56,351,53.72841941069364
2024-10-03 23:55:57,50,48.84879629244922
2024-10-03 23:56:02,398,57.29255346234241
2024-10-03 23:56:04,25,42.77963601939198
2024-10-03 23:56:09,56,58.36907824467123
2024-10-03 23:56:10,367,61.9114483147845
2024-10-03 23:56:17,81,57.090208432087586
2024-10-03 23:56:18,302,60.22050640693339
2024-10-03 23:56:23,268,53.31861260688
2024-10-03 23:56:24,171,52.97857284636683
2024-10-03 23:56:30,394,63.531286379389755
2024-10-03 23:56:31,5,84.55667775784184
2024-10-03 23:56:38,367,66.05050914597956
2024-10-03 23:56:40,48,87.01323359306802
2024-10-03 23:56:46,397,59.31417404087666
2024-10-03 23:56:54,42,66.88007640742461
2024-10-03 23:56:55,328,62.11761268116845
2024-10-03 23:57:01,414,54.27480635727859
2024-10-03 23:57:10,361,67.24731855025274
2024-10-03 23:57:17,232,62.73240948199823
2024-10-03 23:57:19,167,60.23926243214837
2024-10-03 23:57:26,236,54.82928969486744
2024-10-03 23:57:28,207,55.17594764304139
2024-10-03 23:57:31,400,51.94092592920825
2024-10-03 23:57:33,32,49.51625503770322
2024-10-03 23:57:39,401,62.883340125449045
2024-10-03 23:57:47,393,61.91199991425071
2024-10-03 23:57:55,385,73.20573959930582
2024-10-03 23:58:03,164,59.82531402361558
2024-10-03 23:58:05,216,56.696602392907515
2024-10-03 23:58:11,396,59.908887206976885
2024-10-03 23:58:18,247,60.01516547835436
2024-10-03 23:58:19,125,71.77550542940659
2024-10-03 23:58:25,203,48.565295673115514
2024-10-03 23:58:26,239,54.201059499944655
2024-10-03 23:58:33,85,58.823563223181814
2024-10-03 23:58:34,314,56.383081000841756
2024-10-03 23:58:41,245,52.412338675791
2024-10-03 23:58:42,158,55.35709927161274
2024-10-03 23:58:48,449,56.21068373680077
2024-10-03 23:58:54,50,45.1994139418151
2024-10-03 23:58:56,420,49.25672624070123
2024-10-03 23:59:01,402,59.7859688481654
2024-10-03 23:59:08,176,66.29449506942001
2024-10-03 23:59:09,236,62.006723404612885
2024-10-03 23:59:15,408,58.58062259575501
2024-10-03 23:59:24,403,64.53687581757035
2024-10-03 23:59:29,94,51.16678487980738
2024-10-03 23:59:32,325,52.68124218739781
2024-10-03 23:59:38,359,61.51637528019554
2024-10-03 23:59:46,448,57.80415043559602
